arrival_load,policy_id,arrival_rate_tasks_per_s,trials,completed_trials,incomplete_trials,mean_mission_elapsed_success_s,mean_release_to_completion_success_s,mean_agx_allocator_processor_work_s,mean_allocator_calls,mean_allocation_epochs,mean_timeout_epochs,mean_terminal_residual_tasks,mean_logical_allocation_payload_bytes,piggybacked_epoch_total,final_flush_total
rate_0075,bounded_b4_w10,0.075,12,12,0,642.9502234528726,21.961448905219104,0.521842775,1683.5,26.666666666666668,24.25,1.0833333333333333,83179.5,0,0
rate_0075,bounded_b4_w2,0.075,12,12,0,646.8786041282814,17.16276388339354,0.54934435,1797.6666666666667,38.333333333333336,36.833333333333336,0.5,81773.0,0,0
rate_0075,bounded_b4_w20,0.075,12,12,0,653.8739055131986,28.81987332231803,0.5231945333333333,1652.5,20.0,16.666666666666668,1.3333333333333333,87804.66666666667,0,0
rate_0075,bounded_b4_w5,0.075,12,12,0,642.7547685586264,19.86727128742283,0.5571053666666667,1820.5,34.0,31.916666666666668,1.0833333333333333,86508.41666666667,0,0
rate_0075,count_b2,0.075,12,12,0,641.6526902152049,24.277611974027536,0.5172537166666666,1647.5833333333333,22.0,0.0,0.0,87545.5,0,0
rate_0075,count_b4,0.075,12,12,0,650.2217004703151,38.774315075657206,0.4893036833333333,1472.9166666666667,12.0,0.0,2.0,97911.33333333333,0,0
rate_0075,count_b8,0.075,12,12,0,663.5332189448674,67.45098654135911,0.502123925,1282.8333333333333,7.0,0.0,2.0,139771.83333333334,0,0
rate_0075,eager_b1,0.075,12,12,0,642.2203523097775,16.44729408233156,0.54876895,1773.75,43.0,0.0,0.0,88328.66666666667,0,0
rate_03,bounded_b4_w10,0.3,12,12,0,199.1956345146849,29.217001566368314,0.47376090833333334,948.5,15.0,7.666666666666667,0.0,141219.0,0,0
rate_03,bounded_b4_w2,0.3,12,12,0,191.2435766544165,27.29450017382752,0.528282975,952.5833333333334,28.333333333333332,26.666666666666668,0.0,143788.91666666666,0,0
rate_03,bounded_b4_w20,0.3,12,12,0,203.75402595530173,32.90017032525296,0.5103175833333333,983.6666666666666,12.333333333333334,2.25,0.25,148928.33333333334,0,0
rate_03,bounded_b4_w5,0.3,12,12,0,194.05892774229469,27.72003720667856,0.4396748,899.3333333333334,20.0,17.333333333333332,0.0,129413.66666666667,0,0
rate_03,count_b2,0.3,12,12,0,192.0388506433369,27.24932977322335,0.48484155,900.8333333333334,22.0,0.0,0.0,144107.25,0,0
rate_03,count_b4,0.3,12,12,0,207.1632733378482,32.138785966871744,0.5088164583333333,987.5,12.0,0.0,2.0,148052.0,0,0
rate_03,count_b8,0.3,12,12,0,213.79732370132174,39.652838028874655,0.5304886750000001,1026.3333333333333,7.0,0.0,2.0,155071.33333333334,0,0
rate_03,eager_b1,0.3,12,12,0,189.04860982621014,25.325535189323002,0.4950662833333333,939.5833333333334,43.0,0.0,0.0,165831.58333333334,0,0
rate_06,bounded_b4_w10,0.6,12,12,0,140.76650706735927,34.65620634714315,0.8415496083333333,754.25,12.333333333333334,2.3333333333333335,0.0,324599.1666666667,0,0
rate_06,bounded_b4_w2,0.6,12,12,0,143.19065254499736,35.090578566751695,0.8798538749999999,775.5833333333334,22.666666666666668,20.666666666666668,0.0,322499.6666666667,0,0
rate_06,bounded_b4_w20,0.6,12,12,0,139.65266760104873,35.50733778001108,0.72126535,739.3333333333334,12.0,1.0,0.0,243015.91666666666,0,0
rate_06,bounded_b4_w5,0.6,12,12,0,136.2635275106613,34.80304945733427,0.8725882166666666,752.9166666666666,15.0,7.666666666666667,0.0,327561.0,0,0
rate_06,count_b2,0.6,12,11,1,135.265502073529,34.3257970559038,0.9482399916666666,748.25,21.583333333333332,0.0,0.0,369119.9166666667,0,0
rate_06,count_b4,0.6,12,12,0,152.78434763373573,37.71996530405707,0.7689277666666667,860.9166666666666,12.0,0.0,2.0,263358.0833333333,0,0
rate_06,count_b8,0.6,12,12,0,167.43129559772953,41.73705296238264,0.7863807166666666,883.4166666666666,7.0,0.0,2.0,285868.1666666667,0,0
rate_06,eager_b1,0.6,12,11,1,135.9340699608385,32.96193418419145,0.8562622916666668,738.0833333333334,42.75,0.0,0.0,332848.0,0,0
