initial_tasks,algorithm,trials,mean_distinct_first_assignees,min_distinct_first_assignees,percent_trials_with_four_distinct_first_assignees,all_initial_tasks_completed,mean_mission_elapsed_s,mean_cumulative_compute_s,mean_allocator_calls
4,ACBBA,5,2.00,2,0,yes,189.83,0.3099,652.0
4,CBAA,5,2.80,2,20,yes,180.74,0.1328,562.8
4,HIPC,5,2.00,2,0,yes,187.34,0.4802,813.2
4,PI,5,1.80,1,0,yes,194.07,0.7791,681.6
8,ACBBA,10,3.20,2,30,yes,169.58,0.2799,589.3
8,CBAA,10,3.70,2,80,yes,169.66,0.1101,501.2
8,HIPC,10,2.80,2,10,yes,180.98,0.5062,770.1
8,PI,10,3.30,3,30,yes,181.15,0.7622,605.7
12,ACBBA,5,3.80,3,80,yes,164.04,0.3449,549.6
12,CBAA,5,4.00,4,100,yes,159.79,0.1117,478.0
12,HIPC,5,3.40,3,40,yes,164.57,0.4978,608.4
12,PI,5,3.80,3,80,yes,162.47,0.7851,568.2
