arrival_rate_tasks_per_mission_s,policy,trials,completed,mean_epochs,mean_calls,mean_compute_s,mean_assignment_latency_s,mean_completion_latency_s,mean_mission_elapsed_s,mean_max_pending_depth,mean_max_pending_age_s
0.03,eager_b1,20,20,92.60,2489.00,0.7885,0.353,13.754,1458.42,1.00,0.00
0.03,count_b4,20,20,80.60,2664.20,0.8269,1.829,14.393,1459.97,1.90,15.66
0.075,eager_b1,20,20,92.30,1866.80,0.6682,0.423,14.856,595.77,1.00,0.00
0.075,count_b4,20,20,64.80,2139.95,0.7272,3.729,18.115,602.61,3.10,18.24
0.15,eager_b1,20,20,92.25,1212.10,0.5392,0.651,17.007,312.90,1.00,0.00
0.15,count_b4,20,20,58.05,1253.60,0.5042,3.795,20.043,315.50,4.00,15.35
0.30,eager_b1,20,20,92.05,668.15,0.4759,1.375,20.288,183.56,1.00,0.00
0.30,count_b4,20,20,53.70,545.00,0.3581,3.454,22.124,179.35,3.95,9.62
0.60,eager_b1,20,20,92.00,431.75,0.7758,4.972,27.578,121.11,1.00,0.00
0.60,count_b4,20,20,54.45,348.00,0.5226,6.170,27.793,122.16,4.00,5.63
1.20,eager_b1,20,20,92.00,425.15,1.3632,10.042,31.620,103.28,1.00,0.00
1.20,count_b4,20,20,56.05,325.00,0.8322,9.984,31.317,104.57,4.00,3.99
2.40,eager_b1,20,20,92.05,423.65,1.6424,13.616,34.769,97.53,1.00,0.00
2.40,count_b4,20,20,58.40,303.40,0.9856,14.127,35.564,97.37,4.00,2.61
