arrival_rate_tasks_per_mission_s,policy,trials,completed,mean_epochs,mean_calls,mean_compute_s,mean_assignment_latency_s,mean_completion_latency_s,mean_mission_elapsed_s,mean_max_pending_age_s
0.075,eager_b1,20,20,92.30,1866.80,0.5961,0.423,14.856,595.71,0.00
0.075,bounded_b4_w2,20,20,84.20,1946.25,0.5945,1.326,16.073,598.22,2.00
0.075,bounded_b4_w5,20,20,75.65,2023.45,0.6509,2.221,16.433,596.54,5.00
0.075,bounded_b4_w10,20,20,68.05,2067.95,0.6408,3.128,17.335,594.07,10.00
0.075,bounded_b4_w20,20,20,65.30,2123.90,0.6707,3.687,18.033,601.14,17.38
0.30,eager_b1,20,20,92.05,668.15,0.4288,1.375,20.288,183.53,0.00
0.30,bounded_b4_w2,20,20,67.90,554.15,0.3526,2.438,21.583,176.31,2.00
0.30,bounded_b4_w5,20,20,56.80,541.20,0.3620,3.112,21.983,177.16,5.00
0.30,bounded_b4_w10,20,20,54.10,556.00,0.3347,3.396,22.089,179.85,8.52
0.30,bounded_b4_w20,20,20,53.70,545.00,0.3385,3.454,22.124,179.34,9.62
1.20,eager_b1,20,20,92.00,425.15,1.1324,10.042,31.620,103.16,0.00
1.20,bounded_b4_w2,20,20,58.40,337.25,0.7365,10.423,32.255,103.93,1.99
1.20,bounded_b4_w5,20,20,56.30,320.45,0.7039,10.029,31.415,103.71,3.83
1.20,bounded_b4_w10,20,20,56.05,325.00,0.7608,9.984,31.317,104.54,3.99
1.20,bounded_b4_w20,20,20,56.05,325.00,0.7351,9.984,31.317,104.52,3.99
