algorithm,load,paired_metric,n_pilot,mean_delta_or_saving,pilot_sd,projected_n25_95pct_halfwidth,projected_interval_excludes_zero
ACBBA,low,allocator_compute_saved_s,10,-0.01839,0.07743,0.03196,no
ACBBA,low,change_assignment_latency_s,10,3.58007,0.75109,0.31003,yes
ACBBA,low,change_completion_latency_s,10,3.46312,1.41419,0.58375,yes
ACBBA,low,change_mission_elapsed_time_s,10,-1.33515,10.84532,4.47673,no
ACBBA,low,change_allocation_epochs,10,-28.70000,3.40098,1.40386,yes
CBAA,low,allocator_compute_saved_s,10,-0.00988,0.09475,0.03911,no
CBAA,low,change_assignment_latency_s,10,2.90511,0.83465,0.34453,yes
CBAA,low,change_completion_latency_s,10,2.86367,1.24418,0.51357,yes
CBAA,low,change_mission_elapsed_time_s,10,7.66983,9.65908,3.98707,yes
CBAA,low,change_allocation_epochs,10,-25.60000,6.07728,2.50858,yes
HIPC,low,allocator_compute_saved_s,10,0.00655,0.15021,0.06201,no
HIPC,low,change_assignment_latency_s,10,3.40779,0.66489,0.27445,yes
HIPC,low,change_completion_latency_s,10,3.57399,1.46055,0.60289,yes
HIPC,low,change_mission_elapsed_time_s,10,2.88625,11.18700,4.61777,no
HIPC,low,change_allocation_epochs,10,-27.20000,3.39280,1.40048,yes
PI,low,allocator_compute_saved_s,10,-0.13535,0.19443,0.08026,yes
PI,low,change_assignment_latency_s,10,3.56509,0.84107,0.34718,yes
PI,low,change_completion_latency_s,10,4.17127,2.32546,0.95990,yes
PI,low,change_mission_elapsed_time_s,10,10.85803,15.83418,6.53603,yes
PI,low,change_allocation_epochs,10,-27.50000,3.95109,1.63093,yes
ACBBA,medium,allocator_compute_saved_s,10,0.02385,0.06463,0.02668,no
ACBBA,medium,change_assignment_latency_s,10,1.95180,0.30922,0.12764,yes
ACBBA,medium,change_completion_latency_s,10,1.76719,1.79074,0.73918,yes
ACBBA,medium,change_mission_elapsed_time_s,10,2.20781,8.29442,3.42377,no
ACBBA,medium,change_allocation_epochs,10,-38.60000,1.26491,0.52213,yes
CBAA,medium,allocator_compute_saved_s,10,0.03079,0.02895,0.01195,yes
CBAA,medium,change_assignment_latency_s,10,2.23660,0.81473,0.33630,yes
CBAA,medium,change_completion_latency_s,10,1.66884,1.38769,0.57281,yes
CBAA,medium,change_mission_elapsed_time_s,10,-2.96107,14.05966,5.80355,no
CBAA,medium,change_allocation_epochs,10,-38.20000,1.13529,0.46863,yes
HIPC,medium,allocator_compute_saved_s,10,0.12712,0.11943,0.04930,yes
HIPC,medium,change_assignment_latency_s,10,1.90426,0.36751,0.15170,yes
HIPC,medium,change_completion_latency_s,10,2.29312,3.43420,1.41757,yes
HIPC,medium,change_mission_elapsed_time_s,10,-2.30296,43.40783,17.91789,no
HIPC,medium,change_allocation_epochs,10,-39.10000,0.87560,0.36143,yes
PI,medium,allocator_compute_saved_s,10,0.25138,0.08288,0.03421,yes
PI,medium,change_assignment_latency_s,10,1.81613,0.48020,0.19822,yes
PI,medium,change_completion_latency_s,10,-0.03216,3.40787,1.40670,no
PI,medium,change_mission_elapsed_time_s,10,-6.74590,17.19462,7.09760,no
PI,medium,change_allocation_epochs,10,-38.70000,1.33749,0.55209,yes
ACBBA,high,allocator_compute_saved_s,10,0.20357,0.13920,0.05746,yes
ACBBA,high,change_assignment_latency_s,10,0.27195,1.55746,0.64289,no
ACBBA,high,change_completion_latency_s,10,0.35830,2.74227,1.13195,no
ACBBA,high,change_mission_elapsed_time_s,10,1.18950,14.27469,5.89231,no
ACBBA,high,change_allocation_epochs,10,-36.20000,0.78881,0.32561,yes
CBAA,high,allocator_compute_saved_s,10,0.06734,0.03112,0.01285,yes
CBAA,high,change_assignment_latency_s,10,0.71418,2.13829,0.88265,no
CBAA,high,change_completion_latency_s,10,0.27250,3.32357,1.37190,no
CBAA,high,change_mission_elapsed_time_s,10,0.01862,17.55894,7.24798,no
CBAA,high,change_allocation_epochs,10,-35.70000,1.25167,0.51666,yes
HIPC,high,allocator_compute_saved_s,10,0.61048,0.34444,0.14218,yes
HIPC,high,change_assignment_latency_s,10,0.77256,2.11948,0.87488,no
HIPC,high,change_completion_latency_s,10,1.10545,2.86906,1.18429,no
HIPC,high,change_mission_elapsed_time_s,10,3.19440,23.01967,9.50206,no
HIPC,high,change_allocation_epochs,10,-35.90000,0.73786,0.30458,yes
PI,high,allocator_compute_saved_s,10,0.60539,0.16507,0.06814,yes
PI,high,change_assignment_latency_s,10,0.27201,2.00590,0.82799,no
PI,high,change_completion_latency_s,10,-0.18193,3.70876,1.53090,no
PI,high,change_mission_elapsed_time_s,10,4.06968,15.63226,6.45268,no
PI,high,change_allocation_epochs,10,-36.00000,1.24722,0.51483,yes
