algorithm,arrival_load,policy_id,trace_id,board_id,all_tasks_completed,parity_passed,agx_allocator_processor_work_s,rp2040_allocator_processor_work_s,rp2040_to_agx_work_ratio,allocator_call_count,agx_mean_call_time_s,rp2040_mean_call_time_s
ACBBA,high,count_b4,trace_0000,rp2040_b,True,True,1.0774360539999999,29.863133,27.71684954214462,356.0,0.003026505769662921,0.08388520505617977
ACBBA,high,eager_b1,trace_0000,rp2040_b,True,True,1.4775350580000002,45.534048000000006,30.817575362059532,321.0,0.004602912953271029,0.14185061682242991
ACBBA,high,count_b4,trace_0001,rp2040_c,True,True,1.121578925,34.574407,30.82654838579461,375.0,0.002990877133333333,0.09219841866666667
ACBBA,high,eager_b1,trace_0001,rp2040_c,True,True,1.321384296,40.758125,30.845019971389156,327.0,0.00404093056880734,0.12464258409785933
ACBBA,high,count_b4,trace_0002,rp2040_a,True,True,1.138609751,34.857462000000005,30.614055403430324,307.0,0.0037088265504885993,0.11354222149837136
ACBBA,high,eager_b1,trace_0002,rp2040_a,True,True,1.462433509,44.437798,30.38620062144651,331.0,0.004418228123867069,0.134253166163142
ACBBA,high,count_b4,trace_0003,rp2040_b,True,True,1.025250475,28.96146,28.24818003620042,359.0,0.002855850905292479,0.08067259052924791
ACBBA,high,eager_b1,trace_0003,rp2040_b,True,True,1.521376711,46.074643,30.284835219881316,407.0,0.003738026316953317,0.11320551105651105
ACBBA,low,count_b4,trace_0000,rp2040_c,True,True,2.008694387,41.861382,20.840095074154256,2119.0,0.0009479444959886738,0.0197552534214252
ACBBA,low,eager_b1,trace_0000,rp2040_c,True,True,2.1364268899999996,46.095477,21.575967432239167,2175.0,0.000982265236781609,0.02119332275862069
ACBBA,low,count_b4,trace_0001,rp2040_a,True,True,1.829999226,43.493370999999996,23.766879451128247,2208.0,0.0008288039972826087,0.019698084692028984
ACBBA,low,eager_b1,trace_0001,rp2040_a,True,True,1.3236418650000001,35.262694999999994,26.640661596178806,1716.0,0.0007713530681818183,0.020549356060606056
ACBBA,low,count_b4,trace_0002,rp2040_b,True,True,1.2339475039999999,39.725387,32.193741525652456,1971.0,0.0006260514987316083,0.020154940131912734
ACBBA,low,eager_b1,trace_0002,rp2040_b,True,True,1.5829249749999998,32.866217999999996,20.762966356001805,1540.0,0.0010278733603896102,0.021341699999999998
ACBBA,low,count_b4,trace_0003,rp2040_c,True,True,1.695754493,35.639982,21.017182703699316,1679.0,0.0010099788522930314,0.02122691006551519
ACBBA,low,eager_b1,trace_0003,rp2040_c,True,True,1.276363337,34.184674,26.7828705267801,1626.0,0.0007849713019680197,0.02102378474784748
ACBBA,medium,count_b4,trace_0000,rp2040_a,True,True,0.785349407,19.306347,24.583130550450647,443.0,0.0017727977584650113,0.04358091873589164
ACBBA,medium,eager_b1,trace_0000,rp2040_a,True,True,0.6797658459999999,27.690239,40.73496655199709,623.0,0.0010911169277688603,0.04444661155698234
ACBBA,medium,count_b4,trace_0001,rp2040_b,True,True,0.7415433020000001,17.835887,24.052387705337264,456.0,0.0016261914517543862,0.03911378728070175
ACBBA,medium,eager_b1,trace_0001,rp2040_b,True,True,0.845103426,22.190606000000002,26.25785828964324,468.0,0.0018057765512820513,0.04741582478632479
ACBBA,medium,count_b4,trace_0002,rp2040_c,True,True,0.588630305,15.724974999999999,26.71451820680554,338.0,0.001741509778106509,0.04652359467455621
ACBBA,medium,eager_b1,trace_0002,rp2040_c,True,True,1.220829644,28.769424,23.56546971266042,805.0,0.0015165585639751553,0.0357384149068323
ACBBA,medium,count_b4,trace_0003,rp2040_a,True,True,0.864289027,20.81456,24.082869676419023,490.0,0.001763855157142857,0.04247869387755102
ACBBA,medium,eager_b1,trace_0003,rp2040_a,True,True,0.963026449,24.103281,25.028680183216856,486.0,0.001981535903292181,0.049595228395061725
CBAA,high,count_b4,trace_0000,rp2040_a,True,True,0.30409429,7.240757,23.810894311761,234.0,0.001299548247863248,0.030943405982905986
CBAA,high,eager_b1,trace_0000,rp2040_a,True,True,0.593079976,13.165006,22.197690923222133,524.0,0.0011318320152671755,0.0251240572519084
CBAA,high,count_b4,trace_0001,rp2040_b,True,True,0.334578771,8.352798,24.9651165106348,292.0,0.0011458177089041096,0.028605472602739726
CBAA,high,eager_b1,trace_0001,rp2040_b,True,True,0.367786417,10.474055,28.478634652785452,343.0,0.001072263606413994,0.030536603498542272
CBAA,high,count_b4,trace_0002,rp2040_c,True,True,0.34369432,8.503342,24.74100241167791,277.0,0.0012407737184115524,0.030697985559566786
CBAA,high,eager_b1,trace_0002,rp2040_c,True,True,0.414146146,11.588786,27.982358672003677,377.0,0.0010985308912466844,0.030739485411140584
CBAA,high,count_b4,trace_0003,rp2040_a,True,True,0.319521569,7.72346,24.17195190976294,250.0,0.001278086276,0.030893840000000002
CBAA,high,eager_b1,trace_0003,rp2040_a,True,True,0.44180518,11.902737,26.941144058111767,392.0,0.0011270540306122449,0.030364125
CBAA,low,count_b4,trace_0000,rp2040_b,True,True,1.654989494,39.872509,24.092303391987574,2161.0,0.0007658442822767238,0.018450952799629803
CBAA,low,eager_b1,trace_0000,rp2040_b,True,True,1.195799481,37.643703,31.47994592581697,1929.0,0.0006199064183514775,0.019514620528771384
CBAA,low,count_b4,trace_0001,rp2040_c,True,True,1.4961283539999999,35.177321,23.512234699617224,1917.0,0.0007804529754825247,0.018350193531559728
CBAA,low,eager_b1,trace_0001,rp2040_c,True,True,0.92663992,31.121107000000002,33.58489778856063,1642.0,0.0005643361266747868,0.018953171132764922
CBAA,low,count_b4,trace_0002,rp2040_a,True,True,0.827173909,28.2378,34.13768216424728,1525.0,0.0005424091206557377,0.018516590163934428
CBAA,low,eager_b1,trace_0002,rp2040_a,True,True,1.00210835,27.127548,27.07047396621333,1453.0,0.0006896822780454233,0.018670026152787338
CBAA,low,count_b4,trace_0003,rp2040_b,True,True,1.282525462,31.322516,24.42252955442689,1704.0,0.0007526557875586854,0.01838175821596244
CBAA,low,eager_b1,trace_0003,rp2040_b,True,True,1.3346818459999998,31.754763999999998,23.792010129730947,1705.0,0.0007828046017595307,0.018624495014662755
CBAA,medium,count_b4,trace_0000,rp2040_c,True,True,0.40279197600000005,10.042613,24.932505110280545,500.0,0.0008055839520000001,0.020085225999999998
CBAA,medium,eager_b1,trace_0000,rp2040_c,True,True,0.44653551700000005,11.759462,26.334886145238023,494.0,0.0009039180506072875,0.02380457894736842
CBAA,medium,count_b4,trace_0001,rp2040_a,True,True,0.254731372,7.180281,28.187658801602183,319.0,0.000798530946708464,0.02250871786833856
CBAA,medium,eager_b1,trace_0001,rp2040_a,True,True,0.307866916,9.079725,29.492370008344775,389.0,0.0007914316606683805,0.02334119537275064
CBAA,medium,count_b4,trace_0002,rp2040_b,True,True,0.214770085,6.3642650000000005,29.632921177081066,278.0,0.000772554262589928,0.022893039568345326
CBAA,medium,eager_b1,trace_0002,rp2040_b,True,True,0.330751269,9.900214,29.932504960396688,425.0,0.0007782382800000001,0.02329462117647059
CBAA,medium,count_b4,trace_0003,rp2040_c,True,True,0.28693590199999996,7.708607,26.865257872122257,336.0,0.0008539758988095238,0.02294228273809524
CBAA,medium,eager_b1,trace_0003,rp2040_c,True,True,0.386650382,10.753364,27.811595437658198,453.0,0.0008535328520971303,0.02373811037527594
HIPC,high,count_b4,trace_0000,rp2040_a,True,True,4.076845144,257.988126,63.281316039116156,262.0,0.015560477648854962,0.9846875038167939
HIPC,high,eager_b1,trace_0000,rp2040_a,True,True,9.487181250999999,610.400203,64.33946889500615,365.0,0.025992277399999996,1.6723293232876713
HIPC,high,count_b4,trace_0001,rp2040_b,True,True,4.674422375000001,328.80758499999996,70.3418644319663,270.0,0.017312675462962966,1.2178058703703702
HIPC,high,eager_b1,trace_0001,rp2040_b,True,True,10.089298005000002,704.9989860000001,69.87592056955998,383.0,0.026342814634464758,1.8407284229765015
HIPC,high,count_b4,trace_0002,rp2040_c,True,True,4.0367307750000005,276.756021,68.55944486414255,234.0,0.01725098621794872,1.1827180384615383
HIPC,high,eager_b1,trace_0002,rp2040_c,True,True,10.852013737,763.026121,70.3119383638871,405.0,0.02679509564691358,1.884015113580247
HIPC,high,count_b4,trace_0003,rp2040_a,True,True,4.276690161,271.349272,63.44842899176768,302.0,0.014161225698675497,0.8985075231788079
HIPC,high,eager_b1,trace_0003,rp2040_a,True,True,9.987279531,647.73937,64.8564374301781,351.0,0.02845378783760684,1.8454113105413106
HIPC,low,count_b4,trace_0000,rp2040_b,True,True,2.776522743,69.460624,25.017127691505458,2229.0,0.0012456360444145357,0.031162235980260203
HIPC,low,eager_b1,trace_0000,rp2040_b,True,True,2.476470559,61.887476,24.99019250404099,2010.0,0.0012320749049751245,0.030789789054726367
HIPC,low,count_b4,trace_0001,rp2040_c,True,True,1.7386403369999999,71.109622,40.89955840015692,2118.0,0.0008208877889518413,0.033573948064211524
HIPC,low,eager_b1,trace_0001,rp2040_c,True,True,2.5793418249999998,74.301807,28.806498727635685,2024.0,0.001274378372035573,0.03671037895256917
HIPC,low,count_b4,trace_0002,rp2040_a,True,True,2.414233733,60.463057,25.044408987222116,1912.0,0.0012626745465481172,0.03162293776150628
HIPC,low,eager_b1,trace_0002,rp2040_a,True,True,2.219776643,61.675149,27.78439407157957,1632.0,0.001360157256740196,0.03779114522058823
HIPC,low,count_b4,trace_0003,rp2040_b,True,True,2.514119904,60.3135,23.989905932505593,2078.0,0.001209874833493744,0.02902478344562079
HIPC,low,eager_b1,trace_0003,rp2040_b,True,True,2.311033279,57.828452,25.022769046849366,1871.0,0.0012351861459112775,0.03090777765900588
HIPC,medium,count_b4,trace_0000,rp2040_c,True,True,1.106741269,53.340599,48.19608746332924,508.0,0.0021786245452755904,0.10500117913385826
HIPC,medium,eager_b1,trace_0000,rp2040_c,True,True,0.7089795680000001,90.65435699999999,127.86596552525754,503.0,0.0014095021232604374,0.1802273499005964
HIPC,medium,count_b4,trace_0001,rp2040_a,True,True,1.287384962,56.646736000000004,44.00139637486305,480.0,0.0026820520041666665,0.11801403333333334
HIPC,medium,eager_b1,trace_0001,rp2040_a,True,True,1.862521428,82.858187,44.48710535855376,607.0,0.0030684043294892916,0.1365044266886326
HIPC,medium,count_b4,trace_0002,rp2040_b,True,True,1.0566947809999998,49.67344,47.00831393620748,446.0,0.00236927080941704,0.1113754260089686
HIPC,medium,eager_b1,trace_0002,rp2040_b,True,True,1.4404295329999999,79.424411,55.13939361863946,413.0,0.0034877228401937045,0.19231092251815982
HIPC,medium,count_b4,trace_0003,rp2040_c,True,True,1.36898827,68.620077,50.12466396078032,494.0,0.002771231315789474,0.13890703846153846
HIPC,medium,eager_b1,trace_0003,rp2040_c,True,True,2.190771099,128.227087,58.53057266390386,507.0,0.004321047532544379,0.25291338658777124
PI,high,count_b4,trace_0000,rp2040_c,True,True,2.182406749,60.071316,27.525261286662197,331.0,0.0065933738640483385,0.18148433836858008
PI,high,eager_b1,trace_0000,rp2040_c,True,True,4.391347398,134.178239,30.555141016880214,475.0,0.009244941890526315,0.2824805031578947
PI,high,count_b4,trace_0001,rp2040_a,True,True,2.296322505,72.05746699999999,31.37950651230498,201.0,0.011424490074626866,0.35849486069651737
PI,high,eager_b1,trace_0001,rp2040_a,True,True,3.941666899,117.911252,29.914057940795065,389.0,0.010132819791773778,0.3031137583547558
PI,high,count_b4,trace_0002,rp2040_b,True,True,2.129827625,66.564847,31.25363114773197,261.0,0.008160259099616858,0.25503772796934865
PI,high,eager_b1,trace_0002,rp2040_b,True,True,3.6735668699999997,113.31640300000001,30.846424472463738,437.0,0.008406331510297483,0.25930527002288334
PI,high,count_b4,trace_0003,rp2040_c,True,True,2.161891394,68.707643,31.781264864038775,265.0,0.008158080732075471,0.2592741245283019
PI,high,eager_b1,trace_0003,rp2040_c,True,True,4.114441326,119.63822400000001,29.07763521719984,534.0,0.007704946303370786,0.2240416179775281
PI,low,count_b4,trace_0000,rp2040_a,True,True,5.821693509,64.788444,11.128796783932515,2735.0,0.0021285899484460697,0.023688644972577697
PI,low,eager_b1,trace_0000,rp2040_a,True,True,4.9251736820000005,56.152228,11.401065551296023,2306.0,0.0021358081882046835,0.024350489158716394
PI,low,count_b4,trace_0001,rp2040_b,True,True,4.51549804,50.811805,11.252757624937425,2269.0,0.0019900828735125607,0.02239392022917585
PI,low,eager_b1,trace_0001,rp2040_b,True,True,2.490953736,47.834158,19.203149905470585,1994.0,0.0012492245416248745,0.023989046138415248
PI,low,count_b4,trace_0002,rp2040_c,True,True,4.063595649,47.8983,11.787171790034565,2001.0,0.002030782433283358,0.023937181409295353
PI,low,eager_b1,trace_0002,rp2040_c,True,True,3.257464272,38.516914,11.824201521127229,1541.0,0.0021138639013627515,0.024994752757949382
PI,low,count_b4,trace_0003,rp2040_a,True,True,4.413258807,49.069984,11.118764193518098,2108.0,0.0020935762841555977,0.02327798102466793
PI,low,eager_b1,trace_0003,rp2040_a,True,True,3.39293921,38.740623,11.418012702915474,1496.0,0.002268007493315508,0.025896138368983957
PI,medium,count_b4,trace_0000,rp2040_b,True,True,1.742665688,40.01586,22.962442122748676,385.0,0.004526404384415585,0.10393729870129871
PI,medium,eager_b1,trace_0000,rp2040_b,True,True,2.5128643630000003,57.900470000000006,23.04162168581003,545.0,0.00461076029908257,0.10623939449541285
PI,medium,count_b4,trace_0001,rp2040_c,True,True,1.634463025,36.294374000000005,22.20568678817314,412.0,0.003967143264563107,0.08809314077669904
PI,medium,eager_b1,trace_0001,rp2040_c,True,True,2.1216543189999997,48.746037,22.97548500878102,455.0,0.004662976525274725,0.10713414725274725
PI,medium,count_b4,trace_0002,rp2040_a,True,True,1.362970088,32.959363,24.18201491741028,236.0,0.005775296983050847,0.13965831779661017
PI,medium,eager_b1,trace_0002,rp2040_a,True,True,2.179468486,50.111959,22.99274310314574,435.0,0.005010272381609196,0.11519990574712644
PI,medium,count_b4,trace_0003,rp2040_b,True,True,1.4818242099999999,31.235901000000002,21.07935663974609,402.0,0.0036861298756218903,0.07770124626865672
PI,medium,eager_b1,trace_0003,rp2040_b,True,True,2.3832332089999997,54.019716,22.666567332143956,546.0,0.004364895987179486,0.09893720879120879
ACBBA,low,bounded_b4_w5,trace_0000,rp2040_a,True,True,2.126805409,43.240328,20.33111624458916,2159.0,0.0009850881931449747,0.02002794256600278
ACBBA,medium,bounded_b4_w5,trace_0000,rp2040_b,True,True,0.759716418,19.689777,25.917271936592527,450.0,0.0016882587066666666,0.04375506
CBAA,low,bounded_b4_w5,trace_0000,rp2040_c,True,True,1.606841478,40.196014000000005,25.01554419047677,2107.0,0.0007626205401044139,0.019077367821547227
CBAA,medium,bounded_b4_w5,trace_0000,rp2040_a,True,True,0.47775749900000003,11.571902,24.221288047223304,555.0,0.0008608243225225226,0.02085027387387387
HIPC,low,bounded_b4_w5,trace_0000,rp2040_c,True,True,2.776306226,72.561736,26.13607076930569,2343.0,0.001184936502774221,0.03096958429364063
HIPC,medium,bounded_b4_w5,trace_0000,rp2040_a,True,True,1.2965154890000001,57.577475,44.40940003301418,510.0,0.0025421872333333336,0.11289700980392157
PI,low,bounded_b4_w5,trace_0000,rp2040_b,True,True,4.291470014,50.025784,11.657027507311392,2177.0,0.001971276993109784,0.02297923013321084
PI,medium,bounded_b4_w5,trace_0000,rp2040_c,True,True,1.903642455,40.224851,21.130465384582948,505.0,0.00376958901980198,0.0796531702970297
