aggregation_level,trial_n,parity_pass_n,completed_n,agx_allocator_processor_work_s_n,agx_allocator_processor_work_s_mean,agx_allocator_processor_work_s_median,agx_allocator_processor_work_s_std,agx_allocator_processor_work_s_q1,agx_allocator_processor_work_s_q3,agx_allocator_processor_work_s_ci95_low,agx_allocator_processor_work_s_ci95_high,rp2040_allocator_processor_work_s_n,rp2040_allocator_processor_work_s_mean,rp2040_allocator_processor_work_s_median,rp2040_allocator_processor_work_s_std,rp2040_allocator_processor_work_s_q1,rp2040_allocator_processor_work_s_q3,rp2040_allocator_processor_work_s_ci95_low,rp2040_allocator_processor_work_s_ci95_high,rp2040_to_agx_work_ratio_n,rp2040_to_agx_work_ratio_mean,rp2040_to_agx_work_ratio_median,rp2040_to_agx_work_ratio_std,rp2040_to_agx_work_ratio_q1,rp2040_to_agx_work_ratio_q3,rp2040_to_agx_work_ratio_ci95_low,rp2040_to_agx_work_ratio_ci95_high,agx_mean_call_time_s_n,agx_mean_call_time_s_mean,agx_mean_call_time_s_median,agx_mean_call_time_s_std,agx_mean_call_time_s_q1,agx_mean_call_time_s_q3,agx_mean_call_time_s_ci95_low,agx_mean_call_time_s_ci95_high,rp2040_mean_call_time_s_n,rp2040_mean_call_time_s_mean,rp2040_mean_call_time_s_median,rp2040_mean_call_time_s_std,rp2040_mean_call_time_s_q1,rp2040_mean_call_time_s_q3,rp2040_mean_call_time_s_ci95_low,rp2040_mean_call_time_s_ci95_high,algorithm,arrival_load,policy_id
overall,104,104,104,104,2.128413833894231,1.5087525325,2.0370037984158254,0.9110521967499999,2.4800913532499997,1.7322674193466767,2.5245602484417855,104,77.1615575,41.3097535,133.2906734559146,28.10090975,61.728230749999994,51.23984718053277,103.08326781946724,104,31.261771141913584,26.74869436679282,16.61346715339986,23.78572746008027,30.948226141280795,28.03086629473498,34.49267598909219,104,0.003953003964396304,0.0017683264578039343,0.005754639891554594,0.0010037561875060174,0.003985590090624165,0.002833870086578019,0.005072137842214589,104,0.17782665205398995,0.03622439692970074,0.3887095787785654,0.023290461138519923,0.11590343764367815,0.10223233747628843,0.25342096663169145,,,
algorithm,26,26,26,26,1.2618621803461538,1.227388574,0.44438469359137256,0.8889733825,1.51041629775,1.0823713181784154,1.4413530425138923,26,32.82906484615385,34.379540500000004,9.711307749359106,25.000020499999998,41.58556775,28.906582758344722,36.75154693396298,26,26.714919164072782,26.449259942911024,4.615582562031554,23.838256514680502,30.36085927105521,24.850645021842276,28.57919330630329,26,0.0020128495817266045,0.0017148842423865877,0.0012384673577115046,0.000991310857931989,0.002957120576323119,0.001512621790337719,0.00251307737311549,26,0.05622575932877957,0.04366798936794582,0.04015847526975009,0.021201719585344315,0.0830820514244468,0.04000540013671133,0.07244611852084781,ACBBA,,
algorithm,26,26,26,26,0.6751686877307692,0.427975663,0.47013648023300664,0.33170814449999997,0.9832412425,0.48527645383865525,0.8650609216228832,26,17.91402523076923,11.580344,12.06872102778831,8.64743775,30.40028025,13.039363313337034,22.788687148201426,26,26.83874626234555,26.60007200868014,3.13111106491416,24.271598424024198,28.405890689989636,25.57406313376513,28.103429390925967,26,0.0008874311096781364,0.0008020574493542321,0.00021606950124438933,0.0007675217773550249,0.0010919640700385118,0.0008001587494330498,0.000974703469923223,26,0.0234577767918824,0.022917661153220283,0.0047598402619166485,0.018984220304960497,0.027735118765031895,0.021535235703692406,0.025380317880072393,CBAA,,
algorithm,26,26,26,26,3.5233051010384617,2.4453521460000003,3.0440514397511973,1.5149822339999999,4.06681655175,2.2937861160612174,4.752824086015706,26,196.83421061538462,73.4317715,226.4743462801316,60.76608,268.0089855,105.35924251021633,288.3091787205529,26,50.094947871191316,47.60220069976836,23.14231888124394,28.0399202355936,64.11670891919653,40.74756298494498,59.442332757437654,26,0.007981738064490072,0.00261211961875,0.00973212924357744,0.0012656005029199812,0.015210664661310097,0.004050845993162687,0.011912630135817457,26,0.5064194791954674,0.12725923001098297,0.6741478691332354,0.03435805578630094,0.9631425086572974,0.23412526203564987,0.7787136963552849,HIPC,,
algorithm,26,26,26,26,3.0533193664615386,2.5019090495,1.2329409893407657,2.13784356725,4.10172990675,2.5553237235643214,3.5513150093587558,26,61.06892930769231,50.461882,28.43566554463354,42.12717775,66.12074625,49.58351543425007,72.55434318113456,26,21.39847127004469,22.814504727446316,7.653561555714888,11.796429222807731,28.68954173456543,18.307130856883816,24.489811683205566,26,0.004929997101690403,0.004445650185797536,0.0029294306144533734,0.002130394508385723,0.007427053193540175,0.0037467744699669504,0.006113219733413855,26,0.12520359289983046,0.10143725374625376,0.10520426193520731,0.02451155505852464,0.2134022980752911,0.08271067189964244,0.1676965139000185,PI,,
arrival_load,32,32,32,32,2.98863259978125,1.825602168,3.0872505476298486,0.91720785025,4.0862441895,1.8755600816320035,4.101705117930496,32,156.172596625,53.0729795,220.38142573092912,25.0123465,165.13071075,76.7166196295569,235.62857362044312,32,38.136743751125216,30.58459821015527,17.094562846700004,27.915981389538914,39.65627765780812,31.973496609086567,44.299990893163866,32,0.008764707769692447,0.005598143408659684,0.008474454993590765,0.002466775240935171,0.012108673980639023,0.005709340926563952,0.011820074612820943,32,0.4616122061401957,0.16166747759550498,0.6135944015972229,0.06824029439266244,0.49349802631708994,0.24038783345932074,0.6828365788210706,,high,
arrival_load,36,36,36,36,2.3755538485555556,2.1316161495,1.2361069255299404,1.4557667269999999,2.7763603552500005,1.957315436941641,2.7937922601694702,36,46.89617941666667,43.3668495,13.633811511841808,35.54566025,58.449714,42.28316127625653,51.50919755707681,36,22.76391601202349,24.041104662246582,7.469449163098136,20.049124659809518,26.67621382882913,20.23661801774542,25.29121400630156,36,0.001195335033014752,0.0010189261063413208,0.0005349550569163037,0.0007781779986573481,0.0012958230932117287,0.0010143322826308518,0.0013763377833986522,36,0.02393251206751947,0.021867810114587924,0.005583654907510966,0.019652218651214585,0.026678299638143166,0.022043275051460812,0.025821749083578125,,low,
arrival_load,36,36,36,36,1.1166349162222222,1.009860615,0.6700162278427184,0.5609121035,1.51998391375,0.8899340401889071,1.3433357922555373,36,37.194900805555555,30.0026625,28.070832513783408,14.733596749999998,53.51037825,27.697097532419022,46.69270407869209,36,33.64853950806001,26.296372217440634,19.346321691116987,23.93065820716805,41.55157400771358,27.10268600012365,40.194393015996376,36,0.0024336028466257283,0.0018936562272871163,0.0014818158477048525,0.001044317208478467,0.0037069946616669126,0.001932228496520291,0.0029349771967311653,36,0.07946696618605528,0.06364823733185923,0.05663975389220306,0.03275495591696633,0.11175582195770685,0.060302830614270345,0.09863110175784022,,medium,
policy,8,8,8,8,1.9048818735,1.7552419664999999,1.2136992203398116,1.1623157212500002,2.28918061325,0.8902039329801972,2.9195598140198027,8,41.885983375,41.7325895,19.53950495210401,35.069454750000006,51.91370675,25.550548440777657,58.221418309222344,8,24.852273014136998,24.618416118850035,9.212534866540992,20.930628099584503,25.971971644770818,17.150401126362773,32.55414490191122,8,0.0017205976889322371,0.0014365976047204438,0.0010297085829619604,0.0009540222254893617,0.0021140045531656713,0.0008597397706064129,0.0025814556072580614,8,0.04377620484865333,0.026974407213425734,0.03456045900179887,0.0206446910469061,0.05272958757425742,0.014882938069140952,0.0726694716281657,,,bounded_b4_w5
policy,48,48,48,48,1.8118218771458334,1.42540624,1.386986173914057,0.8550102475,2.2108856880000003,1.4090830744877998,2.214560679803867,48,58.445595520833336,39.798947999999996,71.88504221298886,26.381990000000002,60.350889249999994,37.57235512782907,79.3188359138376,48,30.327034748358752,25.03076833936379,13.846538952046263,23.945153027319446,31.47994610023843,26.306418953200524,34.34765054351698,48,0.0036103177762441298,0.001881440315988786,0.004419374686300121,0.000994470263216942,0.0036918040443385675,0.0023270651359997,0.00489357041648856,48,0.153030820508743,0.036343867672456634,0.2912289846370234,0.02292997194565776,0.11191712488131929,0.0684667384883426,0.2375949025291434,,,count_b4
policy,48,48,48,48,2.482261117375,1.552150843,2.5906502346800573,0.95392981675,2.5294837285000003,1.730014704797963,3.2345075299520376,48,101.75678183333333,45.804345500000004,180.34195191934,28.499627750000002,75.582458,49.39093770956334,154.12262595710334,48,33.26475722343119,27.896977054830938,19.710855101577096,23.735375025463313,30.845371096657804,27.541321523583296,38.98819292327909,48,0.004667757865125822,0.0016611675576286033,0.007168985686252451,0.001061166044907898,0.004464399331218059,0.0025861014176025055,0.00674941431264914,48,0.22496422480012632,0.0372507620865787,0.49007691913520607,0.023942929340653542,0.13784097422208194,0.08266072146680409,0.36726772813344855,,,eager_b1
algorithm_x_policy,2,2,2,2,1.4432609135,1.4432609135,0.9666778960215752,1.10148866575,1.7850331612500001,-7.2419953927841885,10.128517219784188,2,31.4650525,31.4650525,16.652754312779628,25.57741475,37.352690249999995,-118.1540088308928,181.08411383089282,2,23.124194090590844,23.124194090590844,3.9500085705794112,21.72765516759,24.520733013591688,-12.36522486549929,58.61361304668098,2,0.0013366734499058205,0.0013366734499058205,0.0004972166384416152,0.0011608808215253976,0.0015124660782862434,-0.003130640804808534,0.005803987704620175,2,0.03189150128300139,0.03189150128300139,0.01677760563558899,0.025959721924502084,0.03782328064150069,-0.11884930467786661,0.1826323072438694,ACBBA,,bounded_b4_w5
algorithm_x_policy,12,12,12,12,1.1759235713333334,1.0995074894999999,0.44872798586386964,0.844554122,1.34939925125,0.8908154112596245,1.4610317314070422,12,30.221529416666666,32.21877,9.745176104850584,20.43750675,36.66133325,24.029739921970176,36.413318911363156,12,26.221369855101397,25.648824378628092,3.775373469981064,23.98101064178501,28.839648878007896,23.822611993932608,28.620127716270186,12,0.0019082661123785017,0.001752682467624683,0.0010111861511417721,0.000994470263216942,0.0028896074623026924,0.0012657890836970177,0.002550743141059986,12,0.051902551552504034,0.04302980630672133,0.0325350687646578,0.020958917582114572,0.08147574416098088,0.031230755084304163,0.07257434802070391,ACBBA,,count_b4
algorithm_x_policy,12,12,12,12,1.3175676671666665,1.3225130805,0.3808936065213904,1.15637884525,1.4884954712500003,1.0755594154858865,1.5595759188474465,12,35.66393566666667,34.7236845,8.811254868972796,28.499627750000002,44.71186050000001,30.065531415598947,41.26233991773439,12,27.806922651957834,26.71176606147945,5.369782754937391,24.662877565577745,30.494044306599765,24.395125461933272,31.218719841982395,12,0.0022301290730448384,0.0016611675576286033,0.0015147197006563386,0.00101647132948761,0.003813752379916823,0.0012677220904490601,0.0031925360556406164,12,0.06460467677935147,0.04593121817165356,0.04874906416580784,0.021304605689655174,0.11606477931684812,0.033630999122783146,0.0955783544359198,ACBBA,,eager_b1
algorithm_x_policy,2,2,2,2,1.0422994885,1.0422994885,0.7983829380799894,0.76002849375,1.32457048325,-6.130886612399697,8.215485589399696,2,25.883958000000003,25.883958000000003,20.24030370064323,18.72793,33.039986000000006,-155.96795573528138,207.7358717352814,2,24.618416118850035,24.618416118850035,0.5616239048936003,24.41985208303667,24.816980154663405,19.57242553417629,29.66440670352378,2,0.0008117224313134682,0.0008117224313134682,6.944056048601295e-05,0.0007871714857089411,0.0008362733769179954,0.0001878237486652081,0.0014356211139617283,2,0.019963820847710548,0.019963820847710548,0.0012536338920068422,0.01952059433462889,0.020407047360792213,0.008700367208049582,0.031227274487371514,CBAA,,bounded_b4_w5
algorithm_x_policy,12,12,12,12,0.6434946253333333,0.3391365455,0.5323770432739753,0.299804693,0.9410117972500001,0.30523838980767276,0.981750860858994,12,16.477189083333332,8.42807,12.983397023356648,7.591644499999999,29.008979000000004,8.227932176146233,24.726445990520432,12,26.122671492933474,24.836753760979228,3.1481621354696463,24.152039780319097,27.19585810449224,24.122424701261863,28.122918284605085,12,0.0009196860981050414,0.0008020574493542321,0.00025116680305164383,0.0007708767675116269,0.0011695567112809703,0.0007601023249829122,0.0010792698712271706,12,0.023605788752589837,0.022700878718341942,0.005258608891024586,0.018500180822858273,0.02912860084194649,0.020264628065718614,0.02694694943946106,CBAA,,count_b4
algorithm_x_policy,12,12,12,12,0.6456542833333333,0.44417034850000003,0.3666248704277751,0.38193439075,0.9455070274999999,0.41271195404292127,0.8785966126237453,12,18.02253925,11.8310995,10.55492676331148,10.68353675,28.12593775,11.316258732623464,24.72881976737654,12,27.92487605567355,27.896977054830938,3.0982662899016074,26.789579579893328,29.60240374635775,25.956331571799478,29.893420539547623,12,0.0008677942343120096,0.0008224822563827553,0.0001999592795960143,0.0007560992795113558,0.0010788304276221666,0.0007407461693567317,0.0009948422992672875,12,0.02389209082187027,0.02353965287401329,0.004609336887794172,0.019374258179769767,0.026434074188931296,0.020963457884682467,0.026820723759058075,CBAA,,eager_b1
algorithm_x_policy,2,2,2,2,2.0364108575,2.0364108575,1.0463700648697387,1.6664631732500002,2.4063585417500004,-7.364851178198869,11.437672893198869,2,65.0696055,65.0696055,10.595472564169116,61.32354025,68.81567075,-30.126938545067347,160.26614954506732,2,35.272735401159935,35.272735401159935,12.921195037222855,30.704403085232812,39.84106771708706,-80.81959601929807,151.36506682161794,2,0.0018635618680537774,0.0018635618680537774,0.0009597211953487441,0.0015242491854139993,0.0022028745506935555,-0.006759190962524279,0.010486314698631835,2,0.0719332970487811,0.0719332970487811,0.0579314381434754,0.051451440671210866,0.09241515342635133,-0.4485600239824286,0.5924266180799909,HIPC,,bounded_b4_w5
algorithm_x_policy,12,12,12,12,2.6106678711666667,2.4641768185000004,1.3491871405387392,1.348587443,4.046759367250001,1.7534352595354328,3.4679004827979005,12,135.37738825,69.04035049999999,110.93702991666906,59.396809,261.3284125,64.89136223873444,205.86341426126555,12,47.49270975613024,47.60220069976836,16.77262792522282,36.93577104692322,63.32309427727904,36.835890395610335,58.14952911665014,12,0.006568801409708263,0.002525661406791853,0.007088536178427123,0.0012584149210147218,0.014511038686220362,0.0020649603944068763,0.01107264242500965,12,0.406866709834734,0.11469472967115096,0.49844349225221163,0.03308619548853521,0.9200525183383044,0.09017082401170462,0.7235625956577634,HIPC,,count_b4
algorithm_x_policy,12,12,12,12,4.683758038166666,2.393751919,4.0447673465725575,2.10870868125,9.612205821,2.1138354738598264,7.253680602473507,12,280.2518005,86.756272,298.97205056828983,71.19822425,619.7349947499999,90.29402221057549,470.20957878942454,12,55.16755473125763,56.834983141271664,29.07396915761464,28.550972563621656,66.11130821502357,36.694836038196286,73.64027342431898,12,0.010414370752011263,0.003278063584841498,0.012226585666090908,0.0013387125355640403,0.026079911708616184,0.002645968840256473,0.018182772663766052,12,0.6783866122473151,0.18626913620937813,0.8406850426581194,0.03752095365358347,1.7144290982098787,0.14424081955218937,1.2125324049424409,HIPC,,eager_b1
algorithm_x_policy,2,2,2,2,3.0975562345,3.0975562345,1.6884490592730206,2.50059934475,3.69451312425,-12.072556685474439,18.26766915447444,2,45.1253175,45.1253175,6.930306186255013,42.67508425,47.575550750000005,-17.14101315302681,107.39164815302681,2,16.39374644594717,16.39374644594717,6.698732164168209,14.025386976629282,18.76210591526506,-43.791974167294356,76.5794670591887,2,0.002870433006455882,0.002870433006455882,0.0012715986287633754,0.002420854999782833,0.0033200110131289314,-0.008554427389113706,0.014295293402025473,2,0.051316200215120275,0.051316200215120275,0.04007452740639695,0.037147715174165555,0.06548468525607498,-0.30873914325577184,0.4113715436860124,PI,,bounded_b4_w5
algorithm_x_policy,12,12,12,12,2.8172014407500003,2.1721490715,1.4783219347996936,1.7156150222500002,4.151011438499999,1.8779204952660011,3.7564823862339995,12,51.70627533333334,49.9408945,14.560338236604396,39.085488500000004,65.23254475,42.45507778055017,60.957472886116506,12,21.47138788926989,22.584064455460908,8.308922494647462,11.65356824876028,28.457353751929638,16.192150401812057,26.750625376727726,12,0.0050445174847847125,0.004246773824489345,0.0030441660647109953,0.0021198365323734517,0.0069845505810551215,0.0031103466440743797,0.006978688325495045,12,0.12974823189514412,0.09601521973899887,0.1120024293285925,0.02387504730011594,0.19987268576877223,0.058585283392645196,0.20091118039764305,PI,,count_b4
algorithm_x_policy,12,12,12,12,3.2820644808333337,3.325201741,0.9444627070390376,2.46402360425,3.98486050575,2.68198150596886,3.8821474556978073,12,73.08885191666667,55.085972,36.357515569853014,48.51806725,114.46511525,49.9883886170215,96.18931521631184,12,22.159675454835746,22.98411405596338,7.404055715782388,17.358412809384745,29.286740898098646,17.45536288973903,26.863988019932464,12,0.00515873740113518,0.004636868412178648,0.0030408859308261,0.002234957667037802,0.00788029260510246,0.003226650658065688,0.0070908241442046716,12,0.13297351935196852,0.10668677087408004,0.10669048903353155,0.025670791966225313,0.2328575309888669,0.06518561669384819,0.20076142201008884,PI,,eager_b1
