dataset,provider,source_campaign,job_id,condition_id,algorithm,arrival_load,policy_id,trace_id,algorithmic_failure_type,algorithmic_horizon_time_s,retained_audited_outcome,historical_validation_message,trial_summary_sha256,task_events_sha256,allocation_epochs_sha256
causal,agx_host_proxy,agx_primary_traces_0_24,CBAA__high__count_b2__trace_0004,CBAA__high__count_b2,CBAA,high,count_b2,trace_0004,stagnation_horizon,39.77046065519701,True,semantic output validation failed: mission_elapsed_time_s must be a finite number,516efe1ad4273866bdf2ca2b540f0ba54c5d75d6cd05896ed97081c6c289e709,e9e46dee014bc7bff690b8f3fb994dc649acd1b91c43bf914e5c00d6790737ba,1e69e4ca149c5a4c1ca59aac62d84873dce3db6adc702d6b774649dc7570d081
causal,agx_host_proxy,agx_primary_traces_0_24,CBAA__high__eager_b1__trace_0004,CBAA__high__eager_b1,CBAA,high,eager_b1,trace_0004,stagnation_horizon,39.87296792119657,True,semantic output validation failed: mission_elapsed_time_s must be a finite number,6feeb2f1418208bf80bb58256dd5b2c309efbf0edf71b02943269e24e547765f,3cb3d0083d69c19f1f84e5fe74613fda240a29d2eb2ae6cf5b51395cc59548a2,08fe288bd1ae0c986f87d927731e711022ba08aefbe96d9b979792f221750429
causal,agx_host_proxy,agx_primary_traces_0_24,CBAA__high__eager_b1__trace_0019,CBAA__high__eager_b1,CBAA,high,eager_b1,trace_0019,stagnation_horizon,19.973309124999975,True,semantic output validation failed: mission_elapsed_time_s must be a finite number,4d99e6034cdc38e01e50ee22f5d13fe3fc5a58062b4ebebc4aa1c6dfb24e4617,333e5a0263230be30f2b487ec30fd9a49c6cf34328814224e6d74c925a8d4a73,b5fb28e5428ad83efdd739490caa2a2c0489971a7140129f4a112bd76bf9e2b5
causal,agx_host_proxy,agx_primary_traces_0_24,CBAA__low__count_b2__trace_0003,CBAA__low__count_b2,CBAA,low,count_b2,trace_0003,stagnation_horizon,375.317056696527,True,semantic output validation failed: mission_elapsed_time_s must be a finite number,9215f1234cbdba27a0c809ce31bed79f97e379b85e18745824782255a5a5860f,ee993297e14388eea6f14a743ed50565f2f2875111fea7b3b75c5fe469229be7,4ae01a63a31e88a1f1a7883265488b6d191fd16c3ef2227cd8cb15152bf244b7
causal,agx_host_proxy,agx_primary_traces_0_24,CBAA__low__count_b8__trace_0018,CBAA__low__count_b8,CBAA,low,count_b8,trace_0018,stagnation_horizon,280.09904269908697,True,semantic output validation failed: mission_elapsed_time_s must be a finite number,a371f6ae2014ff449853818327abd201a8a090f0fc12be81004b56d27422ddad,1ce3e9aece9ace9c2b01e93f32ad967a6f660dfb067be80ce79698274ae8114d,ee123fdda578bdb5067fdbae644fc6469b63d35f71c91656367531b0c47acbde
causal,agx_host_proxy,agx_primary_traces_0_24,CBAA__low__eager_b1__trace_0004,CBAA__low__eager_b1,CBAA,low,eager_b1,trace_0004,stagnation_horizon,213.098238982,True,semantic output validation failed: mission_elapsed_time_s must be a finite number,32c561a8b9a94a1e9215f62964de4e51179b9a7865d3d5de31be519d7450c8e0,0777e28b21fe7360bb9dc078020399507d5f10d8e7b93e377dff09f8c6f5f753,3305e2563c804c9dfe0006c5f226fd33450b7c05880c8c84084444cc5d1a616a
causal,agx_host_proxy,agx_primary_traces_0_24,CBAA__medium__bounded_b4_w5__trace_0017,CBAA__medium__bounded_b4_w5,CBAA,medium,bounded_b4_w5,trace_0017,stagnation_horizon,71.03962117246776,True,semantic output validation failed: mission_elapsed_time_s must be a finite number,152a6a4ce1649b134470fe26e363f020ada06adecdf562ef027c0ebe3be33474,266e3a725783e77c4ef4cd69b6a5098be5e168df28aec63c7347e96804bd2ba6,57e4a9ccfc542d6e07d151458f8bc449347b16cae40db8635279705c98c91681
causal,agx_host_proxy,agx_primary_traces_0_24,CBAA__medium__count_b2__trace_0001,CBAA__medium__count_b2,CBAA,medium,count_b2,trace_0001,stagnation_horizon,70.1955787390011,True,semantic output validation failed: mission_elapsed_time_s must be a finite number,91667ffa58242f23fe5b4761a081ab9cf680455d4f8ceaf0b565f74465811aa8,ca8ce49239adca423951998f6f429435171b9c45ffc1e66e4c7b3201efaa93a5,f56cb98057019ef6492c668fecb5ce9df1f0e58ed78ffb2ac0fb849e567744b1
causal,agx_host_proxy,agx_primary_traces_0_24,CBAA__medium__count_b2__trace_0018,CBAA__medium__count_b2,CBAA,medium,count_b2,trace_0018,stagnation_horizon,116.00309813493546,True,semantic output validation failed: mission_elapsed_time_s must be a finite number,bdc07d2b0b776db1c98beafef4ac3d935225b6b35f8916721b3d5943fba54abb,8f1527ad543d36375703eaaac984952dbb2a072ac0d6540603f3de86379da60d,8d4113d193c7056c10e1a76ad47d85b0ea4d83a80bbff9b1f4edf7758d96ab28
causal,agx_host_proxy,agx_primary_traces_0_24,CBAA__medium__count_b8__trace_0007,CBAA__medium__count_b8,CBAA,medium,count_b8,trace_0007,stagnation_horizon,7.393618266253454,True,semantic output validation failed: mission_elapsed_time_s must be a finite number,d480611c52e22485940263308c8d26fd23d1711facfa09736d28a3a2a0b88d7b,a1ebd5de670248787411d1eff68a2677de654b6ca5ab1b4d71d3e0fdeac7fdec,da12f4bdc6a2df4454b5ee3eedba140dacea4213e305fbccc31c880d90f351a0
causal,agx_host_proxy,agx_primary_traces_0_24,CBAA__medium__eager_b1__trace_0007,CBAA__medium__eager_b1,CBAA,medium,eager_b1,trace_0007,stagnation_horizon,7.448907339425899,True,semantic output validation failed: mission_elapsed_time_s must be a finite number,b906031f043b7dfecbd36b5a2b6f4d2e4d90925aea36dda2f29984191c37c74c,81ac34e2c0dd33f5595197cc9420ca2179acb76f17162b1e832ff885334f6a96,145d3ad70c7e2773a2b80be57a8d70730338d61b6978208d7d3d95e764e0e79d
causal,agx_host_proxy,agx_primary_traces_0_24,CBAA__medium__eager_b1__trace_0012,CBAA__medium__eager_b1,CBAA,medium,eager_b1,trace_0012,stagnation_horizon,102.38499245703315,True,semantic output validation failed: mission_elapsed_time_s must be a finite number,f3674822f8c9f154025426ffc6d86bc3b0262dff4dca6d8d9577790783f9546a,54331ca781732fe5c031779476959cd6953fb30414219491f8c53fe2023f9f99,8a06534fe32d281f4152b9e0d8aebc19cf235a32d6c80624faec769e36b6c673
causal,agx_host_proxy,agx_primary_traces_0_24,CBAA__medium__eager_b1__trace_0019,CBAA__medium__eager_b1,CBAA,medium,eager_b1,trace_0019,stagnation_horizon,22.84280546115924,True,semantic output validation failed: mission_elapsed_time_s must be a finite number,8d83c8741196bd8e831e0cc5ef63eb9f71306cbd00efb72e33ad971b8a6b9858,a4c2f970108de685f78e5682389b198c210c52ee26c3bfa1b7ede42c0c83acd4,612e1ec12bee860a3be394743874c6e9af81b1dc02d4fd1de3d7874d9a376c4c
causal,agx_host_proxy,agx_causal_traces_25_49,CBAA__high__bounded_b4_w5__trace_0033,CBAA__high__bounded_b4_w5,CBAA,high,bounded_b4_w5,trace_0033,stagnation_horizon,8.29122277600004,True,semantic output validation failed: task_0022.release_time_s cannot be empty,faa6310ae5b176e89678821da42b24a6f608cfda03a5fd7390a1820656d89513,4b0d437f69e92433c24b12307c66b901f06a9fd7740b7db0e6340daebfbf90f6,ae29d9ab703d60f68fd6d1d5cdcc6115ce59d76678e2c1792e7e7d5927095f8e
causal,agx_host_proxy,agx_causal_traces_25_49,CBAA__high__count_b2__trace_0025,CBAA__high__count_b2,CBAA,high,count_b2,trace_0025,stagnation_horizon,13.58836191931987,True,semantic output validation failed: task_0025.release_time_s cannot be empty,24d4fee9d264314d15a21fbbd7e38360336fc6dd58335abe6d19d701abdc4923,f56e4f47dcd191d0402d4bdd253262a5c5d908bb0c5372548b4d7a0591a1c54e,2590bf95155a23c1bded21b9b05c485eaa86a10730e9c0d7b56ec37ed8185bf1
causal,agx_host_proxy,agx_causal_traces_25_49,CBAA__high__count_b4__trace_0033,CBAA__high__count_b4,CBAA,high,count_b4,trace_0033,stagnation_horizon,8.306355776000036,True,semantic output validation failed: task_0022.release_time_s cannot be empty,c58fa2d46bed8020b6aa37ee68a2b3c9be4e566928457961710d9811e45e0101,8d9c0edcd1b44cc4dd406e79ba1dfde962072153fd56e03bc0521829a47711de,23946c12542e1cd149e4224063f719936e97b45377067ee775cc065471fedbd8
causal,agx_host_proxy,agx_causal_traces_25_49,CBAA__high__eager_b1__trace_0033,CBAA__high__eager_b1,CBAA,high,eager_b1,trace_0033,stagnation_horizon,8.915141752883494,True,semantic output validation failed: task_0024.release_time_s cannot be empty,45bb526b4a62b09017b4938d57e8d97a1e73c3b1a2a1765b8b94512805c509bd,5a1c577bf8689fbdc21704aee1778b462648c6ba44130fcf82edfef9c0942924,edc761e48519738cdd28a6f45543436c2439e955adbd80ddca4b9f3dc6aa3d7d
causal,agx_host_proxy,agx_causal_traces_25_49,CBAA__high__eager_b1__trace_0049,CBAA__high__eager_b1,CBAA,high,eager_b1,trace_0049,stagnation_horizon,16.23955943899965,True,semantic output validation failed: task_0029.release_time_s cannot be empty,f7bb1b6b5eb9346f9acd0cd88ae7def08c3bd64de4aea1b3b576ca9e0ffacc74,04ff44d27f821b0c8d36fdb5f1baa391202e1315f08fd5301fe77d3c4f7464ff,8469784659c11ed850482661e366e6364e625070962eddc16eae17d9881fe11e
causal,agx_host_proxy,agx_causal_traces_25_49,CBAA__low__eager_b1__trace_0031,CBAA__low__eager_b1,CBAA,low,eager_b1,trace_0031,stagnation_horizon,138.9480725319986,True,semantic output validation failed: task_0028.release_time_s cannot be empty,2ef044c92b44b2248787d302f03e42a3d98baee75108ffb16f1a9d2b6ebd137f,5fc3b991864c5f9c5641200f03e127bce18c71657783ed114da6892f7741899a,ea83ec97ee5aa242666c7810adebf751feef7fa3e33c8b8809904d745d84abcc
causal,agx_host_proxy,agx_causal_traces_25_49,CBAA__low__eager_b1__trace_0035,CBAA__low__eager_b1,CBAA,low,eager_b1,trace_0035,stagnation_horizon,186.93018855999938,True,semantic output validation failed: task_0023.release_time_s cannot be empty,4e253b596c3b10c42225b8e07c7b4246ec6ebaf06a821a6d2c9d6333d0218dca,e7bd16dd8c3bf1a08363783c2298c11b4573fb9514b625fee61a016d2fb154b4,09dca64da52e0304352d90f6fb65240b943baee6c21d44ab6ba10f36fc991730
causal,agx_host_proxy,agx_causal_traces_25_49,CBAA__low__eager_b1__trace_0041,CBAA__low__eager_b1,CBAA,low,eager_b1,trace_0041,stagnation_horizon,152.01108446300023,True,semantic output validation failed: task_0026.release_time_s cannot be empty,97ca72e8693132c125d6addfca309fe8eee47afba2b9672fc2465be02f31faa8,88cfa4250c392cbea846340c802010e8d8d200e2ebb3813961cec96fd85f955c,3ae2cfaeeceaf3f1bdf422eab0e422165f49ef4464d2c4cbd6f64c0263d5ec1f
causal,agx_host_proxy,agx_causal_traces_25_49,CBAA__medium__bounded_b4_w5__trace_0032,CBAA__medium__bounded_b4_w5,CBAA,medium,bounded_b4_w5,trace_0032,stagnation_horizon,25.5890150550736,True,semantic output validation failed: task_0018.release_time_s cannot be empty,9663efea7572102b7721fbf9a15874642946f616d50693dfbf9a09c49016439a,b71823d0b6f2658d50912116c191dea41696dfc005df4160c3e1b6e4de037264,5018d80b92adb9f269fe39f07a12c1db00bc08bd6d9855949572262b724a2e76
causal,agx_host_proxy,agx_causal_traces_25_49,CBAA__medium__bounded_b4_w5__trace_0039,CBAA__medium__bounded_b4_w5,CBAA,medium,bounded_b4_w5,trace_0039,stagnation_horizon,28.463548793682804,True,semantic output validation failed: task_0024.release_time_s cannot be empty,4628602b0edd4b8109528772212fbfc45a12db98569d9f167cb276b676ad8d45,85467560cb8bcb50f23db6352f3e2bebec1ed29776a9188a8f03eb25d6473ae5,4fc7327041429be9bb474387816241637b13a9d1c4be3f022df0d5e3038025e4
causal,agx_host_proxy,agx_causal_traces_25_49,CBAA__medium__count_b2__trace_0032,CBAA__medium__count_b2,CBAA,medium,count_b2,trace_0032,stagnation_horizon,137.57382903891352,True,semantic output validation failed: task_0042.release_time_s cannot be empty,d75e3e02679646f0f9c3569a9de83b83dc8508b935e36072c28b40787844702b,924e560f9edc33c977e98a54df284271513b8e51c55fd505fc4cfde43150c805,73f177d66ec8e49e2390606f469cb265d8dfc68073d96e8e1c94a09996816cb8
causal,agx_host_proxy,agx_causal_traces_25_49,CBAA__medium__count_b4__trace_0039,CBAA__medium__count_b4,CBAA,medium,count_b4,trace_0039,stagnation_horizon,28.478904793682442,True,semantic output validation failed: task_0024.release_time_s cannot be empty,60d32e85348a47a76380dae25d19b27f9de0fd2033d7cb441f07f1bc5a66458b,41169297cbb95beefa1975380b3eefc30003a1faf4b829ab2df943c3dc2405ab,297419df9b1a14463c844d7cb2aa3d2b5b78d4b665bc4321dcfe07ae71b8f8ba
causal,agx_host_proxy,agx_causal_traces_25_49,CBAA__medium__count_b4__trace_0043,CBAA__medium__count_b4,CBAA,medium,count_b4,trace_0043,stagnation_horizon,50.29899318261409,True,semantic output validation failed: task_0023.release_time_s cannot be empty,2c79423ee54736c6b5928f53346fd53284754c7e55b65df94d73adbe83548d25,39845f879e763f2fbafbd10a4bdb160d8574befea3b5345b0b294876b521307c,2e0683272ac88970186661e1c0e984428f4bea27faa25c852f4107f3c629cb6c
causal,agx_host_proxy,agx_causal_traces_25_49,CBAA__medium__count_b4__trace_0044,CBAA__medium__count_b4,CBAA,medium,count_b4,trace_0044,stagnation_horizon,72.35066635872225,True,semantic output validation failed: task_0033.release_time_s cannot be empty,605c472cae666df0c3e285eaf898824f097520140111d5063de48c69819d3efe,5b726e73a799a7ccbee38e0d01af2ce4c0193ab121b9427ae6e4e364a3082afb,66866bdd7c80cb1957ca63f4a9f2a360622273fe464aa9de4140f004ecb17cd6
causal,agx_host_proxy,agx_causal_traces_25_49,CBAA__medium__count_b8__trace_0039,CBAA__medium__count_b8,CBAA,medium,count_b8,trace_0039,stagnation_horizon,28.421980793682923,True,semantic output validation failed: task_0024.release_time_s cannot be empty,fe7da89f8aa80480330f0d0e6888d3e7f642eb20cc1ca25c22360c65b4054b1a,f973e1e110d0886f4861b0db67217d84c77eac892075b4a5a8d76b274770fc52,e2be9ef99ad781c4a3b46601ccf3c3e5fe2c5181948a7aed19d32e48652e2170
causal,agx_host_proxy,agx_causal_traces_25_49,CBAA__medium__count_b8__trace_0043,CBAA__medium__count_b8,CBAA,medium,count_b8,trace_0043,stagnation_horizon,50.297281182613546,True,semantic output validation failed: task_0023.release_time_s cannot be empty,a48a5cecff0040bec992ad893f06258a33e47a5aef57dfb77e5280b1833f6c88,ae9bda73fd146090509c24b07a211422af20713a13cb03ba2a083dc5e647b94a,341428be4f1a4447f30d2676a6b15866f0f64f9090827bb01447eb4316777bcb
causal,agx_host_proxy,agx_causal_traces_25_49,CBAA__medium__count_b8__trace_0044,CBAA__medium__count_b8,CBAA,medium,count_b8,trace_0044,stagnation_horizon,72.35122335872214,True,semantic output validation failed: task_0033.release_time_s cannot be empty,89d01a6eba9e2d264c762951107d0df6bda275507e0a445b943f85f3f1d11f95,b58207b536ee18366d5ac3a95596b04a744f7b5e6cadf44549e9d7973d275903,81c2e61ade418b9520917c485368a990410cedfbafac9d765e4164f118784219
causal,agx_host_proxy,agx_causal_traces_25_49,CBAA__medium__eager_b1__trace_0046,CBAA__medium__eager_b1,CBAA,medium,eager_b1,trace_0046,stagnation_horizon,53.189019375745936,True,semantic output validation failed: task_0022.release_time_s cannot be empty,86e771e7131eed02444b3169db0fd295b329f7e8de39f7a716de3d39e2cc454e,01af682ebaab45fd79f25920e589e2dbcde29a8c37882f3da82feca46aaf7edf,2cbc53afefd8ed0707047d05b5f5f07e6a5e1102f379a413642912deaf24f9f7
causal,agx_host_proxy,agx_causal_traces_25_49,CBAA__medium__eager_b1__trace_0047,CBAA__medium__eager_b1,CBAA,medium,eager_b1,trace_0047,stagnation_horizon,137.68160103399944,True,semantic output validation failed: task_0040.release_time_s cannot be empty,3f703397c4b56abfca43d6e895a751e82ebcff609dec8e54d805e0c3eb5eb036,b75e63b7d9798f13e5388ec1e8bfd79e0868a42a17eb1ab70ec74743666312de,44f712eb0632a99b03614874a366eb369f9f1d5a1b8cfdc0e2de9265b82cdd06
zero_compute,zero_compute,zero_compute_traces_8_24,HIPC__medium__count_b4__trace_0024,HIPC__medium__count_b4,HIPC,medium,count_b4,trace_0024,stagnation_horizon,521.2519672799772,False,,d34a57424e4f7f86d40dc4f40455a54f44b85de0e7d1a79b7a1c60d7b3232d3a,1f2411a4fac2fb4a533933a149d7af83bcbc94f5a354b8ed363d74eb138d9590,e23195890efaf6257766682d6c5db9a28081242b394dccb11cd8688697138739
