algorithm,arrival_load,policy_id,planned_pair_n,both_completed_n,causal_incomplete_n,zero_incomplete_n,hardware_backed_pair_n,mission_delta_s_n,mission_delta_s_mean,mission_delta_s_median,mission_delta_s_std,mission_delta_s_q1,mission_delta_s_q3,mission_delta_s_ci95_low,mission_delta_s_ci95_high,mission_delta_s_cohen_dz,mission_delta_s_paired_t_p,mission_delta_s_wilcoxon_p,assignment_latency_delta_s_n,assignment_latency_delta_s_mean,assignment_latency_delta_s_median,assignment_latency_delta_s_std,assignment_latency_delta_s_q1,assignment_latency_delta_s_q3,assignment_latency_delta_s_ci95_low,assignment_latency_delta_s_ci95_high,assignment_latency_delta_s_cohen_dz,assignment_latency_delta_s_paired_t_p,assignment_latency_delta_s_wilcoxon_p,completion_latency_delta_s_n,completion_latency_delta_s_mean,completion_latency_delta_s_median,completion_latency_delta_s_std,completion_latency_delta_s_q1,completion_latency_delta_s_q3,completion_latency_delta_s_ci95_low,completion_latency_delta_s_ci95_high,completion_latency_delta_s_cohen_dz,completion_latency_delta_s_paired_t_p,completion_latency_delta_s_wilcoxon_p,allocation_attributable_mission_fraction_n,allocation_attributable_mission_fraction_mean,allocation_attributable_mission_fraction_median,allocation_attributable_mission_fraction_std,allocation_attributable_mission_fraction_q1,allocation_attributable_mission_fraction_q3,allocation_attributable_mission_fraction_ci95_low,allocation_attributable_mission_fraction_ci95_high,allocation_attributable_mission_fraction_cohen_dz,allocation_attributable_mission_fraction_paired_t_p,allocation_attributable_mission_fraction_wilcoxon_p,allocator_calls_delta_n,allocator_calls_delta_mean,allocator_calls_delta_median,allocator_calls_delta_std,allocator_calls_delta_q1,allocator_calls_delta_q3,allocator_calls_delta_ci95_low,allocator_calls_delta_ci95_high,allocator_calls_delta_cohen_dz,allocator_calls_delta_paired_t_p,allocator_calls_delta_wilcoxon_p,mission_delta_s_bh_q
ACBBA,high,bounded_b4_w5,50,50,0,0,0,50,1.3063438512444554,-0.11805851639431353,14.29412872227426,-4.261738144216572,11.112940629059882,-2.7560025783402757,5.3686902808291865,0.09139023977087918,0.521147949888311,0.3929303880925773,50,-0.28389150652962203,-0.15896298327221547,1.6033394578181535,-1.2380584390748086,0.5185683689587086,-0.7395555381351522,0.17177252507590807,-0.17706263333401995,0.21650538727431157,0.15730162470388975,50,0.2269379397520533,0.07195196463310083,2.582487858696049,-0.910769633521813,1.0999784395214958,-0.5069969880810754,0.9608728675851821,0.08787570442504962,0.5372330845289095,0.6604991063759617,50,0.004456121839339648,-0.0012411260591133502,0.1404779785697629,-0.04532044773200925,0.09633044866870999,-0.035467277884135104,0.0443795215628144,0.03172114152487387,0.8234547340345345,0.4720366364421994,50,-3.4,-4.0,79.69431393436666,-29.75,39.25,-26.048873391282125,19.248873391282128,-0.04266301862890891,0.7641779226584552,0.7173299265817279,0.9991628474407761
ACBBA,high,count_b2,50,50,0,0,0,50,-1.0776274634271061,-1.5166367460793424,12.11360517187122,-7.461103710120877,6.61032881888217,-4.520275957467021,2.3650210306128088,-0.08896009471477948,0.5322427927343526,0.5788512112255246,50,-0.6562137264286402,-0.3753247808568041,1.5577175056478576,-1.2802665525644095,0.18584779968217324,-1.098912142702829,-0.21351531015445147,-0.4212661949611458,0.004491262955073982,0.006205800908562291,50,-0.8626428116579106,-0.5023101988535004,2.9022225201558167,-2.191136702864534,0.9132679630423324,-1.687445324751522,-0.03784029856429916,-0.29723524149747016,0.04073737905998069,0.059131281701423594,50,-0.020133885951730747,-0.015397659387271032,0.12183220327467818,-0.07913822567776797,0.06274467717107791,-0.05475821497502398,0.014490443071562484,-0.16525914668339098,0.24823544491909938,0.3565869399384711,50,8.8,12.0,108.40475929005467,-35.75,50.75,-22.008291670531403,39.6082916705314,0.08117724773000197,0.5685868495021478,0.44072602843728603,0.9991628474407761
ACBBA,high,count_b4,50,50,0,0,4,50,1.1275190054708344,1.3546760314801318,16.035147307483314,-3.9422155397714214,5.612296233585443,-3.4296194307399133,5.684657441681582,0.07031547536483444,0.6212678992916775,0.44282253656653425,50,-0.1502376358610623,-0.23171099404061035,1.7293437509665237,-1.3190983814628496,0.4891947035297237,-0.6417116913112768,0.3412364195891522,-0.0868755189805931,0.541857267646319,0.22942816156698587,50,0.5343429753057805,0.1662987198178687,2.913655609705527,-0.854410985587231,1.6405189775578153,-0.2937087858821912,1.362394736493752,0.18339263347591883,0.2007798247341514,0.30391493569853856,50,-0.00012963669545933775,0.01266139962619749,0.15463192166202247,-0.03837067529702862,0.05519180229579132,-0.04407554253333529,0.04381626914241661,-0.0008383566217503489,0.9952941765172296,0.5209101726157914,50,51.78,0.5,406.4448297024293,-35.25,72.5,-63.73034238217892,167.29034238217892,0.12739736420785505,0.3720822582108201,0.7427037947558974,0.9991628474407761
ACBBA,high,count_b8,50,50,0,0,0,50,-1.0734036730336596,0.025982220849670057,13.229490375845424,-10.680283248729282,6.144596714002766,-4.833183232720632,2.6863758866533125,-0.08113718990971065,0.5687770315356161,0.5722664037295826,50,-0.18915434329438763,0.004091665294808422,1.658402377685506,-1.2868999640249885,0.53420707612029,-0.6604670835600746,0.2821583969712993,-0.11405817179204397,0.4238443406299426,0.4661102219910902,50,0.181880118725159,0.2546403330271385,2.9350391945154906,-0.8065284911955466,1.7447187670730244,-0.6522487900170467,1.0160090274673648,0.06196854851718031,0.6631787898541831,0.3224376107459681,50,-0.019036579781766302,0.0003163812747569426,0.1328834343813717,-0.11258104479726684,0.059633181240383554,-0.05680163393081238,0.018728474367279778,-0.1432577346483374,0.31604331044639244,0.3929303880925773,50,0.88,-7.5,123.15257502258683,-50.25,30.0,-34.1195745216413,35.8795745216413,0.007145607794547563,0.9599077825194149,0.44664523459208805,0.9991628474407761
ACBBA,high,eager_b1,50,50,0,0,4,50,-3.2891520090676,-1.421929442799339,12.995666598965986,-11.302887090898679,4.177996709595245,-6.9824795867126,0.4041755685773998,-0.25309605967648513,0.07968949011629284,0.1333336209537461,50,0.20076936486022498,-0.10007297794052938,1.9519334492084595,-0.9060377738381291,0.7620764833665294,-0.3539639828129858,0.7555027125334358,0.10285666498601179,0.47049912842236896,0.8431293969609626,50,0.21316419228872768,-0.17420362618249108,3.478801951979441,-1.502845630816065,1.0886874413527092,-0.7755003820574025,1.201828766634858,0.06127517324389136,0.6667121602889126,0.7464038125448392,50,-0.03831595478740946,-0.015270547135073288,0.1313527852992964,-0.1107880849022222,0.04387913384733701,-0.0756460032810338,-0.0009859062937851368,-0.2917026441434334,0.044467260833952076,0.10179130615153693,50,38.24,3.5,280.18889838020027,-33.0,46.25,-41.388803759855115,117.86880375985513,0.13647935453927412,0.33925631737080075,0.7209495459737252,0.9575363616191549
ACBBA,low,bounded_b4_w5,50,50,0,0,1,50,0.37822049002590574,1.9317685507088243,10.31476315748231,-2.892651771862589,7.362384653919605,-2.553202760662687,3.3096437407144985,0.036667879257270705,0.7965046168771828,0.29939695803744193,50,-0.03714130937736346,-0.055875366732941245,0.2682428301708191,-0.2188486543830278,0.14944314298975891,-0.11337507812103507,0.03909245936630816,-0.13846151769913695,0.3323543840177985,0.366748018977068,50,0.17079174617796677,0.2177218453575911,1.9433886213011016,-0.9493125318483102,1.2974298605538999,-0.381513188276411,0.7230966806323446,0.08788347544384686,0.5371972367655844,0.37189558283448554,50,0.00048652751227193445,0.003492243612520909,0.018321312733463175,-0.005155929366826481,0.013437840822986248,-0.004720331948291791,0.00569338697283566,0.026555275779082718,0.8518291347671146,0.3084779739418636,50,13.86,-26.5,228.87988205205644,-128.75,135.0,-51.18694267997415,78.90694267997415,0.06055578094385631,0.6703861834723692,0.9922976035914894,0.9991628474407761
ACBBA,low,count_b2,50,50,0,0,0,50,-1.280296041771287,-0.5337254380635841,7.934628022006334,-6.234968867415603,2.214284982531211,-3.5352923721913436,0.9747002886487695,-0.1613555214208459,0.2594340560226112,0.18761329108286684,50,-0.016584650389862704,-0.022850535165180874,0.566479061198994,-0.3556663577138944,0.4378990192059821,-0.1775762180752912,0.1444069172955658,-0.029276722699617685,0.8368539452796356,0.9884471006904338,50,-0.07251167787002004,0.13304577079402335,1.6335951156647022,-1.114558578616185,0.8744763336384906,-0.5367742722851978,0.39175091654515776,-0.04438779056982879,0.754952839656431,0.7832252432554863,50,-0.0021926982663221495,-0.0009075211679848803,0.013623447694882506,-0.01206903670125781,0.004298742085268682,-0.006064439257131902,0.0016790427244876035,-0.16095032002404294,0.26061683534396163,0.175008298276776,50,72.8,23.0,324.7581831933114,-101.25,162.5,-19.495254338794666,165.09525433879466,0.22416679168532605,0.11937728242652464,0.23129856497833956,0.9991628474407761
ACBBA,low,count_b4,50,50,0,0,4,50,-0.21107472241891173,0.023409858052445998,9.408248620700471,-3.480883196371792,5.247540793281388,-2.884869392631391,2.4627199477935675,-0.022435070641574587,0.8746046192228615,0.8963138410681736,50,-0.1391849739897208,-0.1586255571733557,0.6495384750696636,-0.4178818000740089,0.2505463982197891,-0.32378176588550117,0.04541181790605958,-0.21428287827721534,0.13614433267280976,0.15730162470388975,50,-0.1790607075595315,-0.24543658462219575,1.7557924542640055,-1.1951248072322498,0.5152930783899512,-0.6780514013089551,0.3199299861898921,-0.10198284377215318,0.4742577909680088,0.44282253656653425,50,-0.00041100497696697875,3.9613018040693134e-05,0.017127211138326496,-0.00604665478983857,0.008851540037756848,-0.0052785045194962505,0.004456494565562292,-0.023997192166753317,0.8659558904916153,0.9346046719840639,50,76.72,37.5,305.4597765697487,-96.0,205.5,-10.090707867505358,163.53070786750536,0.2511623653416827,0.08194490000091666,0.11337327285362889,0.9991628474407761
ACBBA,low,count_b8,50,50,0,0,0,50,1.4405817256982276,-0.07212990265188068,10.01008038646122,-3.802359406625726,6.701930551645745,-1.4042516396562013,4.2854150910526565,0.1439131026007179,0.31385730070818174,0.5084522642448014,50,-0.14511628124171808,-0.2914864113730711,1.0159195234793692,-0.6634425949432865,0.4652441288538952,-0.4338374148719748,0.14360485238853862,-0.14284229989469735,0.31743433573299357,0.1908667766218506,50,-0.1482473518756449,-0.3166474536892121,1.9762411427994009,-1.2698616691738627,1.022815575687389,-0.7098888696226794,0.41339416587138966,-0.0750148090053668,0.5982063310633647,0.4314327881730913,50,0.002753335978266725,-0.00016590054290885982,0.017685010918553422,-0.006988254287077165,0.013527231466455156,-0.0022726885075909898,0.007779360464124439,0.1556875475478609,0.2763288118456196,0.49006249702346216,50,28.22,17.5,193.0017753962964,-108.75,154.25,-26.630497600662068,83.07049760066207,0.14621627154493794,0.30625647180521265,0.3693078600645001,0.9991628474407761
ACBBA,low,eager_b1,50,50,0,0,4,50,2.121667033519643,0.7765414082372786,9.76098820301883,-2.740246056328459,7.0374879761803015,-0.652375116664893,4.895709183704179,0.2173619094082569,0.1307308826992875,0.10179130615153693,50,-0.0040022254494535845,-0.0034698214070457076,0.06999437679271873,-0.029288885007976637,0.01779242892941576,-0.02389440721019467,0.015889956311287503,-0.057179242574096636,0.6877381015529708,0.7173535621498253,50,0.18212248196764005,0.5999376357611794,1.3490862047906245,-0.650609092360932,1.181661130346579,-0.2012835747228334,0.5655285386581135,0.13499691963413496,0.3444797069575324,0.22203311073335785,50,0.0030809851887377286,0.001415382402750929,0.01819967735818549,-0.0038629993919971923,0.012068574082577317,-0.0020913058807004487,0.008253276258175906,0.16928790154359655,0.2370478664197083,0.10179130615153693,50,31.04,21.0,165.7013492487528,-48.75,140.75,-16.051802346029554,78.13180234602956,0.18732496832842557,0.19145282260443688,0.10077558673022731,0.9575363616191549
ACBBA,medium,bounded_b4_w5,50,50,0,0,1,50,-3.131044513715579,-4.16514257160658,14.573084126975202,-11.789318493471349,4.336472892275516,-7.272669192035707,1.0105801646045491,-0.21485119322957347,0.13513192849268765,0.08486859077878148,50,-0.0475964708480808,0.0034969903935655466,0.4495851974480768,-0.23775237057190135,0.223934233575306,-0.1753671700723954,0.08017422837623381,-0.10586752214762983,0.45767889483066293,0.6887064978279134,50,-0.44219453931580305,-0.2885891338451607,2.973350935765642,-1.897319515533594,1.8188344905655915,-1.2872115244355637,0.4028224458039577,-0.14871925610823916,0.2981399163065926,0.4543822927004746,50,-0.022078908439414575,-0.02644768269381422,0.08614375965391789,-0.0753209070705112,0.026089287327449924,-0.04656069402147561,0.0024028771426464653,-0.25630305117998653,0.076063696234607,0.052931129527606105,50,294.26,12.5,887.6940503004262,-56.25,101.5,41.98014259377712,546.5398574062228,0.3314880840988089,0.023178899745899418,0.28173853414472616,0.9575363616191549
ACBBA,medium,count_b2,50,50,0,0,0,50,-0.2450516088548312,0.622248119688777,14.702047954990237,-7.810329388965499,7.215262692216477,-4.423327401521375,3.933224183811712,-0.016667855363079173,0.9066607656146999,0.9116062720674252,50,0.0726752803103399,0.06700233777441944,0.49157931989288733,-0.16692594717168335,0.35625542528632576,-0.06703001644641374,0.21238057706709354,0.14784039394939452,0.30097281487550476,0.22570901562377965,50,0.5992222620620814,0.45719600204275146,3.066504944019086,-1.373932286656511,1.7142816466786126,-0.27226879924535186,1.4707133233695147,0.1954088687288129,0.17331634456928197,0.2566854001233341,50,-0.0038923914579140945,0.003664918278561093,0.08539693583548143,-0.043447275842447695,0.04734355832439935,-0.02816193205944501,0.02037714914361682,-0.045579989724840356,0.7485971689390836,0.8810598365200165,50,82.58,-0.5,375.5929782438996,-43.75,73.25,-24.162343222962193,189.3223432229622,0.2198656651839078,0.12645692309025594,0.5973328676171892,0.9991628474407761
ACBBA,medium,count_b4,50,50,0,0,4,50,0.2746511059293107,-0.05717882052265111,11.428083408314226,-7.066281654076299,7.102332753322187,-2.973174258789764,3.5224764706483853,0.024032998020428773,0.8657578400386186,0.7906511428554124,50,0.07917039631274457,0.020932793947717077,0.5463972796207982,-0.2993625311974101,0.5139426591682104,-0.07611399220290625,0.23445478482839538,0.14489529736987183,0.31060038692967934,0.30391493569853856,50,0.46774797370137705,-0.11796715877199304,2.668622198266174,-0.9375350674981346,2.5787676776477815,-0.2906660625556238,1.2261620099583779,0.175276955278749,0.2211026875970195,0.38232429376304766,50,-0.0028406130097212183,-0.00032960401469952203,0.06833025950308948,-0.045082899370375296,0.04253793416144473,-0.022259857870194903,0.016578631850752465,-0.041571816503825555,0.7700322732409469,0.9422839110260988,50,52.32,-10.5,395.270273847851,-71.5,43.0,-60.01456875091848,164.6545687509185,0.13236512700709496,0.3538824961368139,0.28826805978877934,0.9991628474407761
ACBBA,medium,count_b8,50,50,0,0,0,50,-3.6493731036493045,-1.0908502493478807,15.462689800666718,-12.045351262013519,3.709202167898674,-8.043820916731582,0.7450747094329722,-0.2360115316736129,0.10152460988132798,0.14897395083667087,50,0.06833047871048166,-0.015524931479815818,0.6892500735297402,-0.34440044464297503,0.319515888330017,-0.12755222457953497,0.2642131820004983,0.09913742679859619,0.48661419014240503,0.973047420887899,50,-0.30361928779891506,-0.5287666053413922,2.8437583452530655,-2.304345195057569,2.0568436618543577,-1.1118064662478402,0.50456789065001,-0.10676690876555336,0.4538888609417673,0.5209101726157914,50,-0.027719271999912705,-0.006502737267128123,0.09990531731726231,-0.07338088739954618,0.021426967340547484,-0.056112048991481416,0.0006735049916560057,-0.2774554222363016,0.05546672842622734,0.13085518795826095,50,64.72,-16.0,422.4148285121378,-91.5,60.5,-55.32896582020615,184.76896582020615,0.15321431832296653,0.2839382282115635,0.6535143997551669,0.9575363616191549
ACBBA,medium,eager_b1,50,50,0,0,4,50,-0.5829167731269783,-2.1567304337370246,18.324764745576637,-9.29685441958108,8.972937516331214,-5.790757284677193,4.624923738423236,-0.03181032778430004,0.8229668307001339,0.4720366364421994,50,-0.11023702625335285,-0.10152468333398634,0.4567149666634717,-0.25829885118861556,0.07073440411165058,-0.240033983466431,0.019559930959725302,-0.24136941922155244,0.0942011938161445,0.035765089456348424,50,-0.41608784409070393,-0.23395669286428067,2.652895137143367,-2.1280482369410105,1.371743451466629,-1.1700322990362857,0.3378566108548779,-0.15684292917010909,0.27282358601083606,0.361645110015542,50,-0.010233507916798829,-0.013096448260888387,0.09647693591047155,-0.05717399369348602,0.04713161612728242,-0.03765194969439759,0.017184933860799938,-0.10607206603550612,0.4568153372878656,0.34660510726369287,50,87.48,0.0,420.0832881460435,-46.75,65.25,-31.906349380571257,206.86634938057125,0.2082444183535034,0.14727770857653813,0.47499733787737375,0.9991628474407761
CBAA,high,bounded_b4_w5,50,49,1,0,0,49,-2.1393941720043537,0.016230000000021505,7.6633884229584295,-0.3685046143387041,0.11011999999999489,-4.340576329424154,0.06178798541544683,-0.2791707863319352,0.05651752398252002,0.6943799447999337,49,0.14403651888959693,0.008951580000005066,1.064397911979268,-0.04344164322466426,0.12935831372268325,-0.16169425748923796,0.44976729526843184,0.1353220607336201,0.34825378865768797,0.23455706834742884,49,0.029147834729746292,0.009094950726229456,1.159761415834602,-0.06465419832215957,0.09770152790982678,-0.3039745381035404,0.362270207563033,0.02513261290794932,0.8610904049741406,0.3733140173091627,49,-0.022199988196518444,0.00014765806004044245,0.0812097809103711,-0.0037084561806405123,0.0010335346704064504,-0.045526160756472166,0.0011261843634352772,-0.27336594124074703,0.06165002764620382,0.672470358702386,49,141.83673469387756,0.0,971.1478463425548,-5.0,3.0,-137.10949556397154,420.7829649517266,0.1460506093156152,0.3117384009629424,0.8305703190126487,0.9575363616191549
CBAA,high,count_b2,50,48,2,0,0,48,-0.21892107802166105,0.014994000000001506,7.9932971157868025,-0.12113374791902487,0.2213100623989881,-2.5399326138593388,2.1020904578160167,-0.0273880821456381,0.8503220126484102,0.5657197991441898,48,-0.02507955039059499,0.009345144331573962,1.0860816530811965,-0.04324971322679083,0.12530710847570958,-0.3404447881827075,0.2902856874015175,-0.023091772445878907,0.8735788897272281,0.27695117777891853,48,-0.022377572053364325,0.016597102562263544,1.3261561863946059,-0.014868190796589964,0.1742573985583471,-0.40745318757943666,0.362698043472708,-0.016874009474104088,0.9074322336306594,0.05642775248798016,48,-0.003620337218232057,0.00014579216950961132,0.07769043127471537,-0.0012660350480094365,0.0022186290645592084,-0.026179286873273026,0.01893861243680891,-0.04659952530615323,0.7482400515491865,0.5867188993281217,48,114.83333333333333,0.5,673.7836742726199,-2.0,11.5,-80.81305113012128,310.47971779678795,0.17043056654244573,0.24363217948333782,0.0517283164341463,0.9991628474407761
CBAA,high,count_b4,50,49,1,0,4,49,-0.003760923983284786,0.0181180000000154,5.810474698120978,-0.08723579771738343,0.22959132315629915,-1.6727241196013385,1.665202271634769,-0.0006472662181114072,0.9964036848809779,0.4526401715066629,49,0.1327900187733453,0.010105299222210817,1.150208716145931,-0.07135774997402322,0.1124197368071087,-0.19758849834633863,0.4631685358930292,0.11544862850482673,0.4229969576587884,0.19768517280817632,49,0.1779577354907002,0.010555760000002579,1.2985673188624522,-0.05749618616818708,0.09778016790982491,-0.19503434774041806,0.5509498187218185,0.13704159415207798,0.34221943337816263,0.1563398666990334,49,-0.0017348745409521786,0.00018550326862664225,0.05344833842847934,-0.000850821200614031,0.002236372264066859,-0.01708702980167763,0.013617280719773273,-0.03245890502795818,0.8212236139847412,0.49562494996076367,49,150.0,0.0,995.5462905694876,-2.0,5.0,-135.95428167544827,435.95428167544827,0.15067104505426332,0.2968438401567356,0.2338492090988109,0.9991628474407761
CBAA,high,count_b8,50,50,0,0,0,50,0.10564099699833264,0.02286849999998708,7.401113462761174,-0.20393074670221623,0.2874099038122573,-1.9977321735222502,2.2090141675189154,0.014273662676550912,0.920017858523605,0.4314327881730913,50,0.289037796656787,0.04472590847931457,1.236402014129628,0.003246883286961655,0.17513252084902042,-0.062343767425821206,0.6404193607393953,0.23377331430526405,0.10471932935535057,0.0021080676979184686,50,0.2578573721789542,0.013936876672357101,1.5112128442106387,-0.02244896718631395,0.22137547154632564,-0.17162456556624617,0.6873393099241546,0.17062942071117881,0.23340530250487979,0.0494788318508211,50,-0.0010754769766200226,0.00021246514743316545,0.0700101458005411,-0.0019063798862809505,0.0026456651879715326,-0.020972140239792623,0.018821186286552577,-0.015361730279552002,0.9139444574333078,0.44858127474384846,50,57.36,0.5,316.5681253050971,-2.0,8.75,-32.60766564369396,147.32766564369396,0.18119322640180047,0.20614348612449665,0.18169688542862072,0.9991628474407761
CBAA,high,eager_b1,50,46,4,0,4,46,1.000678791438383,0.009024243226534168,6.4247764493160755,-0.138941682949838,0.20691562517827577,-0.9072443007084783,2.908601883585244,0.1557530910736834,0.2964381068689947,0.9694972791749824,46,-0.034645365704727864,0.006078334051714762,1.2763305085782264,-0.08785036587338624,0.06547035295186188,-0.413668740251428,0.3443780088419723,-0.027144509570112222,0.8547597676730726,0.8655266250286244,46,0.014103988524304379,0.006407923780779257,1.501957166716918,-0.06733544241555123,0.0894513761883502,-0.43192223268370805,0.46013020973231683,0.009390406622003645,0.9495000682473731,0.6581436102395282,46,0.007004375755815665,9.79047475368231e-05,0.05622598566289717,-0.0013916971383247704,0.0019049456948561335,-0.009692680907747997,0.023701432419379324,0.12457541958998089,0.40263011155034645,0.9607884555494872,46,57.80434782608695,1.0,342.9614568279725,-2.0,10.0,-44.04263289930047,159.65132855147436,0.16854473491195043,0.2590315157054969,0.08635804519648858,0.9991628474407761
CBAA,low,bounded_b4_w5,50,50,0,0,1,50,0.1303029779080623,0.0003819999999734591,4.056835284415716,-0.9768618277059602,0.9469830335447682,-1.022636851672363,1.2832428074884874,0.03211936614942677,0.8212767489322269,0.4543822927004746,50,-0.025881019351357847,0.0009540061981005987,0.17761744628140896,-0.025413430489774513,0.036545513446862965,-0.07635933899940134,0.024597300296685647,-0.1457121464878689,0.30790932409074107,0.5722664037295826,50,-0.09161781667746421,0.0013124299999986988,0.6687054927619774,-0.32779876945265407,0.13772588593537716,-0.28166181472347507,0.09842618136854667,-0.13700772263594244,0.33740732656763217,0.8810598365200165,50,0.0004978612295029854,7.220507658985682e-07,0.007261236478792085,-0.0017367585806891915,0.00148601832172376,-0.00156575934206958,0.0025614818010755505,0.06856424948520684,0.6299626874866955,0.43710630271165707,50,236.96,1.0,609.8491938042334,-20.75,84.0,63.6427770219222,410.2772229780778,0.3885550762506478,0.008379852727117231,0.11770655298596572,0.9991628474407761
CBAA,low,count_b2,50,49,1,0,0,49,-0.0907815861457855,0.0004150000000890941,6.570102759121828,-2.574225274948958,2.3872705202599036,-1.9779354360625507,1.7963722637709798,-0.013817376907803424,0.9233501782575092,0.9168149485280885,49,0.0006747065362952383,-1.7068038893341964e-06,0.2703035904478418,-0.19591182121905826,0.1659398422280205,-0.07696554964565688,0.07831496271824737,0.002496106452664493,0.9861319033530569,0.7091309176902658,49,0.032080023565513774,0.0013525800000060428,0.6903995056538911,-0.2056722680267402,0.24748887621882076,-0.1662258679620517,0.23038591509307926,0.04646588432175969,0.7463969642888448,0.6154295170629465,49,-0.000551473067570479,6.254452426905657e-07,0.012957267735790819,-0.004768055947161462,0.004922168420375401,-0.004273234901211613,0.0031702887660706555,-0.04256090703807788,0.7670451551550233,0.8774653933470543,49,438.16326530612247,12.0,1005.458940545286,-12.0,198.0,149.3617381231769,726.964792489068,0.4357843444790449,0.0037141035667788615,0.01324660477347754,0.9991628474407761
CBAA,low,count_b4,50,50,0,0,4,50,-1.007557686044927,0.00038000000000693035,5.282424936578272,-2.9050445179565685,1.0880622019154487,-2.5088062404404736,0.4936908683506198,-0.19073771954014354,0.18362777283441473,0.6122971700099231,50,-0.0654184312635305,0.0013118599999959457,0.5543671898725673,-0.11186252781975892,0.06289697361559399,-0.22296784320834165,0.09213098068128064,-0.11800559711798289,0.4080909415897206,0.9422839110260988,50,-0.2302527718272195,0.0012385000000003643,1.031246831405267,-0.21206900020658814,0.021087268687296934,-0.5233298781675085,0.06282433451306954,-0.22327610113813098,0.1208164720415665,0.40916988955076716,50,-0.001648019878862218,7.003141196163664e-07,0.009059331720201791,-0.005318383394560188,0.0020111851071491363,-0.004222653463253926,0.0009266137055294905,-0.18191406714771555,0.20437388633233275,0.6190876129435576,50,437.5,16.0,857.3705709425577,-3.75,557.75,193.83798006365154,681.1620199363484,0.5102811022764995,0.0007223742552880164,0.002980470468975046,0.9991628474407761
CBAA,low,count_b8,50,49,1,0,0,49,-0.021328909915460336,0.0004920000000083746,4.735575099906374,-0.0541881501003445,0.01713453945785659,-1.3815448926792955,1.3388870728483748,-0.004503974589249366,0.9749793375258408,0.1682958369415981,49,-0.08814245966838558,0.0011504799999926263,0.6147959301822004,-0.09263328894653355,0.02116466475018708,-0.26473246884985147,0.08844754951308031,-0.143368645336126,0.3206134215412604,0.6797438261749329,49,-0.15641228094346038,0.00129631999997315,1.031451764246884,-0.10617708721526853,0.038979287256816875,-0.45267981879885316,0.1398552569119324,-0.1516428459043502,0.29377462856261216,0.6294907203129624,49,7.229103329988656e-05,9.074534849571342e-07,0.008133678681964284,-8.561316022826227e-05,3.6384026617098475e-05,-0.0022639742583416794,0.0024085563249414527,0.008887864412468808,0.9506499259007283,0.1563398666990334,49,468.44897959183675,25.0,832.6720558245127,-3.0,601.0,229.2776403482219,707.6203188354516,0.562585205441989,0.0002650126634138327,0.0005387143571904461,0.9991628474407761
CBAA,low,eager_b1,50,46,4,0,4,46,-1.5395422101171286,0.000505999999973028,7.301260257435112,-2.9624904719275094,1.1789323488001173,-3.7077488639715948,0.6286644437373377,-0.21085979075315966,0.15958939360319246,0.9086698953289987,46,-0.013525645874575998,-0.0011978030893854408,0.08349072433937091,-0.02920615009502256,0.0017943921807681562,-0.03831933048038212,0.01126803873123013,-0.16200177901915555,0.27772133072093885,0.1703330624237519,46,-0.22158709826050474,-0.026689535945457088,0.49354225113784067,-0.4813631736595485,0.0016110699999956068,-0.36815105504942464,-0.07502314147158484,-0.4489729050545219,0.0038796236651273963,0.014177024718290432,46,-0.0027515932250474925,8.68366097011549e-07,0.013394293247135503,-0.004734723744577496,0.0019980685447741468,-0.006729207324276886,0.0012260208741819013,-0.20543026603034445,0.17037476134173082,0.9000154752274389,46,533.6086956521739,0.0,1042.014213557588,-19.75,390.0,224.1686713843402,843.0487199200076,0.5120934903856601,0.001148448501342082,0.11375770437995732,0.9575363616191549
CBAA,medium,bounded_b4_w5,50,47,3,0,1,47,0.9160869297919844,0.10051100000001156,13.75165371928679,-4.871026492467806,8.815173332767728,-3.1215498551693748,4.953723714753344,0.0666164919864995,0.6500362482940238,0.36278788928117944,47,0.09318292313749948,0.019841911636895304,1.879589808520857,-0.3003754460585646,0.6861677756220828,-0.4586853180529054,0.6450511643279044,0.049576201528156706,0.7354960000475993,0.37405610993347194,47,0.09377064722735419,0.01569969133284843,2.3937941307667323,-0.5385886150127934,1.257344225932842,-0.6090736386531688,0.7966149331078771,0.03917239415960948,0.789474902731121,0.2575121204087446,47,0.00043038049136208753,0.0006223544940716501,0.07882388137025766,-0.034390452295487026,0.04834640455611662,-0.022713178054445227,0.0235739390371694,0.005460026630006595,0.9703024906424832,0.4588443639352483,47,137.27659574468086,1.0,966.308095213486,-19.0,15.0,-146.4420893301107,420.99528081947244,0.14206296772702956,0.3351829493466071,0.7648156764297815,0.9991628474407761
CBAA,medium,count_b2,50,47,3,0,0,47,0.07557683564980809,0.021231999999969275,10.65815290796652,-3.267829664880992,5.483284684580056,-3.0537740860210434,3.204927757320659,0.007090988119838063,0.9614378808955735,0.6339339356064398,47,0.06092812431795401,0.0034370834703283393,1.243622318139115,-0.3474139682721251,0.26648774562718547,-0.3042130667574878,0.4260693153933959,0.04899246614448296,0.7384920392228048,0.957802984453262,47,0.03508174055089976,0.0033754057055084274,1.916044891191451,-0.6827513475972093,0.5925008063443915,-0.5274901138771741,0.5976535949789736,0.018309456480993483,0.9006562740350661,0.9493739712258109,47,-0.0028049189877153466,0.00013914450836544632,0.06508143814925506,-0.01906783892263997,0.02868340993393116,-0.021913545052162833,0.01630370707673214,-0.04309860180536672,0.7689651712509953,0.6798233549833511,47,397.3191489361702,4.0,1333.4165842804125,-19.0,48.0,5.813373684046667,788.8249241882938,0.29797075694133973,0.046828332325928035,0.11512805549765237,0.9991628474407761
CBAA,medium,count_b4,50,47,3,0,4,47,-1.2378345604220995,-0.014255904266406105,10.671731888290733,-5.070190750380149,1.7915591603349412,-4.371172420069902,1.8955032992257028,-0.11599190959625585,0.4305810442318363,0.4915533448673487,47,0.10146084918220091,0.009411117785022682,1.2647449806584634,-0.6366038056884662,0.711448915936054,-0.2698821879348434,0.4728038862992452,0.08022237742297851,0.5849959101599875,0.4717794466267672,47,-0.018421215062387815,0.009065193377320924,2.15792497626099,-1.3881079129455962,0.8304458582725314,-0.6520117228802448,0.6151692927554692,-0.008536541012795556,0.9535850831996446,0.9746742309669216,47,-0.008957383718367837,-8.841156535672471e-05,0.06339896112282581,-0.028619332674254896,0.009300239352507818,-0.02757201602246957,0.009657248585733896,-0.14128596998638943,0.3378063399225245,0.4588443639352483,47,130.89361702127658,-4.0,975.3590695346967,-45.5,18.0,-155.4825336649278,417.2697677074809,0.1342004407502157,0.3623558665964174,0.33630210862804366,0.9991628474407761
CBAA,medium,count_b8,50,46,4,0,0,46,-0.7648633231313159,0.004495999999974742,8.460803518432197,-3.544863469778754,0.7195875498990958,-3.2774118200759204,1.7476851738132884,-0.09040079012176926,0.5428783601939585,0.7389652795651248,46,-0.07049171594616378,0.005467483456014222,1.7758082371852744,-0.3586970713800608,0.26159531514177936,-0.5978416665130918,0.45685823462076425,-0.039695567612579565,0.7889845403856404,0.9694972791749824,46,-0.16420095986959707,0.004747801843667077,2.497017091362592,-0.4596548637933715,0.31115032558496836,-0.9057235027439445,0.5773215830047504,-0.06575884499853166,0.6577372058763378,0.9869248047447011,46,-0.005802261354501085,2.543627062706252e-05,0.052695728405536615,-0.02038543183507973,0.004234749063312081,-0.02145096102141714,0.009846438312414971,-0.11010876080596042,0.4590721681045038,0.6981264736982614,46,123.32608695652173,0.5,617.553778291515,-27.0,52.75,-60.06474750128261,306.71692141432607,0.19970096741648613,0.18235887054018696,0.3916605762762786,0.9991628474407761
CBAA,medium,eager_b1,50,45,5,0,4,45,-0.4130131098727361,0.0013740000000268537,11.286088300429846,-5.548107047819599,4.969020147126997,-3.8037294000654103,2.977703180319938,-0.036594885568723215,0.8072216303890962,0.5610322753858044,45,0.36215134049777925,0.05219840868386871,1.3254453143969749,-0.04059430037798961,1.1458784902161705,-0.03605651501883994,0.7603591960143985,0.27322993756445074,0.07359183861308223,0.025053357626296575,45,0.3648511864102651,0.004146660051628004,1.7747278173121068,-0.4980136523946612,1.2124399255445404,-0.16833607569799441,0.8980384485185247,0.20558148852529182,0.17483957178068263,0.22497241469591134,45,-0.004034471524575303,9.829669339326806e-06,0.06375807358236725,-0.029802403844245602,0.02543817171905843,-0.023189517362627282,0.015120574313476678,-0.06327781405382776,0.6732838796214711,0.6075431468609194,45,19.044444444444444,-2.0,185.07958430159854,-13.0,6.0,-36.5596182536666,74.64850714255549,0.10289867743278672,0.49365250722747867,0.2705604821540003,0.9991628474407761
HIPC,high,bounded_b4_w5,50,50,0,0,0,50,-1.3762818381921058,0.39522936961674304,15.437531999818557,-7.477265724848838,6.024213914808602,-5.7635798833915395,3.0110162070073283,-0.0891516751646754,0.5313636736621523,0.7906511428554124,50,0.20597428824943378,0.1057585187612764,0.7955945632012165,-0.024612559799526368,0.34956741173271144,-0.02013118456481014,0.43207976106367774,0.25889353418990135,0.0732371275551875,0.010670992924015922,50,0.12900530706641283,0.18642892721529059,1.8370152869994172,-0.3817909280625589,0.43668195657619346,-0.39306866031054527,0.6510792744433709,0.0702254945723017,0.6217133395304837,0.3876052271812995,50,-0.020865758168829338,0.0037411711118322047,0.14792286299089197,-0.07258402311114814,0.055581333703925824,-0.06290497063153852,0.02117345429387984,-0.1410583715521657,0.3234545436606706,0.8734489877977527,50,-3.82,4.5,86.0706141040303,-25.75,41.0,-28.28099784681679,20.640997846816788,-0.04438216271331479,0.7549828830197856,0.7653680187942418,0.9991628474407761
HIPC,high,count_b2,50,50,0,0,0,50,1.1818142072347326,0.6181501647987773,16.21116680142712,-4.910238613030806,7.725579579247448,-3.4253484155950753,5.788976830064541,0.07290124281064667,0.6085289852608704,0.44858127474384846,50,0.11599426336212348,0.08586044570396556,1.1315615079724877,-0.4290123001353492,0.43378782135025795,-0.20559195858118773,0.4375804853054347,0.10250813813025507,0.47199624901543014,0.4661102219910902,50,0.22425048380721826,0.27497448276358405,1.8955017335884607,-0.5838680575157547,1.1589551496532744,-0.3144451477576288,0.7629461153720652,0.11830666247014159,0.4069043811143175,0.24084659445680967,50,-0.0008769572005241637,0.006295693875067711,0.15459192395968885,-0.047545564800309664,0.058170908118507475,-0.044811495817184785,0.043057581416136456,-0.005672723244927321,0.9681666605562926,0.5398874509526412,50,8.3,3.5,83.82543815353817,-30.5,34.5,-15.522925902490542,32.12292590249054,0.0990152891870052,0.48714856698132414,0.6122826704968378,0.9991628474407761
HIPC,high,count_b4,50,50,0,0,4,50,2.2337865548375606,0.8780603735747121,19.925843284051997,-6.847604147324343,6.717530822791243,-3.429075442151277,7.896648551826399,0.11210499465412395,0.4317729113234029,0.4146705674113692,50,1.6496302927027426,0.1272614446007081,4.954689773064279,0.049564284413060156,0.41670764734341903,0.2415230410908895,3.0577375443145955,0.3329432049753766,0.022612075952887993,0.0006909947917452928,50,3.9758045838761404,0.25736239112054093,13.395927607832206,-0.2974642991402723,0.8210079846411276,0.1687240862832513,7.782885081469029,0.29679203264368226,0.04102577035306639,0.05534272044447948,50,0.0027805130319620464,0.007859268059697949,0.15532483122357169,-0.0726016995653838,0.059713662722666025,-0.04136231552419042,0.046923341588114516,0.017901278308552142,0.8997899123731761,0.5146616284591244,50,-12.84,5.5,81.20680578696867,-33.0,32.5,-35.918718819189834,10.238718819189831,-0.15811482640609473,0.2690012623988169,0.9642941493275704,0.9991628474407761
HIPC,high,count_b8,50,50,0,0,0,50,1.8313730946002817,0.4678074788781501,16.526115583590386,-4.26091258659169,7.0559094483837725,-2.865296981644949,6.528043170845512,0.11081691189542112,0.4370498019076362,0.4543822927004746,50,0.1782045764200742,0.10319826018643186,0.9554401486903779,-0.08418225443023197,0.27877974704250974,-0.09332850909538376,0.44973766193553216,0.18651568773233915,0.19334499258918478,0.09023670580323977,50,0.26994112171413853,0.1460450633881365,1.661452873324343,-0.5165584390703399,0.5940191602507294,-0.2022385598186705,0.7421208032469475,0.16247293320696046,0.2561922117016493,0.44858127474384846,50,0.004138773985761052,0.005007996036019,0.13674239724462312,-0.04245560738722987,0.06200679926510696,-0.034722985273055104,0.04300053324457721,0.03026694038687254,0.8314198939904983,0.5022824092698657,50,9.76,0.5,82.1947811044979,-21.5,49.75,-13.59949829737017,33.11949829737017,0.1187423321632997,0.4051910783627575,0.4924251406217497,0.9991628474407761
HIPC,high,eager_b1,50,50,0,0,4,50,10.807284056439075,0.3800335103286727,42.73847360460116,-4.280246708809475,7.119128009732211,-1.3388557347191306,22.95342384759728,0.25287014591170565,0.07995027773072698,0.4314327881730913,50,4.05684591821982,0.19941300519787397,14.184490452948458,-0.27800136437430134,0.8180068215776297,0.025658339978542166,8.088033496461097,0.2860057561938395,0.04861481848093055,0.08143553819251916,50,11.672470372348918,0.4229246502995352,39.163432585016146,-0.7175921824324494,2.1983543819380413,0.5423459958902566,22.80259474880758,0.29804513041624403,0.040214965761912615,0.03749971565959913,50,0.030834294274728474,0.0030010396533377945,0.21555475587661213,-0.04242104136979573,0.07201454683338368,-0.030425689452075584,0.09209427800153253,0.14304622576909712,0.3167510021564396,0.5209101726157914,50,-8.92,-5.0,92.21156685158587,-42.75,24.75,-35.12623730512718,17.28623730512718,-0.09673406823632769,0.4971891650071766,0.3822494417770439,0.9575363616191549
HIPC,low,bounded_b4_w5,50,50,0,0,1,50,-0.8464726139558365,0.0015905000000202563,4.089475124210193,0.0004020000000082291,0.005143750000058844,-2.00868858335755,0.31574335544587706,-0.206988082393414,0.14968189878568045,0.17195813159984408,50,-0.011582869344411351,0.0014533111731191983,0.12612373987172143,-0.02486662525200145,0.0032104853544077105,-0.04742683957222685,0.02426110088340415,-0.0918373444697415,0.5191201365549262,0.8658498321715145,50,-0.1007061822370622,0.003107629999996142,0.6586949944532773,-0.08813496452601166,0.011974870354402256,-0.28790522814553265,0.08649286367140825,-0.1528874260243153,0.28495482272474926,0.8963138410681736,50,-0.0018972914462822262,2.911679195159029e-06,0.007823194491637524,6.246145369307837e-07,8.8747209542844e-06,-0.004120618717816283,0.0003260358252518314,-0.24252131892033424,0.09268511072991073,0.175008298276776,50,-13.98,-2.0,71.57456223536175,-11.5,0.0,-34.32126549405039,6.361265494050386,-0.19532078944512377,0.17350656415787852,0.005377250197260162,0.9575363616191549
HIPC,low,count_b2,50,50,0,0,0,50,0.41068019024141333,0.0010609999999928732,4.067144951739987,0.0004544999999893662,0.004659000000017954,-0.7451896143699271,1.5665499948527537,0.10097505624079565,0.47861373786163797,0.0012007044621526119,50,-0.0026216631752568765,0.0020353999999989103,0.12183038384015131,0.00048517386092594705,0.005487958648018543,-0.03724547512097947,0.03200214877046572,-0.02151896015280272,0.8796839540171848,0.08486859077878148,50,-0.07139581539099286,0.003417160000004138,0.6671193636232953,-0.0027506742413110352,0.005379853924256661,-0.2609890405239723,0.11819740974198657,-0.10702105093041221,0.4528212159041284,0.15448740694256521,50,0.0010139392764977723,1.8273839443187455e-06,0.009276065912010651,8.418253926303347e-07,9.288287061348833e-06,-0.0016222894836035026,0.0036501680365990472,0.10930703663768965,0.443283792425189,0.0011608525691443336,50,-2.08,-2.0,95.98423339916035,-6.0,0.0,-29.358417273373227,25.19841727337323,-0.021670225685400907,0.8788449110235794,0.013610884077191307,0.9991628474407761
HIPC,low,count_b4,50,50,0,0,4,50,1.1485553203663097,0.0016084999999748106,8.793378432581184,0.0005992499999933898,0.16265270796081666,-1.3504951760741657,3.6476058168067853,0.13061593210985756,0.3602236057679764,0.0006670378894178454,50,-0.026601747124865578,0.0024877599999983957,0.35501503385273586,-0.02512619966724472,0.006010514999997163,-0.12749590326697596,0.07429240901724482,-0.07493132568549273,0.5986125056582194,0.4202147293438653,50,0.10490730155075866,0.005075760000012863,0.5491856711597747,0.001995180000002428,0.14536924700572929,-0.05116953907111908,0.2609841421726364,0.19102337708340894,0.1829840295623896,0.002901014625048907,50,0.0020175168570072334,3.0534687881427635e-06,0.016547144366865624,1.0451761118568465e-06,0.00032095381902684576,-0.0026851295333118696,0.006720163247326336,0.1219253795263402,0.39280886561595885,0.0006670378894178454,50,14.8,-3.0,237.0990493099318,-16.75,0.0,-52.58280416638709,82.18280416638709,0.062421169730856645,0.6608764312075214,0.03986588922735165,0.9991628474407761
HIPC,low,count_b8,50,50,0,0,0,50,0.7439807929281096,0.0021385000000009313,6.408953877026185,0.0008282499999552329,0.16699745796088905,-1.0774237435470733,2.5653853294032922,0.11608459152671008,0.4157119356935185,0.0001294265250961665,50,0.02134329536682874,0.002479828362025094,0.2852374206798539,-0.003221933016325118,0.00636587000000699,-0.059720282553603114,0.10240687328726059,0.07482642114753985,0.5991230844924987,0.11899531368679399,50,0.1250425698178882,0.005149039999997385,0.5302927115356711,0.0019765999999967754,0.06984272529802649,-0.025664951094865357,0.2757500907306417,0.23579914846609573,0.1018242792771296,0.004470641731807892,50,0.0014694265165219628,3.4039032948495207e-06,0.01089935510403745,1.301184305820921e-06,0.0003382819013270963,-0.0016281359269074674,0.004566988959951393,0.13481774861869056,0.34511458463679323,0.00012943824374041837,50,-2.9,-2.0,65.18865871062079,-5.0,0.0,-21.426411795204128,15.62641179520413,-0.044486265822302015,0.7544272080031208,0.11190309689573531,0.9991628474407761
HIPC,low,eager_b1,50,50,0,0,4,50,0.44419785540214773,0.0010510000000181208,4.741310812364482,0.00046049999997421764,0.005662000000071998,-0.9032677666295421,1.7916634774338376,0.09368671934431297,0.510777242058915,4.7244338450388704e-05,50,-0.002946957826433679,0.0012170900000014612,0.051883199948137004,0.0007630449999966767,0.0017042916028070544,-0.01769200008537949,0.011798084432512134,-0.056799847144730645,0.6896986547539495,0.12363399711559381,50,0.10375782897617732,0.0027842500000003767,0.4258871505687227,0.0018984777352066828,0.027375987097113974,-0.01727795985248233,0.22479361780483698,0.24362751690822512,0.09124824039175759,0.006026100631224979,50,0.0008129880115980486,1.9384421341468896e-06,0.008164171533946092,8.545069005927849e-07,1.2146908369089818e-05,-0.001507243863029032,0.0031332198862251293,0.09957997675792303,0.48468068254254093,4.7244338450388704e-05,50,31.42,-1.0,180.9063451465584,-3.0,0.75,-19.9930143623345,82.8330143623345,0.17368102801781543,0.2252721598934755,0.40052214408370634,0.9991628474407761
HIPC,medium,bounded_b4_w5,50,50,0,0,1,50,0.2385666022544615,0.1478313651972769,16.552398469825068,-7.877925203453351,8.979903674743966,-4.465572987602204,4.942706192111128,0.014412811695499423,0.9192408772601394,0.6465711850099514,50,-0.03278031451685624,-0.007025412405558207,0.17354290977755985,-0.07385053628214594,0.044895596885736244,-0.08210066370442451,0.016540034670712016,-0.18888881463882737,0.18783625071626464,0.27748171276573774,50,0.06986868914606198,-0.04663148737970957,1.834298642947129,-1.0218634228468337,1.5078217170749202,-0.45143321653474905,0.5911705948268731,0.03809013838324899,0.7888005850762145,0.8582630586832802,50,-0.0038167356344947284,0.0009510078663046482,0.09603691710602193,-0.04167957229550784,0.05137804339544392,-0.031110125451674204,0.023476654182684745,-0.0397423798004799,0.7798775050231282,0.7173535621498253,50,-0.54,-0.5,108.86955497291243,-61.0,61.25,-31.480385141874034,30.400385141874036,-0.004960064364498929,0.9721640598475294,0.9672722285445143,0.9991628474407761
HIPC,medium,count_b2,50,50,0,0,0,50,-2.5418886389110487,0.008146500000009382,14.086099846247478,-8.210704358041113,4.113646324425311,-6.545113916154326,1.461336638332229,-0.18045368602070538,0.207970888347185,0.6745456337061272,50,-0.03930542816871192,-0.04751323097609361,0.14992905119249747,-0.11698673394034342,0.01584551414964991,-0.081914793009101,0.0033039366716771518,-0.26216018747591985,0.06979951422808826,0.03329167897540819,50,-0.2927769857290455,0.010312251359639646,1.4984282294710551,-1.1471574006947405,0.46847670898353755,-0.7186255761713051,0.1330716047132141,-0.19538939534821478,0.17335838623082686,0.27323322826893637,50,-0.016827874205409345,5.038124757590736e-05,0.08670789184043196,-0.048378103881923165,0.025458133563926358,-0.04146998438075099,0.007814235969932297,-0.19407546243169638,0.17621326124106299,0.6259107217420403,50,-12.24,-2.5,89.1258133889666,-39.5,42.75,-37.56927587536781,13.089275875367806,-0.13733395000370632,0.3362690541776221,0.4251061719979645,0.9991628474407761
HIPC,medium,count_b4,50,49,0,1,4,49,0.05937455438657123,0.05730135994764396,15.409568917706636,-4.625080020807559,5.109238832895386,-4.366770420017865,4.4855195287910075,0.0038530963911875466,0.9785941519578574,0.40060209941233327,49,-0.021658719868199686,0.008447780000001792,0.2617514750764886,-0.10503240425528926,0.04890933469645997,-0.09684252170846372,0.05352508197206435,-0.0827453593599448,0.5651509546960021,0.7091309176902658,49,-0.0665880829930979,0.018281890048665872,1.4609675219976785,-0.7065740076402136,0.4662663903352353,-0.4862269508804231,0.35305078489422737,-0.04557807205874609,0.7510755645100792,0.9168149485280885,49,-0.0023130519258321033,0.0003560717977147166,0.08939893842990629,-0.028556571576768372,0.02759271224158949,-0.027991425160137424,0.02336532130847322,-0.025873371277732385,0.8570410099243189,0.4831256276428616,49,-2.938775510204082,-1.0,95.88478506417336,-19.0,50.0,-30.480101409722018,24.602550389313855,-0.030649028500582556,0.8310323552430401,0.7628958514109718,0.9991628474407761
HIPC,medium,count_b8,50,50,0,0,0,50,-0.568489386931357,0.03314369656632721,17.1608999804008,-8.54315117009591,8.818438834443114,-5.445563192430859,4.308584418568145,-0.03312701475916881,0.8157720567221554,0.9653509884575846,50,0.023975952394038096,0.01923866506936811,0.4548711133581171,-0.10926271775691332,0.08298256236795976,-0.10529698750835129,0.1532488922964275,0.05270933169845407,0.7109707283112475,0.8431293969609626,50,0.21741478125096578,0.04420765723135389,2.5724218724539747,-0.2949430030830529,0.809387565450808,-0.5136594249484605,0.9484889874503921,0.08451754495601527,0.5528393849488371,0.366748018977068,50,-0.008898501563918729,0.00016763680013747448,0.09906357577163565,-0.05290325788406694,0.04692794806410738,-0.0370520582553945,0.01925505512755704,-0.08982616965525073,0.5282746230625315,0.9192651438406544,50,-11.3,-4.0,90.68812896236132,-39.5,16.5,-37.0732810480353,14.473281048035293,-0.12460285738930492,0.3825784877738827,0.189425837101714,0.9991628474407761
HIPC,medium,eager_b1,50,50,0,0,4,50,-2.3133971571982803,0.0019829999999814163,13.382191763915559,-7.942902463525172,3.848727243893947,-6.116573971147606,1.4897796567510455,-0.1728713201851019,0.227409584698177,0.4202147293438653,50,0.04935120082109123,0.008250015519345677,0.1455434269452263,-0.02437010665475428,0.07790176436818784,0.00798821659952504,0.09071418504265741,0.339082305926904,0.02035499872612711,0.024807493454958803,50,0.3122201825826225,0.01989726477459186,2.7999998419366348,-0.8114491105652091,0.9250719447749294,-0.48353096683891117,1.1079713320041562,0.1115072143599386,0.43421709196050273,0.6604991063759617,50,-0.01738498192430095,9.949282425125064e-06,0.08109244718783806,-0.05312239110523815,0.02028190121790728,-0.040431200389261665,0.0056612365406597635,-0.21438472419054438,0.13596246031987316,0.366748018977068,50,-29.28,-5.5,89.02557302854738,-68.25,17.0,-54.58078788018034,-3.979212119819664,-0.32889426042347325,0.02422089795579931,0.029275294428151865,0.9991628474407761
PI,high,bounded_b4_w5,50,50,0,0,0,50,-0.21519830798885692,0.5589533653588745,20.60888578752869,-9.130600414736264,12.767034124787905,-6.072178836380683,5.64178222040297,-0.01044201565322287,0.9414413217952131,0.7464038125448392,50,-0.1338716583760828,0.0516623260580138,2.014250070521285,-1.0692879534685473,0.5487742395229955,-0.7063151938482504,0.4385718770960847,-0.06646228307761062,0.6404690146844418,0.5722664037295826,50,-0.41466052434771405,0.2542742046182447,4.683664970601094,-3.9261654685905896,1.3661256585452826,-1.7457433794393675,0.9164223307439393,-0.08853334449635009,0.5342037779924285,0.49006249702346216,50,-0.011206775593956457,0.005522324290163972,0.18169276216472866,-0.09098632527805914,0.1131094485152492,-0.06284328719966965,0.040429736011756735,-0.061679813001004544,0.6646492243730903,0.888681686055255,50,19.56,5.0,136.2884336356433,-31.0,54.5,-19.17274422880409,58.29274422880408,0.1435191488977866,0.3151701189441209,0.33918602667865205,0.9991628474407761
PI,high,count_b2,50,50,0,0,0,50,0.8952494621466562,0.21062540722735434,16.196081405574873,-7.895615316992952,14.0571126984597,-3.7076259386236683,5.498124862916981,0.055275683032718105,0.6975964262464911,0.6816120452366761,50,0.27736486389590886,0.09962500972126564,1.7178426708793,-1.0996660980325295,1.2658260756777693,-0.21084062076300614,0.7655703485548239,0.16146115625008667,0.25912633957804954,0.294924012810716,50,0.8619199600302849,0.32875004931586105,4.1379101246978705,-1.9124707555182603,3.405247331855172,-0.3140610841878768,2.0379010042484467,0.20829837624692682,0.1471751374151634,0.22570901562377965,50,-0.000778553940791953,0.0020099406970469926,0.15185742917356254,-0.08279222889160355,0.12238408696559541,-0.04393595773888695,0.042378849857303044,-0.005126874233476715,0.971228332466114,0.8280534430667692,50,0.32,0.0,89.35652963133194,-55.0,72.25,-25.07484470587369,25.71484470587369,0.0035811596681323593,0.9799004768195803,0.9730464793478839,0.9991628474407761
PI,high,count_b4,50,50,0,0,4,50,1.4507921695405588,6.436012839839748,20.570804281818393,-10.610577679170781,15.888899252116378,-4.395365714690078,7.296950053771194,0.0705267596572706,0.6202225216539847,0.22203311073335785,50,0.7343863066320816,0.10267884687305617,2.7463440682367057,-0.509428053200355,0.7863139057425355,-0.04611604064477448,1.5148886539089377,0.26740506228835176,0.06456607913966493,0.3084779739418636,50,1.3450166908334131,0.7029726437575654,5.620376368336844,-1.4486430818466633,3.5510615959855585,-0.2522765976520227,2.942309979318849,0.23931078680259704,0.09696170014428834,0.14627417055112005,50,0.0033254239363845516,0.05157255786161244,0.18595336260302997,-0.1091796738691677,0.13475565427060796,-0.049521936914826876,0.056172784787595985,0.017883107300853757,0.8998910801747992,0.3177393038865479,50,-1.68,5.0,94.2892726601256,-48.75,55.75,-28.476714761783665,25.116714761783665,-0.017817509379414932,0.9002563131286146,0.8130341611022502,0.9991628474407761
PI,high,count_b8,50,50,0,0,0,50,-1.4602157063618286,0.28220501264694065,13.979977504147552,-11.464257286486117,6.731526580110735,-5.433281347722086,2.512849934998429,-0.10445050472567748,0.46368723304971804,0.8810598365200165,50,0.01623792344627823,0.08714303830297077,1.314465031020449,-0.34721921849334114,0.5360015444612456,-0.3573289045380661,0.38980475143062254,0.012353256315744179,0.9307487461738007,0.40916988955076716,50,-0.18545961973186706,0.004186726110267713,2.602036136685501,-1.5936353355202417,0.944782294088693,-0.9249501066926561,0.5540308672289219,-0.0712748055713428,0.6165277576936437,0.6396530018516378,50,-0.022226643999293687,0.0027592180908321594,0.13454509462170258,-0.11883047747708024,0.06357431142700416,-0.060463936762923685,0.016010648764336312,-0.165198471648393,0.24840679901119989,0.7173535621498253,50,-7.32,-6.0,81.1278758805995,-53.75,46.5,-30.376287188024612,15.736287188024612,-0.09022792622813469,0.5264391490492804,0.4769243990093899,0.9991628474407761
PI,high,eager_b1,50,50,0,0,4,50,-0.1064627947878833,-2.389393328003422,17.88038903188716,-10.294080415692928,10.710233262282824,-5.188013126014789,4.975087536439022,-0.005954165460159836,0.9665882347318318,0.6958284390633942,50,0.711549987142382,0.22214811863570283,2.499938112723213,-0.4731382397809196,1.031994433829809,0.0010754375058839027,1.4220245367788802,0.2846270407739342,0.049667526649054904,0.10382687040086712,50,1.3907897380073073,0.18148969604224874,6.65860701424454,-2.3319932116162008,2.2088016987828407,-0.5015654349367662,3.283144910951381,0.20887097481981387,0.14609012304756677,0.5788512112255246,50,-0.014684821375305716,-0.02264867002479317,0.15905316474387501,-0.10275424727612213,0.09806188254797268,-0.05988723059277572,0.03051758784216428,-0.09232649597983691,0.5169064428089768,0.5084522642448014,50,25.26,-0.5,160.25411071170686,-73.5,73.0,-20.283714284699702,70.80371428469971,0.15762466178132623,0.2704698006036396,0.7997564711447921,0.9991628474407761
PI,low,bounded_b4_w5,50,50,0,0,1,50,-0.3061965622014634,-0.013024715598476178,12.79640100087137,-9.879282637747082,6.181756083705864,-3.9428934835338953,3.3305003591309683,-0.02392833439500786,0.8663367831216601,0.7758190390045979,50,-0.015529300463224902,-0.0664906034224041,0.2774395857420734,-0.21077313027738298,0.17609710753609142,-0.09437675821757616,0.06331815729112636,-0.05597362907563591,0.6939756179886405,0.6396530018516378,50,-0.22149081371011603,-0.1291818722600464,2.372360420408987,-1.9176015248814817,0.8551767488867545,-0.8957081844071413,0.4527265569869092,-0.0933630538617449,0.5122321289669535,0.43710630271165707,50,-0.0008531312418384288,-1.9514242772555324e-05,0.023450244235876286,-0.016632234244346043,0.01013459908608296,-0.007517616905526027,0.00581135442184917,-0.03638048428225887,0.798063878881256,0.7245797902868737,50,101.16,53.0,310.03820436079377,-99.5,254.75,13.048117352874783,189.2718826471252,0.32628236964719143,0.025312248455379823,0.08574124955511736,0.9991628474407761
PI,low,count_b2,50,50,0,0,0,50,5.621837241319533,2.1997653338700047,16.69801868521739,-2.1742976282592963,13.927288539737845,0.8763128442061268,10.36736163843294,0.3366769044459446,0.021214058033838298,0.028083291139889142,50,0.022205125189033333,-0.0002376745052991014,0.4793936789263144,-0.2989209095610352,0.28457423086014666,-0.11403705072736992,0.1584473011054366,0.04631918643309102,0.7446652687541676,0.9192651438406544,50,0.33811963538368284,0.3329737553663126,2.514153453710737,-1.3673266719473371,2.133462467050699,-0.37639486945596157,1.0526341402233272,0.1344864749145041,0.34629044999680647,0.3876052271812995,50,0.009461098235478728,0.004159686071918567,0.029860636710392293,-0.0039487680491176735,0.023560955261601273,0.0009747991904335528,0.017947397280523903,0.3168418117550057,0.02963152723288021,0.0325004148959391,50,74.36,19.5,251.56788023781363,-68.5,186.75,2.865199586611567,145.85480041338843,0.2955862247982754,0.04181941787522662,0.06662781919887767,0.9575363616191549
PI,low,count_b4,50,50,0,0,4,50,0.22384081517042773,0.43507850874357246,12.536735529107041,-3.9425552150456724,6.861265613254176,-3.3390599957027143,3.7867416260435696,0.01785479279280699,0.9000487256558439,0.6675078082538215,50,-0.09929283983183264,-0.13682697168353575,0.9845700824804581,-0.477969023654806,0.47036966114220036,-0.3791045609203544,0.18051888125668913,-0.10084893051156002,0.47916047154667885,0.5271975580152891,50,0.2933526184375113,0.5303184022061114,3.2388296661755214,-2.1503126367210768,2.157437449548789,-0.6271125869666174,1.2138178238416402,0.09057364809922477,0.5248623687176357,0.7684331661508539,50,0.0005938969148657062,0.0006928506030156028,0.02228320713415425,-0.006953014395727597,0.011066282026466423,-0.005738920474701361,0.006926714304432773,0.026652218923882805,0.8512947080876443,0.5722664037295826,50,23.14,36.0,209.37194810447082,-66.0,141.75,-36.36284920213532,82.64284920213532,0.11052101396340727,0.4382673933381185,0.1974979845799424,0.9991628474407761
PI,low,count_b8,50,50,0,0,0,50,-1.3174673339568563,0.26229042624584054,15.844431318140188,-8.528502056027065,7.027286323968923,-5.820404885774736,3.185470217861023,-0.08315018112694877,0.5592589591695356,0.9884471006904338,50,-0.12361943466987108,-0.18079222416792362,0.9736977003527522,-0.7055895001810202,0.4392527859481131,-0.40034125895001016,0.153102389610268,-0.12695874153249628,0.3737174530521281,0.294924012810716,50,-0.30062885878849466,-0.26975529361118866,2.6199553678567913,-2.0093401409028564,1.3708354092512787,-1.045211934894375,0.4439542173173857,-0.11474579394626055,0.42107408573687677,0.44282253656653425,50,-0.0028636246419445656,0.0004861007502941976,0.030425980575759983,-0.01572958724722555,0.01106634869909302,-0.011510592635589966,0.005783343351700835,-0.0941177437096631,0.5088432350834489,0.973047420887899,50,6.8,2.5,199.51932032681313,-86.5,132.5,-49.90276337303368,63.50276337303367,0.03408191241260036,0.8105641683955082,0.6156841653627756,0.9991628474407761
PI,low,eager_b1,50,50,0,0,4,50,-1.4701587350730723,-0.025073111404594783,10.669131086841155,-6.830499916825147,3.497170601432373,-4.502292236841676,1.5619747666955313,-0.13779554521420234,0.3346628129305911,0.32718100833729613,50,0.01176887947218368,0.0020379798960160622,0.05224292220646692,-0.01659128742562637,0.03130476208048877,-0.0030783947212970134,0.026616153665664374,0.22527222779905798,0.11761039549002612,0.31308609275657895,50,-0.12920012773697387,-0.35123117385200153,2.6865901671942116,-2.2854530505691057,1.5712153625004799,-0.8927206042562597,0.6343203487823119,-0.04809074689345205,0.7352701217459748,0.5854713957431565,50,-0.0024622879325866963,-5.8758002693693876e-05,0.0195653822353582,-0.011688511763192718,0.005667988297935194,-0.008022708033142643,0.003098132167969251,-0.1258492117847253,0.377874231026468,0.3319694831715281,50,50.86,-3.5,286.35585183046464,-109.0,124.25,-30.52143253610633,132.24143253610634,0.17761117740353138,0.21510747488287132,0.5303533129809321,0.9991628474407761
PI,medium,bounded_b4_w5,50,50,0,0,1,50,-3.079569226312856,-1.0141810646536271,18.462706677933554,-18.387325758305494,13.050745190787218,-8.32661240122841,2.167473948602698,-0.1667994449586055,0.24391396605176063,0.28611306681020277,50,0.03295025918400663,0.01630694015910561,0.30078349849609,-0.1749077456780736,0.1511849177471125,-0.0525314651612872,0.11843198352930046,0.10954809472180857,0.4422850086513369,0.8355838689274765,50,-0.42696154162673067,-0.9860505079156585,3.7317618564361426,-2.8204403106043605,2.330288617578735,-1.4875165252915115,0.63359344203805,-0.11441285860467039,0.4224140274700515,0.34660510726369287,50,-0.0219057749706747,-0.005844306257492649,0.10622762921727524,-0.10602925774249011,0.06608749470377628,-0.05209533312132984,0.008283783179980447,-0.2062154180798782,0.1511757703200492,0.18761329108286684,50,126.76,12.0,543.2034068601648,-106.0,87.0,-27.616699921417776,281.1366999214178,0.23335641566149354,0.10532338677234611,0.6604879855518258,0.9991628474407761
PI,medium,count_b2,50,50,0,0,0,50,-2.4218789318252276,-0.9483146117740375,16.23503647934439,-14.614827102120444,5.945313290823847,-7.035825242051908,2.1920673784014526,-0.1491760696014789,0.2966747112254229,0.3224376107459681,50,-0.044281841150022636,-0.017381174606130534,0.26277179859461886,-0.14962411506256462,0.13055355519864842,-0.11896075992546293,0.030397077625417657,-0.1685182404917689,0.2391562975263983,0.3770877085058949,50,-0.8732463632497547,-1.410482279774568,3.5675389359541136,-3.863366203770246,1.9337275295701746,-1.8871297093745312,0.1406369828750218,-0.24477556627317115,0.0897765779668394,0.09023670580323977,50,-0.020009906671268854,-0.005015787445016365,0.09709393760213333,-0.09312973384323515,0.03288530323832843,-0.04760369838924308,0.007583885046705374,-0.20608811595698637,0.15142301642176056,0.29049606380057824,50,41.42,-8.5,265.95036286909647,-92.25,52.0,-34.162256746051185,117.00225674605119,0.15574334831942815,0.2761587978401866,0.7721183594825546,0.9991628474407761
PI,medium,count_b4,50,50,0,0,4,50,3.495294411173828,3.3692199909513647,14.774297840674885,-6.922834522896693,15.177691275903655,-0.7035145717872431,7.694103394134899,0.23657939273100267,0.1007269207690639,0.10589464868129148,50,0.055679793495551924,0.07374299778664017,0.4811589427775312,-0.19286293606013244,0.312243632982332,-0.08106406485582836,0.19242365184693222,0.11572016758981045,0.4171673936696193,0.27323322826893637,50,0.7831455366493847,0.9308788234760872,3.5515502000228496,-1.4807409897259962,3.5245787966526425,-0.22619386100634453,1.792484934305114,0.22050808591818474,0.12537856929956862,0.14627417055112005,50,0.01539264956313286,0.018872436669598022,0.08377614437064701,-0.03658752953104925,0.08505454009282437,-0.008416267201282931,0.03920156632754865,0.1837354736096693,0.19995328776031757,0.1436119886726997,50,52.7,0.5,289.478436685917,-60.75,78.25,-29.568861331878608,134.9688613318786,0.18205155659721659,0.20403765927144035,0.6258926164498699,0.9575363616191549
PI,medium,count_b8,50,50,0,0,0,50,-1.3205404334290187,-0.7588912114922266,17.58436556233463,-13.183884527531795,8.034883146109351,-6.31796182556668,3.6768809587086433,-0.07509741700647937,0.5978045421853061,0.47800433690945443,50,0.04644861739826829,0.033265572160881884,0.710089904760642,-0.3576955203885206,0.3418430630452759,-0.1553567003888517,0.24825393518538824,0.06541230495865907,0.6457452872542188,0.7684331661508539,50,0.4869017255682552,0.6558311160280184,4.1891635169719175,-2.7124270627269826,3.6373555812137655,-0.7036453715485443,1.6774488226850548,0.11622886611984193,0.41513657842889884,0.5022824092698657,50,-0.013713386722016146,-0.004373896295780343,0.09881966707702541,-0.09071221360271645,0.042657913002710025,-0.041797625329546687,0.014370851885514391,-0.13877183689889572,0.3312823689910164,0.34660510726369287,50,39.08,-21.0,246.90780234156807,-54.75,74.75,-31.09042093065017,109.25042093065017,0.15827770378004252,0.26851453137325293,0.746385269903167,0.9991628474407761
PI,medium,eager_b1,50,50,0,0,4,50,-0.002435722046706985,-0.31497156116930114,16.331740285002805,-9.54327596844412,8.294367074717023,-4.643864949719875,4.638993505626461,-0.0001491403857887498,0.9991628474407761,0.9346046719840639,50,0.044763529965725926,0.04193065556118025,0.20443539568946698,-0.044059823445598195,0.17386829953806682,-0.013336366564918552,0.1028634264963704,0.2189617400389939,0.12798682422842303,0.048370886197753156,50,0.7373927780271751,0.8519786018632836,3.16487975671635,-1.39708582649335,2.84663679622441,-0.16205609567207302,1.636841651726423,0.23299235190920503,0.1058532185247533,0.08486859077878148,50,-0.003422528828038406,-0.001606263301469756,0.0959992011634755,-0.05066261522960759,0.04729348071452181,-0.030705199892958213,0.0238601422368814,-0.03565163862364059,0.8020219439067855,0.9961489139450291,50,109.62,-14.5,486.10798707904485,-85.75,81.0,-28.53036117773175,247.77036117773176,0.22550544922886642,0.1172403388093849,0.9154332545749697,0.9991628474407761
