planned_pair_n,both_completed_n,causal_incomplete_n,zero_incomplete_n,hardware_backed_pair_n,mission_delta_s_n,mission_delta_s_mean,mission_delta_s_median,mission_delta_s_std,mission_delta_s_q1,mission_delta_s_q3,mission_delta_s_ci95_low,mission_delta_s_ci95_high,mission_delta_s_cohen_dz,mission_delta_s_paired_t_p,mission_delta_s_wilcoxon_p,assignment_latency_delta_s_n,assignment_latency_delta_s_mean,assignment_latency_delta_s_median,assignment_latency_delta_s_std,assignment_latency_delta_s_q1,assignment_latency_delta_s_q3,assignment_latency_delta_s_ci95_low,assignment_latency_delta_s_ci95_high,assignment_latency_delta_s_cohen_dz,assignment_latency_delta_s_paired_t_p,assignment_latency_delta_s_wilcoxon_p,completion_latency_delta_s_n,completion_latency_delta_s_mean,completion_latency_delta_s_median,completion_latency_delta_s_std,completion_latency_delta_s_q1,completion_latency_delta_s_q3,completion_latency_delta_s_ci95_low,completion_latency_delta_s_ci95_high,completion_latency_delta_s_cohen_dz,completion_latency_delta_s_paired_t_p,completion_latency_delta_s_wilcoxon_p,allocation_attributable_mission_fraction_n,allocation_attributable_mission_fraction_mean,allocation_attributable_mission_fraction_median,allocation_attributable_mission_fraction_std,allocation_attributable_mission_fraction_q1,allocation_attributable_mission_fraction_q3,allocation_attributable_mission_fraction_ci95_low,allocation_attributable_mission_fraction_ci95_high,allocation_attributable_mission_fraction_cohen_dz,allocation_attributable_mission_fraction_paired_t_p,allocation_attributable_mission_fraction_wilcoxon_p,allocator_calls_delta_n,allocator_calls_delta_mean,allocator_calls_delta_median,allocator_calls_delta_std,allocator_calls_delta_q1,allocator_calls_delta_q3,allocator_calls_delta_ci95_low,allocator_calls_delta_ci95_high,allocator_calls_delta_cohen_dz,allocator_calls_delta_paired_t_p,allocator_calls_delta_wilcoxon_p,mission_delta_s_bh_q,aggregation_level,algorithm,arrival_load,policy_id
3000,2967,32,1,104,2967,-0.024378992657141628,0.0031129999999564006,14.15660810756501,-5.362501131012877,5.058248789043638,-0.5339747333403682,0.48521674802608494,-0.0017220927832362599,0.9252722259426835,0.2529817409163556,2967,0.12064102646175973,0.0027139355951311117,2.269401329001911,-0.20624944094090103,0.2112434751197736,0.03894933574226957,0.2023327171812499,0.053159846572760225,0.0038116960855299467,0.10003021763154753,2967,0.34710529841890964,0.00676635542991022,6.1164580220608835,-0.9002487656848288,0.9638212818486984,0.12693102133029274,0.5672795755075265,0.05674939600124252,0.0020123467786042583,0.02381050408566951,2967,-0.004999406203458557,8.45958049031537e-06,0.09486393027563321,-0.02359955114563731,0.02082235339058064,-0.0084142252367763,-0.001584587170140814,-0.05270081251042902,0.004125667700056719,0.4189263333615405,2967,81.60835861139198,0.0,488.9335122530968,-40.0,57.5,64.00820796596138,99.20850925682258,0.16691095326095656,1.7403289305801853e-19,0.00038119966261000433,0.9252722259426835,overall,,,
750,750,0,0,26,750,-0.526063779811792,-0.04579656494979645,13.00258829486496,-7.2172057901506435,6.6538986395211275,-1.458136135653961,0.4060085760303772,-0.04045838935156836,0.2682180822475466,0.39630185472339197,750,-0.09056097529796489,-0.03757807661027224,1.0970573169662516,-0.4355343770151543,0.2739867208738411,-0.16920199466504338,-0.01191995593088642,-0.08254899165013344,0.024064227409658297,0.002197497522262075,750,0.010123031320817105,0.027202672403433326,2.5883595624968376,-1.4014920519512843,1.4180293431602533,-0.17541990370665,0.1956659663482842,0.003910983414936376,0.914733019993707,0.9573379842319789,750,-0.009080498850986692,-0.0001331519992363747,0.09432637040813721,-0.035295894859802376,0.02543479774483754,-0.015842152784078987,-0.0023188449178943946,-0.096266810773028,0.008553255083422634,0.16220967441660217,750,60.02,3.0,371.1665237929098,-58.75,82.0,33.41344687410954,86.62655312589047,0.1617063936334081,1.0902074588336734e-05,0.06681807136524814,0.3576241096633955,algorithm,ACBBA,,
750,718,32,0,26,718,-0.34780495646792764,0.001333000000016682,8.198014727494387,-1.5445913687789243,1.2107230034181846,-0.9484643755182007,0.25285446258234545,-0.04242551008129618,0.2559959657772592,0.525064094878295,718,0.056841063124730404,0.003216478145599666,1.1192516276017408,-0.09259698486533152,0.15810909936445405,-0.025165258497457058,0.13884738474691788,0.050784883151365805,0.17400211943897287,0.009204099488209095,718,0.005978007463336333,0.003624342145169379,1.5332522905710892,-0.22020847679274524,0.21090721435061432,-0.10636168217191402,0.1183176970985867,0.0038989065922801977,0.9168230223696588,0.14417275480155525,718,-0.0031570665044274586,2.847885776357986e-06,0.05465878643606818,-0.005802595061067302,0.005008258120479213,-0.00716185498041939,0.0008477219715644735,-0.05775954261480231,0.12213648966925503,0.4750167938780303,718,230.974930362117,0.5,848.8744385837155,-8.0,37.75,168.77884459317124,293.17101613106274,0.2720955183283427,8.156817342967621e-13,1.6030113196946801e-06,0.3576241096633955,algorithm,CBAA,,
750,749,0,1,26,749,0.7644790455550269,0.003154000000023416,17.14673551224832,-2.594816173895552,3.218698460533517,-0.46548361554493456,1.9944417066549884,0.04458452426754594,0.22277997355467605,0.0005477631109982629,749,0.41149901614878376,0.003138239999985082,4.016327712076676,-0.06986592765589439,0.11558943505545649,0.1234014294643308,0.6995966028332368,0.10245653384096357,0.0051778489957569436,0.00010822122500488559,749,1.1131206887481286,0.007625760000010473,11.10759375042469,-0.24196671448289564,0.4636808270198678,0.3163552894142079,1.9098860880820494,0.1002125855301081,0.0062411852584683,0.00018698346724036648,749,-0.0019871454657542286,8.056344140814696e-06,0.10820309173496133,-0.012966153117511042,0.020848292799184348,-0.009748725654269411,0.005774434722760954,-0.01836496013091431,0.6153866203306443,0.0008575844381312968,749,-2.4365821094793056,-1.0,112.06791197864926,-26.0,26.0,-10.475392012548829,5.6022277935902185,-0.0217420139847302,0.5520017134780623,0.028722561422561202,0.3576241096633955,algorithm,HIPC,,
750,750,0,0,26,750,-0.0008739769755177349,0.33635325947379613,16.297686207721735,-9.650544959026401,10.02810193299755,-1.169150818010835,1.1674028640597995,-5.362583156765225e-05,0.9988286151074909,0.6333129544279175,750,0.10245068075535908,0.026270395796989518,1.3224446919573187,-0.28850343324847316,0.29505257785467953,0.0076530826501864935,0.19724827886053167,0.07747067335097718,0.034197271632875684,0.1949475437732534,750,0.2456660555830242,0.12756077771382834,3.8935210767911395,-2.3319932116162008,2.238548141372398,-0.03343555713196536,0.5247676682980138,0.06309611550516912,0.08440787748943088,0.536736762009093,750,-0.0056902911511902505,0.0014169952510875,0.11025899750144555,-0.03960136420148495,0.041808106885059204,-0.013594053173291216,0.0022134708709107146,-0.05160840638983361,0.15796698730340195,0.8260343813169333,750,44.136,3.0,276.07413268840105,-68.75,93.5,24.346011929426087,63.92598807057392,0.15987010289665696,1.3667025423489936e-05,0.04299272407511944,0.9988286151074909,algorithm,PI,,
1000,992,8,0,32,992,0.5519974730246007,0.030174624620762813,17.183814032271698,-5.577654752650147,6.217676028828091,-0.5186402972451816,1.622635243294383,0.03212310561484974,0.3119043939576745,0.2520257406115257,992,0.3648168655838923,0.04247871164267636,3.7938076699066383,-0.42338335739043664,0.43352319778613047,0.1284436263883868,0.6011901047793978,0.09616113870972011,0.00251975522875911,0.015674434554173715,992,1.0088243225445657,0.048532145251781955,10.04031013463726,-0.7985384614038349,1.0312777823263435,0.3832626611359169,1.6343859839532144,0.10047740647615094,0.001600080519035693,0.002278236244159081,992,-0.006264293393164566,0.0002825312410578397,0.13881905345415016,-0.05652583633065013,0.057095631486936325,-0.014913416433136435,0.0023848296468073037,-0.04512560226636012,0.15555072763094702,0.5658209060413655,992,31.839717741935484,0.0,383.00494066827355,-26.25,33.25,7.976589631418985,55.702845852451986,0.08313134991517604,0.008971523825818046,0.19116432307298858,0.4293299594511481,arrival_load,,high,
1000,994,6,0,36,994,0.23633770763127,0.0013415000000236432,9.423999716113586,-2.147942545122433,2.8312469535480034,-0.3502322759175998,0.8229076911801398,0.02507828042770088,0.42932995945114805,0.001993996435631731,994,-0.03814730360889918,0.0010391699999915405,0.5046496263618407,-0.14839557129193648,0.07657914152252321,-0.0695577802589433,-0.006736826958855066,-0.07559166125597612,0.017348378672420343,0.06916147860580091,994,-0.02780300221287458,0.0028800399999999726,1.6818308456989635,-0.6361630691911992,0.5080276856603767,-0.1324837663481748,0.07687776192242562,-0.016531390349972884,0.6023451972629569,0.5456096997801667,994,0.0003449926144525498,2.4333131566372254e-06,0.017192568636615592,-0.0037714123060038013,0.005090382399963426,-0.0007251097843303401,0.0014150950132354395,0.02006637994265775,0.527109103608098,0.0021964586069473705,994,128.77665995975855,0.0,504.17175099365807,-43.75,118.5,97.39592729902866,160.15739262048845,0.2554222042507463,2.3019945244389737e-15,8.085099195053312e-07,0.4293299594511481,arrival_load,,low,
1000,981,18,1,36,981,-0.8713900569211268,0.0037610000000256605,14.725301654285333,-8.500990158597205,6.578377429598419,-1.7939922656746994,0.05121215183244565,-0.05917638072069894,0.06411702632365168,0.18327070957596403,981,0.03461979066265616,0.006596487923900329,0.8253918086666164,-0.18090995123011133,0.20130911847389443,-0.017094484782513658,0.08633406610782597,0.04194346284897457,0.18925199846138127,0.2044353106225596,981,0.05784289158439645,0.011291018630053884,2.784014683945135,-1.458174294063916,1.5397810768485911,-0.11658736165681094,0.23227314482560385,0.02077679112756302,0.5153615802774865,0.643311724325923,981,-0.009135557409182595,2.03935725678977e-05,0.08603484556998202,-0.050904407542296505,0.03755265257589093,-0.014526003079919539,-0.0037451117384456516,-0.10618438783331803,0.0009144000121227019,0.06469016974211786,981,84.14169215086646,-1.0,559.3206131282799,-52.0,52.0,49.097898469167646,119.18548583256528,0.15043552870376442,2.8102301574070254e-06,0.8542828523067589,0.19235107897095505,arrival_load,,medium,
600,596,4,0,8,596,-0.6826186002930884,0.00300150000005317,13.63386363697925,-6.120852941355366,5.234334579680066,-1.7794205877462805,0.41418338716010383,-0.0500678764632511,0.22207340002445622,0.9115820867442256,596,-0.010117631301384607,0.0018714800000005916,1.0099208935383213,-0.18661836339365134,0.15924611680126433,-0.09136263071585399,0.07112736811308479,-0.010018241395062983,0.8068687258150372,0.9901347648231431,596,-0.08257705111942375,0.004120116985222744,2.497738377086127,-0.9983664267405628,0.8060954373114528,-0.2835123464304124,0.11835824419156489,-0.03306072880849856,0.41992260057658537,0.8242466185598128,596,-0.008266383866198289,8.409971709730651e-06,0.09820558181639748,-0.028371186409372046,0.02022884350917164,-0.016166717930202964,-0.00036604980219361385,-0.0841742771979387,0.04031930846964041,0.9683249350626495,596,87.15268456375838,0.0,542.3982646437756,-43.25,61.25,43.51842867763571,130.78694044988106,0.16068024225888075,9.777090688771704e-05,0.1403471352089558,0.5745668744106095,policy,,,bounded_b4_w5
600,594,6,0,0,594,0.026494145819864475,0.0033604999999994334,12.754571733137652,-5.513738019144654,5.370274018342371,-1.0013045358561297,1.0542928274958585,0.002077227395337002,0.9596402530961026,0.511130969529972,594,-0.01994196091461396,0.002229011336034148,0.942586534865452,-0.25280511825605334,0.21522890204256728,-0.09589819199552466,0.05601427016629673,-0.02115663674047767,0.6063036438807665,0.8383768626757268,594,-0.0089333773210132,0.006221066981494161,2.4302967985303394,-1.1175463354798971,0.8930806812891325,-0.20477341788632622,0.1869066632442998,-0.0036758379990523933,0.9286449116569634,0.8447316785084427,594,-0.005125405838902279,9.97237102942793e-06,0.09001609759914024,-0.020395964333446728,0.024023004230030592,-0.012379152054593855,0.002128340376789296,-0.056938769571268685,0.16574406576114684,0.5888832512419699,594,99.94781144781145,0.0,558.4839200985941,-33.75,61.5,54.94363186228734,144.95199103333556,0.17896273796059656,1.5219057780672043e-05,0.012202964794533104,0.9596402530961026,policy,,,count_b2
600,595,4,1,48,595,0.6409028441196167,0.0181180000000154,13.378585330832001,-3.799535846426693,5.795309898382854,-0.43627053779409697,1.7180762260333304,0.04790512810368715,0.24306112718792136,0.020114993419399128,595,0.18843806993532947,0.005927820000004136,1.8897878977778326,-0.30162011537137356,0.32033223618966344,0.036282279871510975,0.34059385999914793,0.09971387273508862,0.01529831113346263,0.27086491301395077,595,0.6039353376686235,0.013953795478322206,4.782130165979472,-0.7799510067231026,1.0315342021996319,0.21890334839182063,0.9889673269454264,0.12629002488578767,0.0021617760495639747,0.010411330680755622,595,0.0005625056394645614,0.00014910519404330114,0.09534781299128389,-0.0165318171376802,0.025743220309059588,-0.0071143991780577565,0.00823941045698688,0.005899512760885058,0.885624622820038,0.01622500064769828,595,80.80672268907563,0.0,529.0040142501534,-38.0,55.0,38.21409955406057,123.39934582409069,0.15275256994716122,0.00021308217575161258,0.0521025527887678,0.5745668744106095,policy,,,count_b4
600,595,5,0,0,595,-0.5035705559777339,0.0043520000000398795,12.990146471040969,-5.359764484471725,3.895319793269657,-1.5494688822767455,0.5423277703212777,-0.03876557951831779,0.3447401246463657,0.8582942563412508,595,0.002895511936242934,0.004682858962865577,1.0609653342565573,-0.33164484506955194,0.28110663800069124,-0.08252784105165309,0.08831886492413896,0.002729129635768812,0.9469459297133567,0.5746991439984022,595,0.024935601063514185,0.006318043288018771,2.424699878552695,-0.8405219629159433,0.9418935889151285,-0.1702884905515558,0.22015969267858418,0.010283994849869115,0.8020140489283383,0.416017762330561,595,-0.007767998692305002,1.0966862852464984e-05,0.0881324404467793,-0.023626911888033987,0.01776040387277391,-0.014863959631731352,-0.0006720377528786521,-0.08814006117300108,0.0319608631056327,0.952668248087643,595,63.68403361344538,-1.0,372.4815151410197,-39.0,54.0,33.693779528797364,93.6742876980934,0.17097233292056094,3.493223836031152e-05,0.29242732076750033,0.5745668744106095,policy,,,count_b8
600,587,13,0,48,587,0.4038466448032739,0.0009580000000255495,17.527492844789492,-5.823372543422664,4.7353832797641076,-1.0169985268785369,1.824691816485085,0.023040753653670892,0.5768983070899786,0.501494458379631,587,0.4462931470823875,0.001853049164987075,4.382824775454497,-0.0633133587639351,0.12029149278546694,0.09100471674745958,0.8015815774173154,0.10182774122794061,0.013906407625581652,0.029175229571582563,587,1.2098902222472594,0.00402049999999754,12.110634625512088,-0.8729668199657947,1.086485141604177,0.22815616101917335,2.1916242834753454,0.09990312313596862,0.015803814868044344,0.09868134691565027,587,-0.004386224849504843,1.4820559627631389e-06,0.10206568734142854,-0.02791708321298616,0.017195427350212976,-0.012660057298768398,0.00388760759975871,-0.042974529087646395,0.29821653620333066,0.2881932913871367,587,76.40204429301534,-1.0,413.02921397875633,-45.5,56.5,42.920326762621016,109.88376182340966,0.18497975859147092,8.908178512419233e-06,0.3623122438081591,0.7211228838624733,policy,,,eager_b1
250,250,0,0,8,250,-0.6012640577626152,-0.03042450882475123,13.792456282045928,-7.2172057901506435,6.877980877852238,-2.3193137714205987,1.1167856558953686,-0.04359368958416054,0.491290926963291,0.610174377598125,250,-0.21574556945069742,-0.16106656958463672,1.7142404827761701,-1.2135605352601586,0.4905721836926782,-0.42927899020971894,-0.0022121486916758804,-0.12585490286713027,0.04769114790201098,0.0047765637677090545,250,0.058736482882761946,0.03359616091959339,2.991102287775865,-1.2995977222633002,1.2760162364385153,-0.31384852474379715,0.43132149050932106,0.019637069291414115,0.7564486076120567,0.955754316086237,250,-0.01463198707540524,-0.00030361396678922473,0.13644733722461147,-0.07591917145756151,0.06585240523373076,-0.03162847441996143,0.0023645002691509466,-0.10723541677708914,0.09122284428872576,0.3550445425890363,250,19.26,0.0,234.4829405257243,-37.75,46.5,-9.948238227465659,48.46823822746566,0.08213817157366744,0.19524196531992552,0.8389055299710864,0.6756173765746688,algorithm_x_load,ACBBA,high,
250,250,0,0,9,250,0.4898196970107156,0.11231897926302281,9.521518286574297,-3.751815639881542,6.147494601223229,-0.6962229796032047,1.6758623736246359,0.05144344444534439,0.4167702748374408,0.2978497278544797,250,-0.06840588808962371,-0.030366882020475043,0.6067582371753322,-0.3164540608142299,0.17854742032408116,-0.1439863934268551,0.007174617247607665,-0.1127399413777662,0.07587383624212331,0.04051372776322065,250,-0.009381101831917918,0.17527253830346634,1.739563442281772,-1.1062780666697147,1.1454623654129077,-0.22606886308243015,0.2073066594185943,-0.0053927908599946195,0.9321172395166673,0.9300273718352601,250,0.000743429087197452,0.0002165020188494814,0.0170573657037692,-0.007211958770252687,0.011109524735309441,-0.0013813122687905998,0.0028681704431855037,0.04358405043946352,0.4913866579574223,0.31226781924618663,250,44.528,19.0,250.61085454878182,-100.0,160.5,13.310797052792317,75.74520294720767,0.17767785868721242,0.005358443885247468,0.023315119938611583,0.6756173765746688,algorithm_x_load,ACBBA,low,
250,250,0,0,9,250,-1.4667469786834764,-0.8998582265420083,15.024594380597247,-9.922979948824441,7.188269208613626,-3.3382772953692754,0.4047833380023227,-0.0976230666551393,0.12396580331807891,0.08752702955162543,250,0.012468531646426497,-0.010003489325787762,0.5353602304977578,-0.28037735709262235,0.270824971720576,-0.05421832034728587,0.07915538364013887,0.023289984829156483,0.7130019375187254,0.9467084804466233,250,-0.018986287088392714,-0.11796715877199304,2.8594140038984412,-1.8639337040205337,1.9905015048273302,-0.37516761622715183,0.3371950420503664,-0.006639922397563755,0.9164711273286177,0.8774407797067004,250,-0.013352938564752287,-0.004952250099669202,0.08780012236612421,-0.05947763720793305,0.0432342145634805,-0.024289712407321234,-0.0024161647221833393,-0.15208337078473402,0.016918821099996248,0.04669475073215744,250,116.272,-1.0,539.9317058703036,-59.5,61.75,49.015704696540084,183.5282953034599,0.2153457534274336,0.0007713217409167718,0.6411909530662974,0.6756173765746688,algorithm_x_load,ACBBA,medium,
250,242,8,0,8,242,-0.26532866608409816,0.017745000000012112,7.126638983656657,-0.1704240486763382,0.18734937591659317,-1.1677546729147523,0.6370973407465559,-0.03723054678265165,0.5630144804788907,0.4015281951811962,242,0.10421026833536148,0.01029213357793779,1.1613610309771443,-0.04021309698024833,0.12865445849991008,-0.04284957292738317,0.25127010959810614,0.08973115642401157,0.16403245780043654,0.002277112528927541,242,0.09345331224506655,0.011205223359212368,1.3579616439270101,-0.04307244890440387,0.12869662173892138,-0.07850150496520027,0.2654081294553334,0.06881881580602996,0.2854340205844553,0.003965869493993516,242,-0.004455194316837521,0.00017567278045865442,0.06884448694207809,-0.0016078929442157044,0.0018949447270667752,-0.013172775716136556,0.0042623870824615145,-0.0647138865394679,0.31508297223501897,0.46163667700860656,242,104.70661157024793,0.0,719.5280269842564,-2.0,7.75,13.594825820582116,195.81839731991374,0.1455212412073824,0.024477473069443242,0.006003656890271863,0.6756173765746688,algorithm_x_load,CBAA,high,
250,244,6,0,9,244,-0.49252086630832864,0.00042100000007394556,5.673887324102373,-1.5900540141813906,1.4521872671130325,-1.2080087468062664,0.22296701418960901,-0.08680483734954095,0.1763785746865352,0.32288398897887094,244,-0.03882406616576779,0.0008136240431189101,0.3997787182520207,-0.07156439280271865,0.030584809668941115,-0.08923691567288633,0.011588783341350752,-0.09711388924233101,0.13057472371919582,0.5699528678903003,244,-0.13270006785547864,0.0011414399999969405,0.8145040522929955,-0.25994832070453544,0.09463668846307183,-0.23541056327834858,-0.029989572432608677,-0.16292131080490121,0.01155003671528996,0.18079840750085951,244,-0.0008506604118828087,8.165457859460549e-07,0.01039304119233604,-0.0029743550977498223,0.0026533842484234614,-0.0021612424854894055,0.0004599216617237878,-0.08184903688345779,0.2022848954239377,0.31062133639970935,244,420.87295081967216,4.5,878.0001618471391,-8.5,429.25,310.1554763629092,531.5904252764351,0.4793540697466826,1.2889815190435392e-12,2.8646267586939867e-08,0.6756173765746688,algorithm_x_load,CBAA,low,
250,232,18,0,9,232,-0.2816350438465004,0.004442999999980657,11.032600864896907,-4.398977007901443,3.898208800438752,-1.7087643713043175,1.1454942836113164,-0.025527529482426547,0.6977646880455843,0.9369145763950737,232,0.10804340746054435,0.00735996291215546,1.5160482808282698,-0.3131841386040677,0.6281970304687512,-0.08806601314725411,0.3041528280683428,0.0712664687707152,0.2788324285654958,0.06736848992109074,232,0.06058329462114729,0.0055800533240635275,2.1549336518956985,-0.5717318332733985,0.9170730465038988,-0.2181695625705973,0.3393361518128919,0.028113763302110052,0.6688927933405361,0.2926248977038348,232,-0.00422868786640013,2.7666373927759432e-05,0.06485555994157396,-0.02766005869082186,0.024844069331060432,-0.01261812139841647,0.004160745665616211,-0.06520162450543333,0.32168986113091835,0.8473531078516712,232,162.9655172413793,0.0,908.9157608258608,-26.25,27.5,45.39212232319544,280.53891215956315,0.17929661280524528,0.006802199871211507,0.7113402900713128,0.7611978415042738,algorithm_x_load,CBAA,medium,
250,250,0,0,8,250,2.9355952149839086,0.5235982384129798,24.638896386199473,-5.396480745598179,7.0559094483837725,-0.13353533112934102,6.004725761097158,0.1191447526289436,0.060751275413263056,0.15275494981752416,250,1.2413298677908389,0.11195249538020047,6.877673340439156,-0.12139715555174235,0.4257585275045226,0.38461627946820365,2.098043456113474,0.18048688943862767,0.004684189160630651,1.5043674610391598e-05,250,3.2542943737625656,0.23737118294473802,18.946847371129433,-0.5471929503657513,1.0652389972978122,0.8941907754597804,5.614397972065351,0.17175914863394898,0.0070757449613917415,0.0016361786773083833,250,0.0032021731846196147,0.005044818455075117,0.1638683413247685,-0.05577496410532545,0.06057086442494472,-0.017209996419797324,0.02361434278903655,0.019541133807373264,0.7576008450804609,0.25840180155038195,250,-1.504,2.0,84.99285337308068,-32.0,37.5,-12.091087927962302,9.083087927962303,-0.017695605457533136,0.7798693044944347,0.7086445859698932,0.6756173765746688,algorithm_x_load,HIPC,high,
250,250,0,0,9,250,0.38018830899642875,0.0015575000000183081,5.892158017870644,0.00045549999998684143,0.008766749999722379,-0.3537651064374636,1.1141417244303211,0.06452445909348241,0.30861373618101146,1.9086392144854635e-12,250,-0.004481988420827749,0.0017935099999930593,0.21825958180439112,-0.006370958713304991,0.005492089784764009,-0.031669372912324724,0.02270539607066923,-0.020535127868267437,0.7456891640866967,0.01244319336492748,250,0.032321140543353825,0.003791260000004293,0.5769471498370301,-3.677512583344367e-05,0.023293683068589033,-0.03954596313299472,0.10418824421970238,0.05602097272251636,0.37659644016319005,1.0972044816888747e-05,250,0.0006833158430685582,2.568349710109544e-06,0.011008932218614188,8.059734439224614e-07,1.5617991210460353e-05,-0.0006880057300504422,0.0020546374161875586,0.0620692206564039,0.32734784119575167,1.9449389453490984e-12,250,5.452,-2.0,146.33663018305887,-6.0,0.0,-12.776341670435565,23.680341670435567,0.03725656380893735,0.5563429969575779,1.696345747910058e-05,0.6756173765746688,algorithm_x_load,HIPC,low,
250,249,0,1,9,249,-1.0295223930697561,0.013138999999995349,15.305589105721493,-8.109875738423995,6.778163497117987,-2.939916825345489,0.880872039205977,-0.06726447351738346,0.2895336616229463,0.9575891997634758,249,-0.004012878502263962,0.005532160000001007,0.26444380530608746,-0.08779309714051142,0.04890933469645997,-0.037019904224502125,0.028994147219974196,-0.015174787314904768,0.8109512612257752,0.4069174846921484,249,0.04848802126854797,0.020387105649664505,2.103327950142572,-0.857413551730243,0.8124032433143569,-0.2140426123089752,0.3110186548460711,0.023053000966996733,0.7163395221195276,0.9477878356332138,249,-0.009878490806313095,8.126947432492955e-05,0.0901826413099674,-0.04840642212819889,0.037434166777292915,-0.021134798202026364,0.0013778165894001732,-0.10953871679539372,0.08514471183997842,0.7876130283859348,249,-11.293172690763052,-2.0,94.78493479709851,-53.0,42.0,-23.12392356544228,0.5375781839161746,-0.11914522824684952,0.06126933625561468,0.09562376159802556,0.6756173765746688,algorithm_x_load,HIPC,medium,
250,250,0,0,8,250,0.11283296450972921,0.3813112737287483,17.91249860790953,-9.649744544378787,11.895011534734206,-2.1184275502890904,2.3440934793085484,0.006299119233980352,0.9207437632619667,0.5002561306696132,250,0.3211334845481136,0.08714303830297077,2.1351264271527373,-0.6085091240237808,0.8299931096861759,0.055172638141920194,0.587094330954307,0.1504049036460833,0.01815693444444139,0.09964970813982632,250,0.5995212489582847,0.19238247802444697,4.95391743781925,-2.3258902666203953,1.9079061764787948,-0.017560745828226976,1.2166032437447964,0.12101962870463144,0.05683225627289232,0.2958269049294151,250,-0.009114274194592653,0.00392753520782366,0.1626848160245418,-0.09534161413602116,0.11089829336779286,-0.02937901862240719,0.011150470233221885,-0.056024123315956666,0.37656964412838634,0.8739974541549417,250,7.228,-0.5,116.14144547675355,-49.75,63.0,-7.2390951326417525,21.695095132641754,0.06223445876990338,0.3260641887911184,0.7924851980487815,0.9207437632619667,algorithm_x_load,PI,high,
250,250,0,0,9,250,0.5503710850517138,0.3926086374142983,14.024196748907098,-6.798341411800095,6.952055645090326,-1.196545252113504,2.2972874222169315,0.03924439273818688,0.5354906814817693,0.46006293940733156,250,-0.04089351406074232,-0.01027001873539752,0.6646704436640609,-0.29317291377009463,0.20078552980010822,-0.12368782147503951,0.04190079335355487,-0.061524496012358876,0.33160287641339525,0.2324938824781364,250,-0.003969509282878079,0.0018130606458885978,2.6941488810033816,-1.9854697180725438,1.7686486403410822,-0.3395646794908952,0.331625660925139,-0.0014733815606358454,0.98143265447005,0.7754337843578659,250,0.0007751902667949489,0.0007368597571151076,0.025677861335778075,-0.01135129037192247,0.011042151895816687,-0.0024233583755313578,0.003973738909121256,0.030189051052894454,0.6335452753156436,0.47181994491778023,250,51.264,23.5,255.20463933036754,-91.75,163.5,19.4745747838058,83.0534252161942,0.20087409121758842,0.0016810065415478622,0.0068195049262874015,0.6756173765746688,algorithm_x_load,PI,low,
250,250,0,0,9,250,-0.6658259804879962,-0.025687708191171055,16.753491193205356,-12.571563893398142,9.96929727287879,-2.7527153755790055,1.4210634146030132,-0.03974252129359357,0.5303280836900184,0.6255631737038488,250,0.027112071778706028,0.022671608947757882,0.4309666974902602,-0.16505838135630874,0.21339408793019604,-0.02657105732304065,0.08079520088045271,0.06290989985210808,0.32085130217965063,0.2025418954111602,250,0.14144642707366592,0.056326050684942786,3.6880016475348913,-2.611276824763279,2.862547370630973,-0.3179474651343147,0.6008403192816465,0.03835313554380068,0.5447907952682083,0.6932182031946237,250,-0.008731789525773049,-0.0001469694197398344,0.0968506875787215,-0.07826117490124214,0.054539201735824674,-0.020795942034909656,0.003332362983363559,-0.0901572280390445,0.1552619090068526,0.3573218955062032,250,73.916,-8.0,385.143645220605,-77.0,81.0,25.940794144187144,121.89120585581284,0.19191800492427163,0.002664764741985862,0.8270894282240479,0.6756173765746688,algorithm_x_load,PI,medium,
150,150,0,0,2,150,-0.4821600574817393,0.07601994113516497,13.255175017748599,-7.276652773123736,7.827245882990265,-2.6207606035492823,1.6564404885858037,-0.036375231321814305,0.6566023391391564,0.9319681200413379,150,-0.12287642891835542,-0.054454601802635505,0.973960700782534,-0.36984643799101513,0.23671970275609427,-0.28001602788652047,0.034263170049809624,-0.12616158826493684,0.12442943451679901,0.09891172434248593,150,-0.014821617795260984,0.1270697276324535,2.5367519994703938,-1.0917661998917163,1.4087633438153646,-0.4241032156648585,0.3944599800743365,-0.005842753961899052,0.9430489662813689,0.8299003142937252,150,-0.005712086362600998,0.00021631735633602736,0.09580173672208764,-0.03555965751535613,0.024855196824127408,-0.02116881523971808,0.009744642514516084,-0.05962403770582213,0.46638865248159944,0.5047701311367827,150,101.57333333333334,1.0,545.1569362946385,-75.0,94.75,13.617276918300988,189.5293897483657,0.1863194367913838,0.023909059925554373,0.7362742432583493,0.7922386946375107,algorithm_x_policy,ACBBA,,bounded_b4_w5
150,150,0,0,0,150,-0.8676583713510748,-0.26453246039861256,11.842549308669506,-7.111384979259064,5.919129099327797,-2.7783447549288405,1.0430280122266908,-0.07326618186135761,0.3709937516352739,0.3824508245443057,150,-0.20004103216938765,-0.04075307295177588,1.043576691737476,-0.48499339341028547,0.3542841303253285,-0.3684125308349857,-0.031669533503789565,-0.191687907322206,0.020205312225578562,0.1825094404340275,150,-0.11197740915528309,0.03992405115440967,2.6644529621207047,-1.4891770011724184,1.1617017238263792,-0.5418623825436215,0.3179075642330553,-0.04202641620896076,0.6075139035948366,0.5401460237477815,150,-0.008739658558655664,-0.0004694448993410727,0.08606046224573262,-0.03027290195718943,0.033053697874685,-0.022624722415383967,0.005145405298072638,-0.10155254027919224,0.21554130741391303,0.4580553979655352,150,54.72666666666667,8.0,293.2893043781853,-46.25,73.5,7.407135565862511,102.04619776747083,0.18659618966567812,0.02370449624593427,0.15437677901785962,0.7922386946375107,algorithm_x_policy,ACBBA,,count_b2
150,150,0,0,12,150,0.3970317963270778,0.5225383955297005,12.526960457829821,-4.535694631764667,6.221263550313047,-1.6240780298207862,2.4181416224749417,0.031694184528132524,0.6984421239469317,0.4964178381349226,150,-0.07008407117934617,-0.05881406353008778,1.1097999775960212,-0.5389156477957707,0.39813631570874564,-0.24914008778679234,0.10897194542809999,-0.06315018255015456,0.4404940731227076,0.21664310150433863,150,0.27434341381587535,0.009682424762008424,2.500365488230489,-0.9179736464083765,1.7068686671692497,-0.12906755520853846,0.6777543828402892,0.10972132478521308,0.18105378551316312,0.5035724284398031,150,-0.0011270848940491784,0.001543736004096985,0.09745136945113261,-0.025421241613964158,0.0313251396973198,-0.01684996683594455,0.014595797047846193,-0.011565613704529415,0.8875483949754371,0.48696335404714375,150,60.27333333333333,1.5,369.4966265099549,-61.0,76.0,0.6584518876923369,119.88821477897433,0.16312282442911413,0.04755427821780873,0.41893372784956906,0.7922386946375107,algorithm_x_policy,ACBBA,,count_b4
150,150,0,0,0,150,-1.0940650169949122,-0.23995168039883197,13.171354458161636,-8.120140732678294,6.144596714002766,-3.2191418868933868,1.0310118529035623,-0.08306397193015896,0.3106494392989848,0.3855253162683825,150,-0.08864671527520801,-0.06949888966238205,1.1886261726267868,-0.5598189199282251,0.4652441288538952,-0.28042061327701506,0.10312718272659904,-0.07457913792971975,0.3625056453548883,0.22801656313071572,150,-0.08999550698313365,-0.01676849448694462,2.611137187909411,-1.674856673462866,1.6284307389741164,-0.5112784706892449,0.3312874567229776,-0.03446602016923819,0.67354528859311,0.7590221327171353,150,-0.014667505267804094,-0.00043367789717509435,0.09673482317820688,-0.03822187517555873,0.022530689447571566,-0.030274779060541893,0.0009397685249337064,-0.15162590663739897,0.06528105197419255,0.2760846498085482,150,31.273333333333333,-5.0,276.77752305903294,-82.0,74.75,-13.382173754328448,75.92884042099512,0.11299087074589922,0.16847391395504138,0.9894157060986052,0.7922386946375107,algorithm_x_policy,ACBBA,,count_b8
150,150,0,0,12,150,-0.5834672495583116,-0.18560192825947297,14.220229717150222,-7.550290518690666,6.563483531010405,-2.8777704932033568,1.7108359940867337,-0.04103078931661874,0.6160419398321617,0.5095759164905445,150,0.028843371052472852,-0.013769801901694322,1.1575607978137672,-0.19638977340304442,0.07073440411165058,-0.15791841451400546,0.21560515661895113,0.024917370307415407,0.7606593586073173,0.0828146221869606,150,-0.006933723278112076,0.07017959122637052,2.641457211028745,-1.483310935701649,1.261795445370709,-0.4331085437807549,0.41924109722453073,-0.0026249614224913603,0.9743961879114555,0.834291564530516,150,-0.015156159171823521,-0.0003818428986932057,0.09562218027561015,-0.047432517173072765,0.020141468723409956,-0.03058391826815894,0.00027159992451189843,-0.15850045594169876,0.05411806506940912,0.2145568366153342,150,52.25333333333333,5.5,305.800395193047,-47.0,82.0,2.9152528272789695,101.59141383938768,0.17087398889836825,0.038064705528757944,0.10064317296247122,0.7922386946375107,algorithm_x_policy,ACBBA,,eager_b1
150,146,4,0,2,146,-0.3784868481684038,0.002104999999957613,9.309978497575337,-1.0731273188833583,1.0638171309424678,-1.9013475630530716,1.144373866716264,-0.04065389069018535,0.6240115426656889,0.49350895913578685,146,0.06947490305126598,0.004517773681997461,1.2294995843195522,-0.06846869880163853,0.12633131305238132,-0.13163797990704657,0.2705877860095785,0.056506650296848863,0.4958400345759484,0.15298643807098972,146,0.008592969092945237,0.004417329700738826,1.5556986306471416,-0.27674096434586826,0.26606395776449654,-0.24587725652888723,0.2630631947147777,0.005523543521646427,0.9468796474321806,0.23762095536805095,146,-0.007141633404522167,5.4193719459911305e-06,0.06547840514881759,-0.002740494287136918,0.005521198975852765,-0.017852129771447782,0.0035688629624034476,-0.10906853012517412,0.18962210201716664,0.47520086426469377,146,172.94520547945206,0.0,858.0599913182015,-10.25,19.0,32.58979519219059,313.3006157667135,0.20155374592604372,0.016089607637902115,0.26910446255606024,0.7922386946375107,algorithm_x_policy,CBAA,,bounded_b4_w5
150,144,6,0,0,144,-0.07919720965723778,0.002897500000003106,8.487933593230396,-1.3670770443564777,3.1104963507394885,-1.4773665521722463,1.3189721328577708,-0.00933056424008807,0.9110067667289425,0.5657244357543801,144,0.011756000308845457,0.0027527144738439535,0.9544714285461041,-0.21645941710280892,0.18233683949472124,-0.14546868518633987,0.1689806858040308,0.012316765025384521,0.8827078748567271,0.7360886709625071,144,0.014907218764173447,0.008309217317105322,1.3855258481950907,-0.22300447365632614,0.2789024763353165,-0.2133226257475114,0.2431370632758583,0.010759249842644881,0.8974512374179974,0.2548083490381766,144,-0.002309927494504955,1.897663898617882e-05,0.05834694072164657,-0.0048759986085343794,0.010808493019695862,-0.011921089369240936,0.0073012343802310265,-0.03958952202009758,0.6354588384853919,0.45454209833244297,144,317.05555555555554,2.5,1039.8867728692871,-6.25,50.5,145.76088300153106,488.35022810958003,0.30489430563745534,0.0003556318852575215,0.0011045351794820978,0.9110067667289424,algorithm_x_policy,CBAA,,count_b2
150,146,4,0,12,146,-0.7447972186114108,0.0010005000000603559,7.551381990887954,-2.0745142575371887,0.8585583053945491,-1.9799991022683692,0.49040466504554747,-0.0986305843764939,0.23530311537246257,0.9384903833481424,146,0.05482499498822491,0.005362147195424827,1.0281068557406094,-0.11564239743894511,0.2693772461238728,-0.11334548378556919,0.222995473762019,0.05332616418429682,0.5203713654309112,0.22171526317746604,146,-0.025058264796225294,0.004066793839196947,1.5567066243628616,-0.21206900020658814,0.16958897074962742,-0.2796933709310386,0.22957684133858797,-0.016096973189460986,0.846056272810581,0.6794693065306464,146,-0.004030184117897644,1.9718027651037413e-06,0.047540974698810926,-0.008619081748151767,0.005035181898024549,-0.011806601940452261,0.003746233704656974,-0.08477285422586099,0.3073926821295874,0.9152082966843827,146,242.3082191780822,0.0,947.8084454009463,-15.25,44.25,87.27238884690365,397.34404950926074,0.25565104463231475,0.0024073638605784514,0.0638682061513112,0.7922386946375107,algorithm_x_policy,CBAA,,count_b4
150,145,5,0,0,145,-0.21342606620676866,0.001840000000015607,6.973511280563477,-0.41348132344418786,0.31933099999997694,-1.358097432459367,0.9312453000458298,-0.0306052514465171,0.7130148251737596,0.4054381946022668,145,0.047519243969413275,0.0054489202638965395,1.2894195922834006,-0.06910050384654198,0.13779178581057394,-0.16413334064541324,0.2591718285842398,0.03685320453775845,0.657873999907483,0.12732274137310104,145,-0.01603156766402284,0.004027660019705337,1.7663459342417052,-0.08612091150519419,0.12762415136916339,-0.3059695246669119,0.2739063893388662,-0.009076120001886954,0.913123871848572,0.3280704243328111,145,-0.002187142141423149,3.8627366257606395e-06,0.050635957916754286,-0.0026825419433290473,0.0026795380014720677,-0.010498813091412172,0.006124528808565875,-0.043193458392133496,0.6037799479526723,0.3976840554899027,145,217.20689655172413,1.0,646.1894705862605,-4.0,53.0,111.13772215809634,323.27607094535193,0.33613499822994863,8.41374320929849e-05,0.0010453263697264292,0.7922386946375107,algorithm_x_policy,CBAA,,count_b8
150,137,13,0,12,137,-0.31659348323719283,0.0008850000000393266,8.579193044052365,-1.9124554604072728,0.44305077299839013,-1.7660860620918797,1.132899095617494,-0.03690247807824715,0.6664745395761063,0.6557287562917834,137,0.10278061160402983,0.0011887999999995458,1.0690749416130763,-0.03467476000000147,0.09473032395755965,-0.07784432434865311,0.28340554755671277,0.0961397630824169,0.262449380434283,0.23015932351256196,137,0.05017576890946504,0.001369999999997873,1.3799343827463715,-0.4050003896461565,0.13483355614705417,-0.18297024340505633,0.28332178122398644,0.03636098175161363,0.6710761583518599,0.7758901341120114,137,0.00010275020298866654,1.4819319542232332e-06,0.0494480375328959,-0.010318987261182149,0.002390495336764896,-0.0082517142641036,0.008457214670080933,0.0020779429905648074,0.9806316549028934,0.6510791613516291,137,204.83211678832117,0.0,681.5904148877167,-12.0,25.0,89.67440403780226,319.98982953884007,0.30052082939292013,0.00059267265852331,0.2950985215948415,0.7922386946375107,algorithm_x_policy,CBAA,,eager_b1
150,150,0,0,2,150,-0.6613959499644937,0.004398999999949638,13.207150315990802,-4.601943436118706,2.9922123128056555,-2.792248152214137,1.46945625228515,-0.05007862666359573,0.5405897177892128,0.286981878070651,150,0.053870368129388724,0.0021802499999846736,0.48478294352014284,-0.06406141829350448,0.10621250938063698,-0.024344899971424527,0.13208563623020197,0.11112265571519721,0.17557834924049473,0.16472472539435667,150,0.03272260465847088,0.004133509999983964,1.5389949313310876,-0.546018768900602,0.38456267559448065,-0.21558006928833268,0.28102527860527443,0.021262321267145997,0.7949076840682131,0.6170625291444702,150,-0.00885992841653543,8.549010210726193e-06,0.10159831414977641,-0.016987529356525963,0.02460977816294741,-0.025251881735093615,0.007532024902022753,-0.087205466849323,0.2872277940389893,0.255930196896502,150,-6.113333333333333,-1.0,89.7314813607999,-36.25,29.0,-20.59068235216587,8.364015685499206,-0.06812919212547408,0.40538645373761384,0.42478362881009246,0.7922386946375107,algorithm_x_policy,HIPC,,bounded_b4_w5
150,150,0,0,0,150,-0.3164647471449676,0.001857999999998583,12.637600509279013,-1.3390952272601986,2.6486280832782896,-2.355425327743781,1.7224958334538458,-0.02504152168068669,0.7595038998961574,0.1693342848156466,150,0.024689057339384892,0.0022558200000040163,0.6616472131305899,-0.11065558968084266,0.08898625950793182,-0.08206163357269079,0.13143974825146057,0.03731453386249205,0.6483309939931307,0.7575943290616287,150,-0.04664077243760669,0.004901772556885398,1.4530891534730284,-0.5530556205450328,0.43983687297254725,-0.2810833394305899,0.18780179455537652,-0.03209766745979115,0.6947967736656689,0.44341226351045715,150,-0.005563630709811912,4.322771697061049e-06,0.10210045724186592,-0.010879464324279045,0.014649800033529604,-0.022036600196735187,0.010909338777111364,-0.05449173157601263,0.5055587417675295,0.18066937629464253,150,-2.006666666666667,-1.0,89.57464711022702,-23.0,15.75,-16.458711921990375,12.445378588657043,-0.02240217217040601,0.7841807419620084,0.4161993390479395,0.7994777893643762,algorithm_x_policy,HIPC,,count_b2
150,149,0,1,12,149,1.1545399122492315,0.00928999999973712,15.324996256243626,-1.028174370593291,4.088819256842996,-1.32642775542891,3.635507579927373,0.07533704367326388,0.3592751864120546,0.010718430556114603,149,0.5375177852708193,0.008447780000001792,2.9699343567623284,-0.04677775951662522,0.13093463667721572,0.05671433246398039,1.0183212380776583,0.18098641946308666,0.028696046324395822,0.011562729541548755,149,1.3474683100985447,0.018281890048665872,7.98262798387549,-0.1258081997004048,0.44001543988581915,0.05515856985771839,2.639778050339371,0.1688000884947117,0.04110478833529268,0.01175114890407172,149,0.0008494090609576573,2.7815389022123584e-05,0.10332152178455518,-0.006848943186674653,0.026685265379474406,-0.015877339229003494,0.01757615735091881,0.008221027393777988,0.9202019330854884,0.014233851671409526,149,-0.3087248322147651,-1.0,154.62740305235133,-21.0,31.0,-25.341395711571444,24.723946047141915,-0.0019965725745923696,0.980589290228665,0.6256927500358234,0.7922386946375107,algorithm_x_policy,HIPC,,count_b4
150,150,0,0,0,150,0.6689548335323449,0.006027000000059957,14.182394252200087,-1.5343983937267325,3.279375660313203,-1.6192440059162458,2.9571536729809353,0.047167976128471484,0.5643471690406341,0.07006200203255626,150,0.07450794139364701,0.0051608541497989435,0.6327855398114176,-0.07152851674074578,0.13169182106370458,-0.027586184045837223,0.17660206683313123,0.11774596084457276,0.1513762984052289,0.07794654632384541,150,0.2041328242609975,0.01487830575915794,1.783271718428599,-0.1864894387520435,0.38575317457520253,-0.08358166202165662,0.4918473105436516,0.11447095927752236,0.16300186930631438,0.03251878158321475,150,-0.001096767020545238,1.606719455611149e-05,0.0971975036749716,-0.00866344141049588,0.01910902792457104,-0.016778690054934764,0.014585156013844289,-0.011283901119650422,0.8902697382265868,0.0844910392475538,150,-1.48,-2.0,79.99594956189172,-20.0,20.0,-14.386610526619155,11.426610526619154,-0.018500936711238675,0.8210536950169908,0.3033228826521024,0.7922386946375107,algorithm_x_policy,HIPC,,count_b8
150,150,0,0,12,150,2.9793615848809805,0.00137900000001423,26.440347745438515,-2.9449722738238187,2.98386003217378,-1.286545281750104,7.2452684515120644,0.11268239032124604,0.1696317400185873,0.2955594121308167,150,1.367750053738159,0.0016875077352040482,8.355510854441599,-0.0412666923015691,0.12453596515010679,0.019665245196930803,2.7158348622793875,0.16369436621712893,0.04679170713181916,0.008455909574576708,150,4.029482794635906,0.0054324495448163646,23.161270982838342,-0.15871892062755943,0.8304030685049186,0.29262479727318214,7.76634079199863,0.17397502916060203,0.03475124667393856,0.014533403428889743,150,0.004754100120675193,2.248092147351602e-06,0.1336506131835902,-0.020407063032816156,0.011860024586043055,-0.01680919677687386,0.026317397018224244,0.03557110594131496,0.6637173173275493,0.3906829096403919,150,-2.26,-2.0,129.6372031074807,-39.75,12.0,-23.175770103759596,18.6557701037596,-0.017433267193571432,0.8312186915153418,0.05988883126490593,0.7922386946375107,algorithm_x_policy,HIPC,,eager_b1
150,150,0,0,2,150,-1.2003213655010587,-0.025687708191171055,17.532904608781873,-11.832774327594414,10.30935991368258,-4.029094227442475,1.6284514964403576,-0.0684610674776524,0.4031079658204838,0.6170625291444702,150,-0.03881689988510036,-0.006988615591092873,1.180786066830792,-0.23619354898656808,0.17609710753609142,-0.2293258689429975,0.15169206917279676,-0.03287377872715268,0.687804905208917,0.5857208019062707,150,-0.35437095989485357,-0.30628994713153546,3.6950720979158382,-2.802534952676395,1.6357082425396676,-0.9505368495025461,0.241794929712839,-0.09590366588374076,0.24203847145483337,0.11523266192859627,150,-0.011321893935489862,-7.995110139914679e-05,0.1217478692253099,-0.05545145334224141,0.04887535687072464,-0.030964792596516494,0.00832100472553677,-0.09299459618909024,0.2565532690522552,0.5639775292860154,150,82.49333333333334,14.5,369.9453024446923,-57.25,94.5,22.806062153286597,142.18060451338008,0.22298791953349992,0.0070759508624545315,0.06217943510219856,0.7922386946375107,algorithm_x_policy,PI,,bounded_b4_w5
150,150,0,0,0,150,1.365069257213654,1.8367883825562217,16.60133419764102,-8.370953947867918,10.933184200744734,-1.3134032890172134,4.043541803444521,0.08222647896622819,0.3155363756783512,0.34963094343526613,150,0.08509604931163986,0.007199734485235865,1.043116611165006,-0.2907323389105515,0.28457423086014666,-0.08320121958617302,0.25339331820945277,0.08157865419916976,0.31935136222188243,0.6694926054319243,150,0.10893107738807101,-0.11747158209169406,3.5251437206580865,-2.4222455706186006,2.3946709577224254,-0.459818431831645,0.6776805866077871,0.030901173404565576,0.7056271891403811,0.9424147169215815,150,-0.0037757874588606934,0.0034783603484029885,0.10548660485353863,-0.03542564638785657,0.041939596422873614,-0.02079508071153524,0.013243505793813852,-0.035793999286479375,0.661742030472595,0.6722281371793478,150,38.7,3.5,218.22393984039215,-77.5,93.5,3.491574891861241,73.90842510813877,0.1773407630175909,0.03143947070612739,0.33814830257042894,0.7922386946375107,algorithm_x_policy,PI,,count_b2
150,150,0,0,12,150,1.7233091319616052,1.85943327027735,16.262301009682627,-7.386100586179033,11.863386745848672,-0.90046352838077,4.34708179230398,0.10596957533472916,0.19634205668746935,0.0538755203357637,150,0.23025775343193358,0.05207094217178687,1.7341476267348024,-0.40682050389112145,0.49740978049770135,-0.049531012580655814,0.510046519444523,0.13277863423051361,0.1060203530420249,0.546368335935507,150,0.8071716153067696,0.7113997281326032,4.262847866171925,-1.764533561982927,2.726314391536957,0.11940032883253104,1.494942901781008,0.18935032181470196,0.02175091004611211,0.05796797977759849,150,0.0064373234714610395,0.005472974210255079,0.11783248180873374,-0.028500626763184884,0.0686065253626334,-0.012573863450117136,0.025448510393039213,0.05463114561153125,0.5044720829678442,0.042442709409440345,150,24.72,10.0,213.0606971525742,-57.75,89.0,-9.655383400514282,59.09538340051428,0.11602327566917629,0.15740935406445256,0.18498017213434192,0.7922386946375107,algorithm_x_policy,PI,,count_b4
150,150,0,0,0,150,-1.3660744912492346,0.09860526036298722,15.764575357419366,-11.513634819608487,7.098196684957607,-3.909543696503558,1.177394714005089,-0.08665469638586311,0.29027128211314185,0.5302646289929223,150,-0.020310964608441517,0.03936119589823939,1.0253491533725814,-0.4420921412451968,0.4167534848248995,-0.18574161764594072,0.1451196884290577,-0.019808827599490996,0.80864302799876,0.9708145723460896,150,0.00027108234929781833,0.008370231864535782,3.2212600303712695,-1.8565377386841106,1.705940638472148,-0.5194495890679588,0.5199917537665545,8.415413432692501e-05,0.9991790203467257,0.8710737764008282,150,-0.012934551787751465,0.00035988370141307966,0.09763298198329615,-0.040653468551487965,0.027955637127577114,-0.028686735240938663,0.0028176316654357336,-0.13248137591418047,0.10679772241377514,0.5426306890677182,150,12.853333333333333,-8.5,188.90139420814438,-57.75,86.25,-17.624168794365843,43.33083546103251,0.06804255409131951,0.40598254374585807,0.8675500810531105,0.7922386946375107,algorithm_x_policy,PI,,count_b8
150,150,0,0,12,150,-0.5263524173025541,-0.6595008339035999,15.190078545868927,-8.468156986164033,6.816379685754757,-2.9771318471860724,1.9244270125809644,-0.03465106620174128,0.6718956129963161,0.4535211521324053,150,0.25602746552676386,0.024560744383771527,1.474631670764777,-0.0331533819755192,0.20314007881027357,0.018109211552498644,0.49394571950102906,0.1736212985266906,0.03511618762588935,0.003690398418431229,150,0.6663274627658362,0.22685962377977908,4.542957246739506,-2.208221621290587,2.2781308436892242,-0.06663689535312656,1.399291820884799,0.14667262458700475,0.07446237606414191,0.2999119107542031,150,-0.006856546045310273,-0.0036470402809762065,0.10727092448360992,-0.044601310240314294,0.03370250677705976,-0.024163722855170593,0.010450630764550049,-0.06391802884441342,0.43496774623042456,0.40959460349118515,150,61.913333333333334,-4.5,338.19693513561447,-88.5,100.75,7.348369144558532,116.47829752210814,0.18306887763044496,0.02642993660720694,0.549269600187744,0.7922386946375107,algorithm_x_policy,PI,,eager_b1
200,199,1,0,0,199,-0.5984277847991895,0.039516001394687805,15.184920365338503,-5.308251091284902,6.061833315110647,-2.7211674747691035,1.5243119051707248,-0.03940934627258082,0.5788814253360288,0.6822641007570599,199,-0.017747007071473885,0.039202383181597966,1.4532529446647031,-0.4330296581407831,0.33324801519554725,-0.2209010329725276,0.18540701882957983,-0.012211918879385792,0.8634009747668393,0.6804609278740532,199,-0.007575979772386066,0.0388823969775558,2.881187234910995,-0.8255598448021679,0.7290094564187051,-0.4103446707258667,0.3951927111810946,-0.0026294645764734902,0.9704480944426856,0.5210525395290156,199,-0.012405125717596539,0.00042171473016391453,0.1420605164304531,-0.05075607312742502,0.05817819232262067,-0.032264136456493064,0.007453885021299985,-0.08732282571751435,0.21946977627453015,0.8325367542162665,199,38.02512562814071,1.0,490.1709497426128,-24.0,29.0,-30.49715205623732,106.54740331251872,0.07757523298373267,0.2751382885775077,0.5977180343683988,0.9535847360069726,load_x_policy,,high,bounded_b4_w5
200,198,2,0,0,198,0.19931110380138584,0.04396806228142225,13.534358335790264,-6.121863066597989,6.39938880697008,-1.6975231838431197,2.096145391445891,0.014726306106018152,0.8360540421150713,0.6400755261077353,198,-0.07245731503676238,0.022681912081252698,1.4368567345220498,-0.676962137128986,0.4654164632950786,-0.27383214588242455,0.12891751580889982,-0.05042765454334895,0.47880362747764527,0.9097632571297396,198,0.051021505810192616,0.05184035919784158,2.8381040330022573,-1.2587343658017414,1.186843186310802,-0.34673750929323754,0.44878052091362275,0.017977320498790902,0.800560324780494,0.5183053366557571,198,-0.006380030510744858,0.00040862588647538607,0.12991423766585686,-0.06545289687679481,0.058645948807308834,-0.024587453008651252,0.011827391987161536,-0.04910955585295031,0.49035845418114477,0.8979898687392934,198,32.23737373737374,1.5,342.3060186043523,-25.75,42.0,-15.73666218266024,80.21140965740771,0.09417705791096438,0.18664348625829713,0.1605549948628352,0.9535847360069726,load_x_policy,,high,count_b2
200,199,1,0,16,199,1.208143724709883,0.36900499999997294,16.596401255888605,-4.18915989888707,7.606657841557656,-1.111910566582801,3.528198016002567,0.0727955239260812,0.305717032902915,0.05091242281534744,199,0.5939480356461407,0.05520050056557313,3.0792077678098533,-0.3731355365860942,0.4603773526384751,0.16349753705059344,1.024398534241688,0.192889886111387,0.007087181329869673,0.0732657660346805,199,1.5149655353759348,0.10876700000000028,7.547078071686501,-0.5752364735654218,1.2382817491904383,0.45993977425048915,2.5699912965013807,0.2007353734764525,0.00510808767187484,0.004727177726142425,199,0.0010744028197874687,0.003540438346773214,0.1454033013820743,-0.039573446409629814,0.06158559351983534,-0.01925190456085093,0.021400710200425867,0.007389122596083804,0.9170872561775815,0.08237306599718822,199,46.2964824120603,1.0,537.6963935663235,-29.0,33.0,-28.86950122933463,121.46246605345523,0.08610153046590918,0.22596082683975188,0.49558529370541504,0.7642925822572876,load_x_policy,,high,count_b4
200,200,0,0,0,200,-0.14915132194921846,0.0351639630426277,13.17586617105426,-5.310957371538915,5.167210293879389,-1.9863728147600817,1.6880701708616448,-0.011320039230277351,0.8729729296636713,0.6943971832018696,200,0.07358148830718796,0.06634439835350214,1.3177341737600885,-0.22720747321423396,0.3921351182111146,-0.11016123603544149,0.2573242126498174,0.05583940203753452,0.43064969538165687,0.03541567672371488,200,0.13105474822159618,0.023458972006372036,2.250560242563489,-0.5878848276617621,0.897712977199074,-0.1827597361412508,0.44486923258444316,0.05823205517587876,0.4111949946837299,0.15552673633565697,200,-0.00954998169297974,0.0003313466283408154,0.12142679831064576,-0.05251219936147029,0.04525522459030505,-0.026481538280099963,0.0073815748941404805,-0.0786480564903643,0.26737188805938505,0.9077189823586475,200,15.17,-1.0,179.79924902442932,-29.5,27.75,-9.900916811877641,40.24091681187764,0.08437187631378178,0.23421225317065375,0.907269491962521,0.9535847360069726,load_x_policy,,high,count_b8
200,196,4,0,16,196,2.1255851379354347,-0.061745729674413496,24.893912361340046,-6.729424683355099,5.479997393597838,-1.3812630628425242,5.632433338713394,0.08538574038030453,0.2333823657979176,0.538571609517484,196,1.2595131463709381,0.023263879356864692,7.4985051998191015,-0.45385390716531404,0.5012882379997827,0.20318583683371338,2.315840455908163,0.1679685634413274,0.01969254496613467,0.15058859124092192,196,3.3901530541039064,0.0257969157801341,20.591340982925907,-0.9575009558968395,1.2774081181193724,0.4894154749951456,6.290890633212667,0.1646397413803686,0.022221671775911583,0.21265506103122356,196,-0.00401083066138681,-0.0006458771009851603,0.1541700871721418,-0.06817287896581758,0.053899290098933864,-0.025729035697451427,0.017707374374677808,-0.026015621674446054,0.7160893298853622,0.3862172821550831,196,27.489795918367346,0.0,236.7452052376881,-32.25,39.75,-5.860907859313333,60.84049969604803,0.11611553395883166,0.10564610764629609,0.7099466663985301,0.7642925822572876,load_x_policy,,high,eager_b1
200,200,0,0,4,200,-0.161036427055833,0.0015905000000202563,8.654798376480885,-1.8426816402753303,2.813281497975481,-1.367847530537385,1.0457746764257192,-0.018606606422333756,0.7927171150709347,0.28457913724907424,200,-0.022533624634089387,0.0008610000000006668,0.22012332191573522,-0.1460203913500222,0.093584742318914,-0.05322726502495518,0.008160015756776405,-0.10236818360716644,0.1492732270027671,0.3170494677047804,200,-0.06075576661166892,0.0026422900000007132,1.5979084907848944,-0.6394428423238847,0.4472181155255166,-0.2835655450886522,0.16205401186531437,-0.03802205630800899,0.5913759635829912,0.9970793416710124,200,-0.0004415084865864338,2.911679195159029e-06,0.015720186253056347,-0.003572770248732122,0.004854145887909095,-0.0026335058611919814,0.0017504888880191139,-0.02808544882861009,0.6916543331635159,0.3111837683455754,200,84.5,-1.0,372.8363376514779,-74.25,98.5,32.512303408256706,136.4876965917433,0.22664099892266779,0.0015723790942175377,0.28825803116601834,0.9535847360069726,load_x_policy,,low,bounded_b4_w5
200,199,1,0,0,199,1.1716722199414045,0.0013450000000148066,10.305363926178075,-2.295364013831147,2.5400219582489285,-0.2689415270767366,2.6122859669595453,0.11369537537292385,0.1103364891344927,0.16665699457683136,199,0.0009196040275083137,0.0016719399999938211,0.3973275055110871,-0.19981633853435232,0.16264300461213343,-0.05462384602510727,0.05646305408012389,0.0023144736137142487,0.9739868502768849,0.8546614690076251,199,0.05669612191378729,0.0036122000000062826,1.5744516846384784,-0.5872056384181628,0.7206068552922371,-0.16340059249183936,0.2767928363194139,0.03601007415277129,0.6120295751169461,0.4285325822452094,199,0.0019451999094058498,2.4983820444922542e-06,0.018679901714209073,-0.00397157787896973,0.004849822543715821,-0.0006661123543054979,0.004556512173117197,0.10413330536563863,0.14342492379210528,0.17471483225660367,199,144.34170854271358,0.0,564.2947541083807,-22.5,128.0,65.45747059030926,223.2259464951179,0.25579133509894497,0.0003901978051673993,0.011962861807712107,0.7642925822572876,load_x_policy,,low,count_b2
200,200,0,0,16,200,0.03844093176822469,0.0012969999999938864,9.32815007487868,-2.583450687068307,2.8264955721392084,-1.2622612447142723,1.3391431082507215,0.004120959832298222,0.9535847360069726,0.17678245371543033,200,-0.0826244980524874,0.0010946977426274929,0.6715795356056337,-0.33757244334777614,0.1434850673191681,-0.17626846353668474,0.01101946743170995,-0.12303010093655731,0.08342112358220505,0.19336067776801613,200,-0.002763389849620248,0.003800160009854281,1.9297493468202511,-0.61081171574381,0.44378616713781005,-0.27184452119145514,0.2663177414922146,-0.0014319941883507463,0.9838630710424634,0.5123187881831309,200,0.00013809722901093565,2.3368450341341644e-06,0.01685050000997432,-0.004270782992509188,0.005351322621064297,-0.002211509269797134,0.0024877037278190055,0.00819543805401571,0.9078478792261152,0.16645860839797455,200,138.04,0.0,509.13766725818425,-26.25,147.0,67.04666620754872,209.03333379245126,0.2711250981357853,0.00016891738672745164,0.004180934057047951,0.9535847360069726,load_x_policy,,low,count_b4
200,199,1,0,0,199,0.21261126958601256,0.00151400000004287,10.177585276204095,-1.607577116861421,3.091475719650134,-1.2101399661179641,1.6353625052899892,0.020890148676338045,0.7685380618224711,0.07306873859162864,199,-0.08386231935170309,0.0011504799999926263,0.7784313414829229,-0.38317736673367864,0.199828528254135,-0.1926812703061086,0.024956631602702423,-0.1077324548520158,0.1301682134728247,0.15385308229845915,199,-0.11987881310825188,0.002260688204867023,1.7368549818346832,-0.6864875311331051,0.35959650818904976,-0.3626783087235368,0.122920682507033,-0.0690206231159385,0.331415511050803,0.7131883539827417,199,0.0003592922275070381,2.521307755745373e-06,0.01887687477301912,-0.00259304490863457,0.00513058616466754,-0.0022795554147068717,0.002998139869720948,0.019033459289594778,0.7885940273992018,0.0677264019819762,199,123.41708542713567,0.0,476.8833496795242,-36.0,126.5,56.75231607073998,190.08185478353136,0.258799317506209,0.00033449017685270994,0.01444306411410547,0.9535847360069726,load_x_policy,,low,count_b8
200,196,4,0,16,196,-0.08180425496404069,0.0011625000000208274,8.532706078556538,-3.013365886800301,2.8034092860899023,-1.2838212189918836,1.120212709063802,-0.009587140844991975,0.8933670606744732,0.17082920503609877,196,-0.0019448719408963016,0.0009915299999985194,0.06544583604956009,-0.019961274533330818,0.015620633808422595,-0.01116433929771215,0.007274595415919548,-0.029717275510446697,0.6778368893819282,0.8523449891624305,196,-0.012035700814495115,0.002315149999997601,1.5491316031960254,-0.5688142505102554,0.5825540702466947,-0.23026453108357622,0.20619312945458598,-0.0077693210761849854,0.9134963705355379,0.7839613755287625,196,-0.0002805562498200541,2.072150020244832e-06,0.015602531758672489,-0.00460845511883499,0.004992767418599226,-0.0024785117029956037,0.0019173992033554956,-0.01798145673788551,0.8015068439213953,0.17319833449470334,196,154.14285714285714,0.0,575.1057071173736,-48.25,116.0,73.12672817978672,235.15898610592757,0.26802526080896294,0.00023100446368250245,0.03588488429845152,0.9535847360069726,load_x_policy,,low,eager_b1
200,197,3,0,4,197,-1.297189193850129,0.001086000000043441,15.957262091839487,-10.160464641280711,9.553839429067324,-3.539332029920349,0.944953642220091,-0.08129146381029294,0.25527039359041936,0.40058336204279466,197,0.010194269433583529,0.0033516400000079827,0.9554713469597007,-0.1800219438690327,0.16202404674330717,-0.12405828738514704,0.14444682625231411,0.010669361740696444,0.8811145575729116,0.9150185890779008,197,-0.18049314299562405,-0.033676900052039827,2.8186395173373264,-1.653624894799794,1.5561437951727193,-0.5765380512568125,0.21555176526556438,-0.0640355539917108,0.369871699267457,0.5119113495117816,197,-0.012029660249417167,6.061364653981409e-06,0.09244088791940998,-0.06334410757625347,0.05243882291367239,-0.025018459544408407,0.0009591390455740752,-0.13013354285286216,0.06929452313758626,0.23501262919455623,197,139.4720812182741,2.0,709.9520000174728,-54.0,69.0,39.717262275558866,239.22690016098932,0.19645283232506075,0.00637806039353733,0.3086679410144094,0.7642925822572876,load_x_policy,,medium,bounded_b4_w5
200,197,3,0,0,197,-1.3040043030660629,0.013605999999953156,14.058758735137463,-8.615314189325886,5.8631271359962795,-3.279389867369619,0.671381261237493,-0.09275387163497778,0.19449130156113914,0.5612540520905163,197,0.011766611129563988,-0.0018632852974072023,0.6702715431319676,-0.18090995123011133,0.1730505273999956,-0.08241273680654745,0.10594595906567544,0.017554991331695694,0.8056335252347169,0.5824717189638904,197,-0.13548838852763273,0.0033754057055084274,2.691741758788131,-1.6810741906870845,1.0917752311280218,-0.5137029886440454,0.24272621158877988,-0.05033483917440578,0.4807267248832884,0.3438088114961899,197,-0.011006801061686479,8.301784435867646e-05,0.08433246534513722,-0.05008148991347586,0.033825782956511036,-0.022856292029089804,0.0008426899057168459,-0.13051677093323769,0.06848549281711855,0.46875350433812946,197,123.15736040609137,0.0,705.0153425810176,-47.0,52.0,24.096187468660546,222.2185333435222,0.17468748971507467,0.015087688216929025,0.6142879675539783,0.7642925822572876,load_x_policy,,medium,count_b2
200,196,3,1,16,196,0.6797367585727565,0.05680817997384224,13.268045558785348,-6.775475904673879,7.813073313238057,-1.1893556130998222,2.548829130245335,0.05123111430098108,0.47408699458066206,0.3131624945663404,196,0.05331577616549226,0.014522380008215707,0.7276958839115271,-0.2438980755920056,0.37507777357794597,-0.04919599314449235,0.15582754547547686,0.07326656278294184,0.30628870481449383,0.16887354137389576,196,0.29804113440277585,0.022921344827805612,2.590023850060486,-1.0783847617204998,1.5438180644475814,-0.06681997488039693,0.6629022436859486,0.11507273741738538,0.10879318082332526,0.2839495311889436,196,0.00047584310480367663,0.0003221362110135953,0.07704286816071741,-0.037983927410043174,0.04768586492031533,-0.010377318088603916,0.011329004298211268,0.006176342030920123,0.9311824890239,0.4558084597572447,196,57.44387755102041,-3.0,537.7956259543738,-49.25,47.25,-18.316316181855342,133.20407128389616,0.10681358266735681,0.13642924086949199,0.659356971684542,0.8889131148387414,load_x_policy,,medium,count_b4
200,196,4,0,0,196,-1.592366627880227,0.0023194999999986976,15.16029987340814,-9.722107446059148,4.890349880031437,-3.7280241156474,0.5432908598869459,-0.10503529885139745,0.14303969047876094,0.174392069560109,196,0.018852721895999326,0.006286770408882036,1.0141564784079637,-0.31411635733207066,0.2582040205726013,-0.12401324348497755,0.1617186872769762,0.018589559202535074,0.7949425861020498,0.9178641240472903,196,0.06368171835211137,0.01828557913592377,3.1052213556438715,-1.5762698071313306,1.6148439904272731,-0.37375614862489037,0.501119585329113,0.020507948084398923,0.7743319792056507,0.7379827003100394,196,-0.014201336921425658,1.5202275863342292e-05,0.09021902224997047,-0.055870861976041575,0.028117838161055383,-0.026910645577328092,-0.001492028265523226,-0.15740956360708405,0.028713725254371852,0.12098773173765139,196,52.54081632653061,-3.5,390.56826891653446,-51.75,55.0,-2.47920669154599,107.56083934460722,0.13452402693204638,0.061143405752466407,0.5599082387813603,0.7642925822572876,load_x_policy,,medium,count_b8
200,195,5,0,16,195,-0.8385798592967764,-0.27204122448293333,15.069999569002768,-8.22051338716956,5.925512452465824,-2.967021562731472,1.2898618441379195,-0.0556456458712605,0.43807622990726414,0.28480721048663304,195,0.07943946435422194,0.009180339999998677,0.7038445460312917,-0.09126323996494062,0.1517629027218339,-0.019969435934631644,0.17884836464307552,0.11286507056444564,0.11663781855963339,0.05967663815747127,195,0.24663876520213648,0.029168260000002277,2.679872130809686,-1.268160490926002,1.6857208952783171,-0.13185836593382574,0.6251358963380987,0.09203378115194549,0.20026094728963503,0.20011707963080316,195,-0.008890267446475886,-0.001831294742000656,0.08540383237709027,-0.05042082291691867,0.03340984740944955,-0.020952449507744123,0.0031719146147923503,-0.10409682093915865,0.14766385437785312,0.21426148435169778,195,47.42564102564103,-3.0,342.2588975430679,-55.5,42.5,-0.9139828453936545,95.76526489667572,0.13856656865925088,0.054447277085989114,0.33133916077784575,0.8889131148387414,load_x_policy,,medium,eager_b1
