dataset,algorithm,arrival_load,policy_id,planned_n,completed_n,incomplete_n,completion_rate,hardware_backed_n,mission_elapsed_time_s_n,mission_elapsed_time_s_mean,mission_elapsed_time_s_median,mission_elapsed_time_s_std,mission_elapsed_time_s_q1,mission_elapsed_time_s_q3,mission_elapsed_time_s_ci95_low,mission_elapsed_time_s_ci95_high,mean_release_to_first_assignment_latency_s_n,mean_release_to_first_assignment_latency_s_mean,mean_release_to_first_assignment_latency_s_median,mean_release_to_first_assignment_latency_s_std,mean_release_to_first_assignment_latency_s_q1,mean_release_to_first_assignment_latency_s_q3,mean_release_to_first_assignment_latency_s_ci95_low,mean_release_to_first_assignment_latency_s_ci95_high,mean_release_to_completion_latency_s_n,mean_release_to_completion_latency_s_mean,mean_release_to_completion_latency_s_median,mean_release_to_completion_latency_s_std,mean_release_to_completion_latency_s_q1,mean_release_to_completion_latency_s_q3,mean_release_to_completion_latency_s_ci95_low,mean_release_to_completion_latency_s_ci95_high,allocator_call_count_n,allocator_call_count_mean,allocator_call_count_median,allocator_call_count_std,allocator_call_count_q1,allocator_call_count_q3,allocator_call_count_ci95_low,allocator_call_count_ci95_high,cumulative_allocator_time_s_n,cumulative_allocator_time_s_mean,cumulative_allocator_time_s_median,cumulative_allocator_time_s_std,cumulative_allocator_time_s_q1,cumulative_allocator_time_s_q3,cumulative_allocator_time_s_ci95_low,cumulative_allocator_time_s_ci95_high
causal,ACBBA,high,bounded_b4_w5,50,50,0,1.0,0,50,104.554217550043,106.36566958008297,10.21024532584934,98.42534066861525,111.25461766861972,101.65249793840871,107.4559371616773,50,10.409715026263347,9.961700912839728,2.7331481539305984,8.699574178200166,11.923185716064882,9.632962916332751,11.186467136193944,50,33.67891852396212,33.22580519088978,3.562824601546201,31.350411429474597,34.98894394638418,32.666374976850065,34.69146207107417,50,294.28,288.0,55.26819212914866,250.25,334.75,278.57295360859683,309.9870463914031,50,0.45594048,0.44355999999999995,0.06388746157853331,0.40761075,0.4999885,0.4377838643376294,0.47409709566237057
causal,ACBBA,high,count_b2,50,50,0,1.0,0,50,100.91799733192673,100.8706073222758,11.75440476952939,91.14676999165741,109.31679990509386,97.57743246259105,104.25856220126241,50,9.937118375820598,9.79959078305766,2.6741026874186216,8.020950276901507,11.845481659760488,9.177146801781939,10.697089949859256,50,32.31983441029264,31.76452229668788,3.108018155614087,30.503893812311553,33.931104679425566,31.43654542480388,33.203123395781404,50,334.94,327.0,81.92092005621728,283.5,362.0,311.6583321512917,358.2216678487083,50,0.50438198,0.496486,0.0687287778057566,0.47071399999999997,0.5334447499999999,0.4848494774911996,0.5239144825088003
causal,ACBBA,high,count_b4,50,50,0,1.0,4,50,104.40485651427883,103.61535790555074,10.918048251237702,97.50167033875253,111.98541078914909,101.30198153720275,107.50773149135492,50,10.54013636479499,9.884572759124328,2.6276747610471145,8.563640455930825,13.099475157354693,9.793359461420966,11.286913268169013,50,33.965277017580235,33.5227393530673,3.602288878124526,31.222607900676138,36.753892345156366,32.94151784717494,34.989036187985526,50,351.3,286.5,402.0576793832204,248.25,334.25,237.03647194148937,465.56352805851066,50,3.01279428,0.4609775,8.689946417643934,0.4215015,0.50940575,0.5431388369236614,5.482449723076339
causal,ACBBA,high,count_b8,50,50,0,1.0,0,50,100.65601861902002,99.50739697573408,11.508552722991661,95.56821265005681,106.83631547161934,97.38532412813576,103.92671310990427,50,10.758708920764036,10.466430549471102,2.416605394095502,9.21892373643173,12.153000353401675,10.071917267690331,11.44550057383774,50,33.29734048285715,32.78257214413227,3.397494655145478,31.196481975297722,35.20613323681393,32.33178318656974,34.262897779144566,50,277.46,251.0,102.37570064049697,228.25,309.5,248.36514783702123,306.55485216297876,50,0.41797212,0.40752350000000004,0.07067117543852555,0.36775575000000005,0.43959499999999996,0.3978875941925695,0.4380566458074305
causal,ACBBA,high,eager_b1,50,50,0,1.0,4,50,99.67677312502602,99.5044050662187,9.46618200331478,93.79702471268585,105.0845831225991,96.98651396966795,102.36703228038408,50,10.227049016530215,10.560609771898426,2.7074039744864438,8.078235206156343,11.847638903534543,9.457613321435353,10.996484711625076,50,33.161975579688736,32.6281296239119,3.6547389021762413,30.946716427399977,34.8586063371483,32.123310277396854,34.20064088198062,50,444.72,388.0,276.21280172492857,347.75,422.75,366.2211904052357,523.2188095947644,50,4.094722040000001,0.588649,11.962320148878389,0.53970275,0.6487455,0.6950682737217635,7.494375806278238
causal,ACBBA,low,bounded_b4_w5,50,50,0,1.0,1,50,565.3681295720994,576.708982976357,78.10430183205524,504.91276885088104,617.2282017977495,543.1711326199007,587.5651265242981,50,2.030034096497675,2.0473280290371263,0.27821590782655986,1.8530042489678427,2.214034126393778,1.9509660104483504,2.1091021825469993,50,17.805664707455854,17.870802158333902,1.7162225905530137,16.450065225105707,18.76706894263176,17.317919644530715,18.293409770380993,50,2057.3,2005.5,331.6239725708524,1829.25,2290.5,1963.0535099121757,2151.5464900878246,50,1.6370978,0.7736339999999999,6.0046661971546795,0.70894275,0.8750315,-0.06940944929097981,3.34360504929098
causal,ACBBA,low,count_b2,50,50,0,1.0,0,50,564.0310689350308,569.7456096909236,76.0051674867486,502.2786026439303,621.3067117679452,542.4306393622476,585.6314985078141,50,2.1144165941251014,2.0876630476107163,0.44579587871471604,1.81000445705254,2.36183656641515,1.987722807367864,2.2411103808823385,50,17.439789340396192,17.316785484498133,1.6629814450860514,16.556271346779035,18.727518021699048,16.967175243575877,17.912403437216508,50,2169.02,2103.5,392.1166262369253,1973.75,2349.75,2057.581687982271,2280.458312017729,50,0.82083062,0.775709,0.13931539516739908,0.75361525,0.88277825,0.7812376228232945,0.8604236171767055
causal,ACBBA,low,count_b4,50,50,0,1.0,4,50,565.3334136189069,577.5262926421003,78.38405243826871,506.1247915972697,611.8974603098936,543.0569124242037,587.6099148136101,50,3.672661443694149,3.653506795771722,0.6398931982523859,3.2399821305892487,4.1949979068506575,3.490805809136624,3.8545170782516744,50,18.657916572684286,18.603911153960045,2.102284455048995,17.286334217843255,20.180292680293014,18.060453941986708,19.255379203381864,50,2247.14,2225.5,290.8821214365513,2034.75,2435.25,2164.4722158764075,2329.8077841235922,50,3.99471962,0.847373,10.811971910482997,0.77958475,0.93218275,0.9219912053692956,7.067448034630704
causal,ACBBA,low,count_b8,50,50,0,1.0,0,50,566.4544509679321,566.6040355531288,77.18355833492642,507.7660029599008,622.3851712697488,544.5191264219917,588.3897755138725,50,3.9457815025808327,3.7701607597601505,0.9819989585206133,3.2205470823574505,4.468258307650922,3.6667004868358286,4.224862518325837,50,19.089254159053755,19.100757213468206,1.919147630772196,17.855702053584054,20.569773060405637,18.543838437872743,19.634669880234767,50,2212.82,2250.0,302.1971035396519,1998.0,2434.5,2126.936533546941,2298.7034664530593,50,0.82381918,0.8313969999999999,0.09729369572602413,0.766543,0.8823835,0.7961686176514309,0.8514697423485691
causal,ACBBA,low,eager_b1,50,50,0,1.0,4,50,566.1536079773514,574.6650847109543,79.16376452203707,513.8023426443464,616.4705477966305,543.6555150605403,588.6517008941624,50,0.15116634531566123,0.12594951826771567,0.09055805658004343,0.08129526728970714,0.20905232769970428,0.12543003042961895,0.1769026602017035,50,16.325521305051694,16.61658475583245,1.637585575779574,15.048178779250216,17.10991767181344,15.860124634421378,16.79091797568201,50,1918.76,1962.0,260.31194473444464,1719.25,2088.25,1844.780163955682,1992.739836044318,50,3.6524145199999998,0.7579549999999999,10.077053366362291,0.69019225,0.8135135,0.7885476443795123,6.516281395620487
causal,ACBBA,medium,bounded_b4_w5,50,50,0,1.0,1,50,168.1460200309484,170.9275852099383,19.38166393465654,154.7107706989825,181.31975355177497,162.63781209368028,173.6542279682165,50,2.3432526467209724,2.3203146344537027,0.44356605568371554,2.05718904937799,2.6074501722560077,2.217192568656625,2.4693127247853197,50,22.60732061621768,22.162457574434043,2.2079981456687348,21.25425119994481,24.123103655814074,21.979814487102594,23.234826745332768,50,771.08,456.5,891.7149457588988,404.75,543.75,517.6574167497034,1024.5025832502968,50,0.82574322,0.31092450000000005,2.748657333847767,0.2818945,0.33795849999999994,0.044583449911417716,1.6069029900885823
causal,ACBBA,medium,count_b2,50,50,0,1.0,0,50,170.17731294020749,171.55680362107097,20.58349033138396,155.54091660919542,182.91434185069636,164.3275497205864,176.02707615982857,50,1.6463342699007484,1.597365697864757,0.3984080445723166,1.3771900249683147,1.8254926830264515,1.5331079565778418,1.759560583223655,50,22.804426221842153,22.7500135975639,2.5041307894154876,20.903564848253406,24.18884743579827,22.092760126675167,23.51609231700914,50,565.12,475.0,377.6108373574518,401.25,543.5,457.8041875628862,672.4358124371138,50,0.37247956000000004,0.3314735,0.1650778174336564,0.30915424999999996,0.36938275,0.3255649634348896,0.4193941565651105
causal,ACBBA,medium,count_b4,50,50,0,1.0,4,50,170.5615104437541,171.01350000719455,21.25170521169165,152.8462393300188,184.92377589440414,164.52184265660358,176.6011782309046,50,2.598669437964021,2.577260024555904,0.5871779086025326,2.1447752657298698,2.9536761761823525,2.431795322941849,2.7655435529861934,50,23.323575247924442,23.42815620207217,2.4954874750825278,21.93911048418738,24.64256462959745,22.614365555508716,24.032784940340168,50,527.64,443.0,429.9426520847084,369.5,507.75,405.4516503945532,649.8283496054468,50,1.7859466,0.310082,4.987092228841449,0.27805975,0.34030725,0.3686306723580335,3.203262527641966
causal,ACBBA,medium,count_b8,50,50,0,1.0,0,50,167.72771581123155,168.09258976128177,20.14452585848705,154.14641116059866,177.95322893354276,162.0027049143182,173.4527267081449,50,3.1367752711887773,3.112191224944033,0.6412433316788703,2.617835236676891,3.5239257472529455,2.9545359329574494,3.319014609420105,50,23.85209968689043,23.84494922395354,2.788617780789649,22.00179460173733,26.206343537517938,23.05958328345168,24.64461609032918,50,522.66,407.0,439.71575280549837,362.5,493.25,397.6941659049105,647.6258340950894,50,0.33834944,0.291362,0.19032682149034796,0.271131,0.313867,0.2842591558870058,0.3924397241129942
causal,ACBBA,medium,eager_b1,50,50,0,1.0,4,50,170.8980323657402,170.2440901698546,23.426807595550805,153.22285711784502,186.14178444699954,164.24020732152772,177.55585740995267,50,0.878006307620781,0.7804645386352014,0.5665441514857964,0.5328598711634976,0.9994995606089753,0.7169962414805443,1.0390163737610179,50,22.623580441657122,22.499627997216855,2.6188009131858343,20.787676240146407,24.31290984248176,21.87932545793811,23.367835425376136,50,604.98,504.5,420.2933130322107,457.75,596.25,485.5339622072826,724.4260377927175,50,2.43117774,0.36644449999999995,6.9715810415575525,0.339537,0.4041,0.4498763327585844,4.412479147241415
causal,CBAA,high,bounded_b4_w5,50,49,1,0.98,0,49,101.9422961524399,101.64507059934392,10.823701509189243,92.64479634791938,109.94613073866644,98.83336609117757,105.05122621370222,49,24.858569287389873,24.91688902485445,3.2387717488350645,22.746198354842846,27.578276715972063,23.92828542442748,25.788853150352267,49,34.11978672264564,34.168433101387826,3.6356268349050915,31.54349128535048,36.567189636528475,33.0755127698789,35.16406067541239,49,398.16326530612247,245.0,973.7862390975662,221.0,263.0,118.45920016687836,677.8673304453666,49,0.12945802040816326,0.115242,0.0648816360409765,0.104809,0.127753,0.1108218386416557,0.1480942021746708
causal,CBAA,high,count_b2,50,48,2,0.96,0,48,102.39253161077066,102.42147717043426,10.215747512879524,95.31854401459533,108.78374647196507,99.42618775026666,105.35887547127466,48,24.976413034136602,24.92798059590544,3.941986365516927,22.14956843714481,26.586735044158857,23.83177951233125,26.121046555941955,48,34.36655400413084,33.83138105956853,4.3878196738924915,31.401085578814072,37.00538222021634,33.092463984360876,35.640644023900805,48,401.4375,280.5,690.4607128654304,265.75,310.0,200.9486083212093,601.9263916787907,48,0.14261066666666666,0.133457,0.048748761032301094,0.12327975,0.14885525,0.1284555020237435,0.15676583130958982
causal,CBAA,high,count_b4,50,49,1,0.98,4,49,103.79098994258982,102.53129289024068,11.9611096038981,92.6448213479194,111.28970967307134,100.35535813197112,107.22662175320852,49,25.013623572360093,25.085317100586042,3.100791798562713,22.8677400834507,27.118610173233645,24.12297217846468,25.904274966255507,49,34.39032171542276,34.21697170552291,3.6860877017921467,31.94353114129647,36.991175745585686,33.33155370941098,35.44908972143453,49,405.8979591836735,246.0,998.2316081638644,223.0,276.0,119.17236423927488,692.6235541280721,49,0.7699168775510203,0.118529,2.170298961409058,0.107427,0.140694,0.14653423185235592,1.3932995232496848
causal,CBAA,high,count_b8,50,50,0,1.0,0,50,105.57644729210121,104.38500084726076,11.413068763218016,97.58149773468412,113.31975495534729,102.33288904229926,108.82000554190316,50,25.45545114676684,25.258323299259764,3.106802407306958,23.671721791935525,27.26534965634813,24.572507673123585,26.338394620410096,50,34.87291637880333,34.70088846820313,3.666472418623176,32.66508781650255,36.72393743704381,33.830916448037705,35.91491630956896,50,295.5,231.5,323.506505628053,206.0,263.75,203.56046848887902,387.439531511121,50,0.1183645,0.1079725,0.03287802163734482,0.10045975,0.1257345,0.10902066964802126,0.12770833035197873
causal,CBAA,high,eager_b1,50,46,4,0.92,4,46,101.37207896674232,99.82854616333148,11.287570979816678,93.40827934540692,108.04444350976588,98.02008415470003,104.72407377878461,46,24.19718171961349,23.657387225738404,3.9094285664881716,21.364329643932592,25.772491837304663,23.03622474345358,25.3581386957734,46,33.4296248373583,33.39712334664439,4.185575828497783,30.063743350067917,35.43771815515915,32.18666224712331,34.672587427593285,46,417.69565217391306,352.5,344.54458634649353,331.75,389.25,315.3785400143701,520.0127643334561,46,1.1627739130434782,0.14932499999999999,3.325988238376864,0.1317405,0.171576,0.17507732713602786,2.1504704989509285
causal,CBAA,low,bounded_b4_w5,50,50,0,1.0,1,50,563.0066367485991,571.0742520326926,76.07290740182437,501.4771588261196,618.0091016361131,541.3869557049851,584.6263177922132,50,3.2654323941919072,3.1554477867707034,0.5509778078701546,2.9244131678778,3.5818410368397275,3.10884623395299,3.4220185544308244,50,15.901533988496574,15.702032139861817,1.5851389529606386,15.060257156152037,16.67469179458035,15.45104248313319,16.35202549385996,50,2203.92,2027.5,641.3069194215506,1820.25,2337.75,2021.6625903321783,2386.177409667822,50,1.37861008,0.5794155000000001,5.602262960292713,0.52279975,0.65223275,-0.2135354348837457,2.970755594883746
causal,CBAA,low,count_b2,50,49,1,0.98,0,49,562.3234501699571,577.0585773270334,78.75210336131265,499.2551511841844,612.989860362616,539.703205023714,584.9436953162003,49,3.376802787258629,3.2940402147149825,0.7356951965622786,2.8569317874658857,3.9370410250537455,3.165486454248436,3.588119120268822,49,16.136827745953394,16.009820974390635,1.5347740318148464,15.07805152402736,17.263104721221033,15.695989173243033,16.577666318663752,49,2461.5510204081634,2104.0,1014.0338189056388,1933.0,2490.0,2170.2865005897006,2752.815540226626,49,0.618899,0.616913,0.0956857944957958,0.5541200000000001,0.6913579999999999,0.5914148308651445,0.6463831691348555
causal,CBAA,low,count_b4,50,50,0,1.0,4,50,562.5808131398168,568.5076579967856,76.54387577569533,505.47477123977467,613.4309569199032,540.8272843654865,584.334341914147,50,4.774405767147949,4.720217181848133,0.7659150695734392,4.251513698257186,5.143047147443384,4.556735113084344,4.9920764212115545,50,17.027332787571208,16.995859928940625,1.6111603468888935,15.800808863278467,18.203190188391243,16.569446083887513,17.485219491254902,50,2542.94,2240.0,898.4256845239037,1968.5,2716.75,2287.6102458971413,2798.2697541028588,50,3.28282008,0.654533,9.131907402100362,0.578828,0.7192434999999999,0.6875607150543561,5.878079444945644
causal,CBAA,low,count_b8,50,49,1,0.98,0,49,561.1353214079222,564.615485527397,78.01758201083565,499.2488298942282,611.8249328221576,538.726055426727,583.5445873891174,49,4.9817435536836685,4.977248068062161,0.8662323350050086,4.318294800459008,5.390847785303812,4.732932576768965,5.230554530598372,49,17.350861243951968,17.23903187146521,1.9348405411740064,16.165929651327886,18.24494646480822,16.79511015296909,17.906612334934845,49,2567.4285714285716,2257.0,855.2699866124146,2028.0,2903.0,2321.7663486097595,2813.0907942473837,49,0.6413078571428571,0.63168,0.09065914026083267,0.581226,0.697723,0.6152675116800956,0.6673482026056186
causal,CBAA,low,eager_b1,50,46,4,0.92,4,46,558.8308817027234,566.8824843634247,78.0086491422148,501.80443745452595,610.2600035113636,535.665172473812,581.9965909316348,46,1.549197706171649,1.4455751622133783,0.5319642155424799,1.1941420773400087,1.8518372456420102,1.3912238343901135,1.7071715779531846,46,14.389182286925163,14.168599789981622,1.395166486467487,13.234632824729262,15.51325574430881,13.974868983120782,14.803495590729543,46,2349.021739130435,1944.0,1068.971395296129,1671.25,2426.5,2031.5764200567974,2666.4670582040726,46,3.290178347826087,0.5787575,9.000766517824747,0.50443525,0.65294425,0.6172806335082308,5.963076062143943
causal,CBAA,medium,bounded_b4_w5,50,47,3,0.94,1,47,169.66286759610838,170.51003853434628,20.64066381691634,154.66400177337476,180.97848498871787,163.60254167499258,175.7231935172242,47,9.474213281624918,9.00158417841506,2.774633222058606,7.41994367408995,10.702239037372921,8.659550449732382,10.288876113517453,47,22.80111045108191,22.08520368506167,2.8622321641565622,20.676195962203067,24.447598139314607,21.960727606297954,23.641493295865867,47,489.78723404255317,330.0,980.0074963371279,295.5,393.0,202.04625411960228,777.528213965504,47,0.36469906382978723,0.108909,1.6717730219345412,0.0937755,0.12611,-0.12615188306411096,0.8555500107236854
causal,CBAA,medium,count_b2,50,47,3,0.94,0,47,167.84734461819173,169.009935666047,21.752142904107043,152.14502284378295,183.79923359283742,161.4606762120363,174.23401302434715,47,8.874891554457168,8.088003767086319,2.78829546238043,7.131291964548241,10.555363952561574,8.056217338536616,9.69356577037772,47,22.538700410480903,22.515348887058952,2.869940697341971,20.60951691488348,24.314882534693552,21.696054255568374,23.381346565393432,47,763.5531914893617,376.0,1366.9926180346886,316.5,425.0,362.1891234277534,1164.91725955097,47,0.14348770212765957,0.119006,0.09831212509387924,0.1030765,0.137893,0.114622180875474,0.17235322337984516
causal,CBAA,medium,count_b4,50,47,3,0.94,4,47,170.23088514190042,171.18905848176843,19.81391982898524,158.48817276357616,181.05842254023315,164.4133003489105,176.04846993489033,47,9.289606290715652,8.941305581203842,2.290446370790819,7.670292969497283,10.31626116675324,8.617106043875092,9.962106537556211,47,22.588606206510846,22.225693969692404,2.185761364222111,21.297525132785317,23.799260137652986,21.94684262901813,23.230369784003564,47,484.6170212765957,336.0,992.155614398386,292.0,386.0,193.30922027499912,775.9248222781923,47,0.7746794893617022,0.112121,2.211303003054975,0.09671450000000001,0.12638699999999997,0.12541660577788338,1.423942372945521
causal,CBAA,medium,count_b8,50,46,4,0.92,0,46,168.28792198406992,168.18192337624976,19.58098339387237,156.53549444970145,180.07296336235544,162.4730876970201,174.10275627111974,46,9.962371755804389,9.691370804564016,2.5510242683335136,8.236533767228728,11.270545070601726,9.20481106111303,10.719932450495747,46,22.8754261060157,22.78594478097491,2.628890255539941,21.28526328515509,25.01699113921765,22.094742067460793,23.656110144570604,46,462.7826086956522,345.5,610.2646388810342,287.75,418.5,281.5563814444713,644.0088359468331,46,0.11631963043478262,0.107954,0.042964634178645475,0.0927355,0.1306765,0.10356070904012364,0.12907855182944158
causal,CBAA,medium,eager_b1,50,45,5,0.9,4,45,167.63366161204948,168.14156841883442,19.200744548459287,152.81927061480454,180.1783249294643,161.86511935088274,173.40220387321622,45,7.6463930540674365,7.344033406201701,2.899895264982493,5.43002680048057,9.573901453534562,6.775168068661798,8.517618039473076,45,21.57482374553895,20.717878307868173,2.813467774136271,19.48031374346633,23.049203788892953,20.729564452881046,22.420083038196854,45,452.5111111111111,425.0,198.20084191893267,381.0,464.0,392.9649862239939,512.0572359982283,45,1.0443236444444444,0.129844,2.9621154476282587,0.117412,0.14918499999999998,0.15440564678692326,1.9342416421019655
causal,HIPC,high,bounded_b4_w5,50,50,0,1.0,0,50,107.21672106101148,103.17336567183,13.618413569391901,97.18208732713802,117.40978427669076,103.34641075283446,111.08703136918851,50,8.20498527476634,7.945925692990219,2.2557412011090094,7.102481621497887,9.367284641273352,7.5639107194411945,8.846059830091486,50,32.70488838328619,32.37116681396893,3.027298831397462,30.804739350365217,34.75765085314987,31.844539575887396,33.56523719068498,50,313.12,297.0,71.93581038903038,265.5,348.75,292.67606891675825,333.56393108324176,50,1.27717626,1.270281,0.1987889033659093,1.130982,1.401129,1.2206810788301834,1.3336714411698167
causal,HIPC,high,count_b2,50,50,0,1.0,0,50,107.20014141975231,105.44089726726997,13.821126806333455,97.67742759408002,114.78750017984837,103.27222064714482,111.1280621923598,50,7.460469603712603,7.06259035046252,2.4555880885954333,5.893687788158078,8.682614044159248,6.762599191457822,8.158340015967385,50,32.578985888284045,32.7786500266547,3.300833794074603,30.308652793602093,34.402778653277785,31.640899304726393,33.5170724718417,50,337.22,325.5,68.33658893854084,286.75,359.75,317.7989563338764,356.64104366612366,50,1.5377332400000001,1.505783,0.2964140594751076,1.3754644999999999,1.735332,1.4534932964831184,1.6219731835168818
causal,HIPC,high,count_b4,50,50,0,1.0,4,50,110.89739163226503,105.48529487326267,20.105115785533755,97.85494106226676,117.69464443821066,105.18358095414516,116.6112023103849,50,9.678583923788107,8.383907042533,5.089870234850264,7.356997351335561,9.892070438370308,8.232058810062687,11.125109037513527,50,36.66956622697789,32.704050391434144,14.11410888154177,30.847517088275005,35.31043380024914,32.65838086998897,40.68075158396682,50,303.56,293.0,54.72161830761296,267.25,333.0,288.0082881697695,319.1117118302305,50,23.88399994,1.3024335,77.78212492106945,1.1357107500000003,1.5016369999999999,1.7785646526964953,45.9894352273035
causal,HIPC,high,count_b8,50,50,0,1.0,0,50,107.69173053548933,108.33318079843424,16.334424073956864,96.28354996265764,117.2889618203204,103.0495385834356,112.33392248754305,50,9.117802931262647,8.732663256953035,2.5576976818596724,7.503214075151051,10.75739856203613,8.390913293724344,9.84469256880095,50,32.96900602380545,33.02236671761299,3.361213971136087,31.07725846073607,34.59160796605018,32.01375958381519,33.92425246379571,50,297.48,302.0,63.6816828820806,241.25,338.0,279.38186599601244,315.5781340039876,50,1.1501124,1.1911445,0.17638033941283748,1.0086457500000001,1.25448075,1.099985662233455,1.2002391377665451
causal,HIPC,high,eager_b1,50,50,0,1.0,4,50,118.95166296987937,105.94883314555702,42.88624615355688,97.0084405652253,118.50275482423125,106.76352668503452,131.1397992547242,50,11.217272148402355,7.028892813940999,14.473251758420247,5.597760017837986,9.283632969022747,7.104019515264963,15.330524781539747,50,43.80832199632901,32.27144186809083,40.06840778457774,30.69325812700614,34.525263231494726,32.421006514191205,55.19563747846682,50,416.14,389.0,79.84756139810715,354.25,469.5,393.44757416146734,438.83242583853263,50,56.5420232,2.1854690000000003,186.90641496594247,1.9412220000000002,2.6460805,3.423807864481887,109.66023853551812
causal,HIPC,low,bounded_b4_w5,50,50,0,1.0,1,50,563.5106723208405,569.466038526342,80.13900717685486,505.63651559811035,619.0961070003481,540.7354185085491,586.285926133132,50,2.0369447931700844,2.0446027719965714,0.2760352444996004,1.8935210816872277,2.189166001003794,1.9584964447803626,2.115393141559806,50,16.628859330838,16.4730694685253,1.5976960472816806,15.457506083530383,17.518787844719398,16.174799138759102,17.0829195229169,50,2236.44,2222.5,245.77633435831905,2095.0,2410.0,2166.591138711861,2306.2888612881393,50,2.42778588,0.9967025,10.121425968273465,0.953771,1.0716337500000002,-0.44869154953723944,5.304263309537239
causal,HIPC,low,count_b2,50,50,0,1.0,0,50,564.9520876391213,572.2601167281862,79.02518277697656,504.6575811147562,617.32819546063,542.4933792184338,587.4107960598087,50,2.0799367510593223,2.1381976990508007,0.42291441297525056,1.7890016944889136,2.2747431329297876,1.9597458049058316,2.200127697212813,50,16.466451613315723,16.313513905326403,1.4166556948221232,15.371934663141605,17.45508560137818,16.063842520056074,16.86906070657537,50,2272.02,2307.5,253.3690129725691,2149.25,2449.75,2200.013323327736,2344.026676672264,50,1.00875568,1.0206575,0.10112173761916869,0.942687,1.0835762500000001,0.9800172001841224,1.0374941598158776
causal,HIPC,low,count_b4,50,50,0,1.0,4,50,566.09182475806,570.2373474262317,77.03584373924551,511.27010669310846,618.608937834318,544.198480235668,587.9851692804522,50,3.511085964051149,3.473395049855805,0.6486556051698723,3.069164541233118,3.9196839711672617,3.3267400810043717,3.6954318470979266,50,18.06629092089053,17.811369142378027,1.8305072793486923,16.948966563349906,19.180430425809966,17.54606650882102,18.58651533296004,50,2376.06,2386.5,331.16032309417255,2205.0,2546.75,2281.9452776353273,2470.1747223646726,50,6.20406774,1.0570555000000001,17.672973193101175,0.9887515,1.117931,1.1814643378586407,11.22667114214136
causal,HIPC,low,count_b8,50,50,0,1.0,0,50,566.1934644280996,573.1678019036135,76.21752648171548,507.58460836640654,618.6089360843181,544.5326830967898,587.8542457594093,50,3.804152753237203,3.846394579749739,0.7887684577494969,3.2383369128752597,4.259983347133065,3.5799872381250717,4.028318268349334,50,18.34900122742969,18.25485197457936,1.898091584141449,17.065639071578754,19.371295829962406,17.809569568482445,18.888432886376933,50,2373.2,2388.5,252.219696911649,2207.5,2547.25,2301.519955337791,2444.8800446622085,50,1.03497634,1.0427855,0.10378994277780876,0.97924375,1.1001629999999998,1.0054795646692156,1.0644731153307845
causal,HIPC,low,eager_b1,50,50,0,1.0,4,50,565.3429564032554,568.2248483515332,78.83015924002035,504.49954409971406,620.4582899789157,542.9396730584457,587.746239748065,50,0.19760523485158388,0.19085319636256565,0.08719888147962018,0.13244169490499597,0.2415769004324297,0.17282358696488728,0.22238688273828047,50,15.02784454443434,14.771357147142632,1.4028762692392778,14.120851721375546,16.077750106915467,14.629151520590728,15.42653756827795,50,2149.74,2072.5,359.50236637409137,1942.25,2291.75,2047.5705580674319,2251.909441932568,50,6.0258666199999995,0.964388,17.338003794393252,0.90567725,1.085978,1.0984604675336653,10.953272772466335
causal,HIPC,medium,bounded_b4_w5,50,50,0,1.0,1,50,173.1925315218324,172.49574008557968,21.459232893723065,158.48195285818093,187.89793599747367,167.0938850200977,179.29117802356708,50,2.0540511276635116,2.061132466834124,0.22368416711968606,1.8898361669253179,2.2144003280004196,1.9904807908274296,2.1176214644995937,50,22.497649352768825,21.864345683346574,2.7737007015150557,20.31236001936835,24.301235207544675,21.709372336347524,23.285926369190125,50,563.78,549.0,119.04677352080688,480.0,623.75,529.9472813529212,597.6127186470787,50,1.63885206,0.496869,8.072672874862997,0.45491125,0.5404869999999999,-0.6553761834677512,3.9330803034677513
causal,HIPC,medium,count_b2,50,50,0,1.0,0,50,168.31470209380507,167.04394118821438,19.735871918327334,155.98543733472602,179.8895997602688,162.70582936151848,173.92357482609165,50,1.3145693506210918,1.2917382818155287,0.19418379691602558,1.2371801448045792,1.390074945058376,1.2593829262218357,1.369755775020348,50,21.18305352266535,20.9222237750798,2.2101286000807634,19.67184458788249,22.598636174711395,20.554941925106384,21.811165120224317,50,554.6,537.5,117.22888826947886,474.5,617.75,521.283918624322,587.916081375678,50,0.49779474,0.5005419999999999,0.05819805336102448,0.45389225000000005,0.53416975,0.48125503626055277,0.5143344437394473
causal,HIPC,medium,count_b4,50,50,0,1.0,4,50,173.22315896314896,172.09269296153002,21.145962400081544,158.26352729117502,187.8399020227012,167.21354295050983,179.2327749757881,50,2.26177950947065,2.2696454116876374,0.3592158837278211,1.9654724657970433,2.4952344151329098,2.159691485005199,2.3638675339361006,50,22.468890043737893,22.125482686389013,2.333522488294284,20.931895204486263,24.333797255475083,21.805710291207323,23.132069796268464,50,557.04,536.0,122.58807079826657,466.5,631.5,522.2008558036138,591.8791441963862,50,5.00922692,0.4793905,15.64043635927889,0.44318599999999997,0.545835,0.5642640939513193,9.45418974604868
causal,HIPC,medium,count_b8,50,50,0,1.0,0,50,172.8786472838105,176.52177045566475,21.692585934810495,155.23475822262026,188.18973826532286,166.71368258166552,179.04361198595547,50,2.689597376175998,2.608214751373512,0.5271856557263337,2.358420027960714,2.945172762866203,2.5397728707529477,2.839421881599048,50,23.073685819828057,22.43765981050533,3.5259867060082537,20.67194530624493,24.40751407051392,22.071611486777215,24.0757601528789,50,552.8,554.5,122.64583156389784,463.75,634.75,517.9444403756719,587.655559624328,50,0.4765605,0.4650205,0.07499364982701903,0.43021875,0.5174274999999999,0.4552475405650127,0.4978734594349873
causal,HIPC,medium,eager_b1,50,50,0,1.0,4,50,171.0947465230678,172.85914250203703,21.048606205598546,152.95687985185563,185.1694593059291,165.11279883472744,177.07669421140818,50,0.5825340661523181,0.5432687505721092,0.1787065691916048,0.48354987717150616,0.6548224918155651,0.5317462211983552,0.6333219111062809,50,21.351379457216773,20.995993759452254,3.2985053149250634,19.7204387088917,22.651998798992988,20.413954620110637,22.288804294322908,50,601.48,579.0,122.7001056167734,503.5,699.5,566.60901586053,636.35098413947,50,8.15328878,0.582151,26.544490081168096,0.5260275000000001,0.62725125,0.6094281781049995,15.697149381895002
causal,PI,high,bounded_b4_w5,50,50,0,1.0,0,50,110.54998024607147,108.74564267572684,13.504344390838282,100.3630743439693,118.84652058013322,106.71208803970578,114.38787245243716,50,9.228047767892976,8.584323664707217,2.6634188622639154,7.391866098331003,10.486803513745027,8.471112503363962,9.98498303242199,50,35.28698015980633,34.95809071246598,3.9432817125926602,32.75843285987489,37.0001005278601,34.166311898225935,36.40764842138673,50,327.24,307.0,140.06624671700087,262.5,342.25,287.4336131742339,367.0463868257661,50,0.95205454,0.931441,0.17556555722487835,0.8718977499999999,0.985912,0.9021593607688825,1.0019497192311175
causal,PI,high,count_b2,50,50,0,1.0,0,50,107.15483103583126,106.3559680654038,10.822193930183893,97.85130281166269,114.71467811227241,104.07919755534857,110.23046451631396,50,9.22087098390818,8.517784720215674,2.7630624501312284,7.230534618914983,10.538539191635252,8.435617325074166,10.006124642742193,50,35.83227016921567,35.28104384443483,4.219069672078674,33.00710839017867,37.89559464489848,34.63322383686873,37.03131650156261,50,324.12,312.0,56.082533932097775,279.75,354.5,308.181520229204,340.058479770796,50,1.07025262,1.0746275,0.10350286273077136,0.9972335,1.1307167500000002,1.040837431915752,1.099667808084248
causal,PI,high,count_b4,50,50,0,1.0,4,50,112.44933556493535,112.33479530473173,13.375060711184856,104.33063532299508,120.95555438567384,108.6481853737458,116.2504857561249,50,10.092509435134936,9.70083340402234,2.7197270951501893,8.13634788493748,11.405744421348455,9.319571547902145,10.865447322367727,50,37.084083858285815,35.74876355962952,4.780283926943835,33.6245022640547,39.55223605407873,35.725542199656346,38.442625516915285,50,304.5,298.5,67.72822339983502,264.25,326.75,285.25185190674136,323.74814809325864,50,6.202167500000001,0.931002,18.109167252352123,0.86597975,1.01410875,1.0555991179964597,11.348735882003542
causal,PI,high,count_b8,50,50,0,1.0,0,50,109.809532790365,108.69504147357608,14.868294976808412,99.37203967649313,120.31087203375299,105.58401011692428,114.03505546380572,50,10.32603629017411,9.908099729778531,2.3865623619661624,8.55090503781545,11.580987793109378,9.647782772349904,11.004289807998317,50,35.879996931105595,35.32883656221598,4.594099717567489,31.891326880483376,39.684948977070775,34.57436823925433,37.185625622956856,50,282.9,255.5,68.81185529086851,233.5,327.5,263.3438871311993,302.45611286880063,50,0.83572132,0.824273,0.0827489856677311,0.77681575,0.903022,0.8122043185086645,0.8592383214913355
causal,PI,high,eager_b1,50,50,0,1.0,4,50,109.06946356355489,106.94038220946831,14.879727922152323,97.38019793832082,116.73177329545383,104.84069168300263,113.29823544410715,50,9.305293784074452,8.836343722837714,3.4516266115810104,6.929548876385953,10.98731971139653,8.324352356006436,10.286235212142468,50,36.5178749539366,34.916170966487414,7.044621808697078,32.943014371902535,37.05058481554312,34.5158155903784,38.519934317494794,50,443.82,416.0,139.628032095775,355.0,468.75,404.1381523914549,483.50184760854506,50,10.89608252,1.268758,32.95130611202486,1.21275075,1.3984295,1.5314249507879012,20.2607400892121
causal,PI,low,bounded_b4_w5,50,50,0,1.0,1,50,568.2844447831279,578.597686858556,77.03057878393307,498.35583376199077,616.9269701569813,546.3925965444779,590.176293021778,50,2.0074724581180066,1.9995987509718558,0.29399519521484996,1.8220334631348685,2.189935050721084,1.923919948216858,2.091024968019155,50,19.31698600927575,19.358194405526426,2.3880053090326427,17.529297738478313,21.124075421862774,18.638322410433144,19.99564960811836,50,2170.68,2167.5,390.65682209973147,1900.25,2388.0,2059.6565597271556,2281.703440272844,50,2.59833458,1.6193175,6.849913985448636,1.4517354999999998,1.7930782500000002,0.6516105674767361,4.545058592523263
causal,PI,low,count_b2,50,50,0,1.0,0,50,570.1933714881737,579.9886224711424,77.51418173602717,517.030171809015,624.0680349951376,548.1640848114107,592.2226581649368,50,2.16865853953422,2.1433772614675037,0.4140719946640867,1.933250134083373,2.447843357633765,2.0509805808564385,2.286336498212002,50,19.450091704696852,19.39925592190557,2.4931307443383153,17.669687426405595,21.078590223526927,18.741551787747003,20.158631621646702,50,2202.88,2175.5,329.51650666281546,2000.5,2321.25,2109.2324450955175,2296.5275549044827,50,1.65145254,1.623231,0.21567414033375082,1.5286335,1.75579375,1.5901586275859265,1.7127464524140734
causal,PI,low,count_b4,50,50,0,1.0,4,50,567.3369154877046,575.726838001329,76.6742162621118,510.5171788973312,617.1471459018472,545.5463443570396,589.1274866183695,50,3.8711025943505164,3.696123119800302,0.8352758153072742,3.374501348879591,4.41296567808079,3.633719834480413,4.10848535422062,50,20.66572888235454,20.324012096370616,2.9131430099314355,18.500989480566144,22.158427838444663,19.8378228004103,21.493634964298778,50,2265.7,2248.0,307.775577527602,2094.5,2432.0,2178.231148783183,2353.1688512168166,50,5.798529680000001,1.7055150000000001,14.237200331339805,1.57325325,1.872424,1.752362120086019,9.844697239913982
causal,PI,low,count_b8,50,50,0,1.0,0,50,567.2264391340345,576.3429643466224,77.36382754670596,509.7549976459686,616.9698528775989,545.2398826450311,589.212995623038,50,4.138026448513414,4.091314379086471,0.91603669465375,3.3957547201440237,4.885979632182956,3.8776917007161247,4.398361196310703,50,20.649299431600472,20.656747282121994,2.7154415999268573,18.647375547944797,22.9516056459936,19.877579468632792,21.42101939456815,50,2258.5,2309.0,305.6948758858368,2088.5,2422.75,2171.622477646221,2345.377522353779,50,1.67954272,1.6888055,0.19969637696723086,1.588095,1.8019635,1.622789637686581,1.736295802313419
causal,PI,low,eager_b1,50,50,0,1.0,4,50,567.5590776726959,574.9763369029004,75.17038517063423,517.0813597926331,618.925259454567,546.1958906088643,588.9222647365276,50,0.10422474387763543,0.0846998425442374,0.06556773088784883,0.06216487650793137,0.11876271943695248,0.08559060096179871,0.12285888679347215,50,18.25071908418743,17.891548687759695,2.8835962928007257,16.173544944556696,19.978800089962604,17.431210086330932,19.07022808204393,50,2006.64,2036.0,354.365645361179,1755.0,2227.5,1905.9303980249429,2107.3496019750573,50,5.0662992000000004,1.5806835000000001,12.17093133500328,1.3986492499999998,1.73213725,1.6073587906817215,8.52523960931828
causal,PI,medium,bounded_b4_w5,50,50,0,1.0,1,50,174.49511833409122,173.37744579424708,19.552517984875216,164.5843273829712,187.51566952636438,168.93835421306605,180.05188245511638,50,2.1296524015768274,2.103562053251663,0.2916999377357334,1.960095291300618,2.2332562519440398,2.04675219663294,2.212552606520715,50,26.97962745662877,26.98171596377204,2.7733538913440428,25.617104029425263,28.342866144194016,26.191449002567396,27.767805910690143,50,570.0,424.0,537.321246973335,364.75,539.5,417.2949914197462,722.7050085802538,50,1.5501853600000002,0.6361935,5.602017090725847,0.5996142499999999,0.700399,-0.04189027952607183,3.142260999526072
causal,PI,medium,count_b2,50,50,0,1.0,0,50,174.4120561253418,175.1794017764077,21.563937209004727,159.62163696334216,183.44026100148267,168.28365298648632,180.54045926419727,50,1.3500931990359168,1.342111643742831,0.18823020452112033,1.2092792010273383,1.4523312993744586,1.2965987668719734,1.4035876311998603,50,25.881558503145342,25.776465251313343,3.1735507252699566,23.723381092217572,27.200926063548053,24.979645367452292,26.783471638838392,50,513.1,455.0,276.4099476930479,386.25,529.5,434.54516214109617,591.6548378589039,50,0.7341361999999999,0.6865795,0.25447141615040353,0.63924775,0.7245707499999999,0.6618162238115185,0.8064561761884813
causal,PI,medium,count_b4,50,50,0,1.0,4,50,177.76368480179556,180.2686900854556,21.099657838218032,165.0775093930667,193.63149846066537,171.76722840001588,183.76014120357524,50,2.4299529992206566,2.4011303429269715,0.3868859810070014,2.162578439974882,2.6016925644721898,2.3200012201275326,2.5399047783137805,50,27.54429354236147,27.183241983813545,3.0972115339855226,25.613510535665643,29.666437485843737,26.664075764754042,28.424511319968897,50,497.22,431.0,283.39662046290516,366.75,520.75,416.67957171213357,577.7604282878665,50,3.46243402,0.6457795,9.485400080646228,0.61039775,0.6989190000000001,0.7667131475028373,6.158154892497162
causal,PI,medium,count_b8,50,50,0,1.0,0,50,175.5708324665411,174.22990960986942,22.486678479888297,160.51240137426421,188.06617451576747,169.1801891604089,181.9614757726733,50,2.888627035572526,2.7114379750384106,0.5401161713981738,2.517584199839578,3.1903391477959815,2.7351277182604283,3.0421263528846234,50,27.478238617437846,27.460341717049367,2.9180443015912605,25.648551914983234,29.04029409734673,26.648939603817848,28.307537631057844,50,487.66,430.0,235.05454078331937,353.25,507.75,420.85823872714707,554.461761272853,50,0.6806590199999999,0.616357,0.24806237792279962,0.5907435,0.7013544999999999,0.6101604723201626,0.7511575676798372
causal,PI,medium,eager_b1,50,50,0,1.0,4,50,177.14367850215461,176.45785925154453,20.95240477098452,165.53322144915313,187.13996831508675,171.18907095898982,183.0982860453194,50,0.6200912931692626,0.582928878856622,0.24259053869197714,0.4338936368759456,0.7128940773792205,0.5511478249905604,0.6890347613479648,50,26.716079610184643,26.62733362370875,3.0841395852235354,24.457388188425533,29.205215427927595,25.839576839305693,27.592582381063593,50,650.14,521.5,497.47784321494754,464.5,579.75,508.75836146525086,791.5216385347492,50,5.087125660000001,0.8212845,14.222840051589865,0.78497675,0.9333002499999999,1.0450392464296296,9.129212073570372
zero_compute,ACBBA,high,bounded_b4_w5,50,50,0,1.0,0,50,103.24787369879856,101.70788306247354,11.484885858456474,95.72097192413192,109.30624711807657,99.98390525638581,106.5118421412113,50,10.69360653279297,10.596156374404718,2.7019672119792655,8.84670059686508,12.755919024063315,9.925715948504696,11.461497117081244,50,33.45198058421007,33.48302352083899,3.2004333919293964,31.020145999341228,35.37151541970184,32.542427479195105,34.361533689225034,50,297.68,280.5,69.01713481418352,251.25,326.25,278.06554733625217,317.29445266374785,50,0.0,0.0,0.0,0.0,0.0,0.0,0.0
zero_compute,ACBBA,high,count_b2,50,50,0,1.0,0,50,101.99562479535383,100.56776680900138,9.516927373027638,95.44295239931391,106.8700114272563,99.29094396551135,104.70030562519632,50,10.59333210224924,10.40973378054979,2.697610674457828,8.85092946776342,12.55258038050571,9.826679632223781,11.3599845722747,50,33.182477221950556,32.908755905834695,3.0706291707248594,31.094780387897078,35.35412422517762,32.30981406838353,34.05514037551758,50,326.14,318.0,62.46272684487893,292.5,341.75,308.38828946831757,343.8917105316824,50,0.0,0.0,0.0,0.0,0.0,0.0,0.0
zero_compute,ACBBA,high,count_b4,50,50,0,1.0,0,50,103.27733750880799,101.84385064371148,11.173818322257912,95.90250334536641,108.8424075507284,100.10177348191354,106.45290153570244,50,10.690374000656051,10.516506954878484,2.664274070958018,8.84670059686508,12.755919024063315,9.9331956885057,11.447552312806403,50,33.43093404227446,33.39128895065932,3.2108814683628837,31.020145999341228,35.37151541970184,32.51841162679502,34.343456457753895,50,299.52,284.0,67.6341418431338,262.25,326.25,280.2985895892808,318.74141041071914,50,0.0,0.0,0.0,0.0,0.0,0.0,0.0
zero_compute,ACBBA,high,count_b8,50,50,0,1.0,0,50,101.72942229205368,101.25731120873832,11.584450967241889,94.50302770416563,109.37747711662809,98.43715775884421,105.02168682526316,50,10.947863264058423,10.619636335278898,2.5143424625621402,9.433441241324093,12.530680160516651,10.23329504349762,11.662431484619226,50,33.115460364132,32.96164532473334,3.7593652854431836,30.42004361378599,34.65985894045061,32.04706057275282,34.18386015551118,50,276.58,266.5,65.10402664746849,229.25,311.75,258.0776403709863,295.0823596290137,50,0.0,0.0,0.0,0.0,0.0,0.0,0.0
zero_compute,ACBBA,high,eager_b1,50,50,0,1.0,0,50,102.96592513409361,100.2074259438279,12.504098353334081,94.9000846638597,110.96365477418655,99.41229970593523,106.519550562252,50,10.02627965166999,9.975769055079766,2.6215942836690456,7.924422870423454,11.816751005811373,9.281230800844456,10.771328502495523,50,32.94881138740001,32.857702576264906,3.1666920365207334,30.659125525455796,34.34225908286734,32.04884746947976,33.84877530532027,50,406.48,387.0,86.93869291938206,349.75,427.25,381.7722968838619,431.18770311613815,50,0.0,0.0,0.0,0.0,0.0,0.0,0.0
zero_compute,ACBBA,low,bounded_b4_w5,50,50,0,1.0,0,50,564.9899090820735,577.494300482775,78.03879148499834,502.7055409795191,613.8366618357023,542.8115299644863,587.1682881996607,50,2.0671754058750382,2.0931239399404884,0.27189149256535206,1.9317718331505778,2.2552984203087916,1.989904698753437,2.1444461129966395,50,17.63487296127789,17.6589808954935,2.0407763626488755,16.233347492376694,18.797408562042282,17.054890737005003,18.214855185550775,50,2043.44,2011.0,271.34751872528216,1872.0,2195.25,1966.3238885330156,2120.5561114669845,50,0.0,0.0,0.0,0.0,0.0,0.0,0.0
zero_compute,ACBBA,low,count_b2,50,50,0,1.0,0,50,565.3113649768021,575.0518978146026,77.0024806653194,501.3934488982564,609.4602432708127,543.427502135097,587.1952278185072,50,2.1310012445149638,2.08923080073372,0.47001498369424277,1.7910255373943464,2.4083310348889393,1.9974244642886665,2.2645780247412612,50,17.51230101826621,17.38123571462176,1.8906113438737984,16.257691375397613,18.69273863084601,16.974995220078593,18.049606816453828,50,2096.22,2089.5,277.7043862139181,1950.5,2272.75,2017.2972867843152,2175.142713215684,50,0.0,0.0,0.0,0.0,0.0,0.0,0.0
zero_compute,ACBBA,low,count_b4,50,50,0,1.0,0,50,565.5444883413259,581.7139299260828,78.67330305860652,506.7312799586416,616.8788589314343,543.1857830299805,587.9031936526712,50,3.81184641768387,3.728233828383247,0.7709649788298025,3.319090576572239,4.259645047077826,3.592740595290953,4.030952240076787,50,18.83697728024382,18.85176423681462,1.9623550368246954,17.496670810085895,20.352964471258367,18.27928215014469,19.394672410342945,50,2170.42,2181.5,282.26576635706795,2016.75,2373.75,2090.2009568926146,2250.6390431073855,50,0.0,0.0,0.0,0.0,0.0,0.0,0.0
zero_compute,ACBBA,low,count_b8,50,50,0,1.0,0,50,565.0138692422338,568.539866789899,78.44747723654483,505.0108500705621,616.4820386653028,542.7193429193238,587.3083955651438,50,4.090897783822551,3.9044477839564884,0.9009682231621116,3.5149462932647664,4.804830977356518,3.8348454482346863,4.346950119410415,50,19.237501510929402,19.43599298371221,2.126838916415319,17.496670810085895,20.639475289958106,18.63306057953229,19.841942442326513,50,2184.6,2204.5,290.9098324433963,2064.75,2377.75,2101.92434049541,2267.27565950459,50,0.0,0.0,0.0,0.0,0.0,0.0,0.0
zero_compute,ACBBA,low,eager_b1,50,50,0,1.0,0,50,564.0319409438318,575.2987924274082,76.91632937755581,504.4854129801513,611.3503856407518,542.1725620271739,585.8913198604898,50,0.15516857076511484,0.12694898485214734,0.09161346970085824,0.08906474857437097,0.1984542094559999,0.1291323107892821,0.18120483074094756,50,16.143398823084052,15.988603700368952,1.3886347864493802,15.27025682938895,17.321991117498442,15.74875318386161,16.538044462306495,50,1887.72,1900.0,236.15016322636058,1706.75,2052.25,1820.6068662744333,1954.8331337255668,50,0.0,0.0,0.0,0.0,0.0,0.0,0.0
zero_compute,ACBBA,medium,bounded_b4_w5,50,50,0,1.0,0,50,171.277064544664,174.16381452941567,20.122533180187045,155.63003869549988,185.1212992331712,165.55830389775923,176.99582519156877,50,2.390849117569053,2.308386087239179,0.4731496504060313,2.1405923845397004,2.5282281603852983,2.2563814749214086,2.5253167602166973,50,23.04951515553348,22.97961391154253,2.426396285052958,21.143867971284966,24.420371902011926,22.35994096204082,23.73908934902614,50,476.82,430.0,138.97638765822995,384.0,529.75,437.3233476912632,516.3166523087367,50,0.0,0.0,0.0,0.0,0.0,0.0,0.0
zero_compute,ACBBA,medium,count_b2,50,50,0,1.0,0,50,170.42236454906234,171.4134529200291,22.0335393604432,153.13484335366684,182.38301766227164,164.16050195560936,176.6842271425153,50,1.5736589895904083,1.4862267339585493,0.412122930074354,1.3058870719502853,1.7421543827951746,1.4565349489394592,1.6907830302413573,50,22.205203959780075,22.134161434818992,2.291643136841944,20.674435387589604,23.571977266965384,21.553926187226825,22.856481732333325,50,482.54,452.5,104.33603678225741,413.5,561.25,452.8880264705502,512.1919735294498,50,0.0,0.0,0.0,0.0,0.0,0.0,0.0
zero_compute,ACBBA,medium,count_b4,50,50,0,1.0,0,50,170.28685933782478,174.407379745907,17.62161373764026,154.28597211379633,183.92622292374992,165.2788521314062,175.29486654424335,50,2.519499041651276,2.4386557660458776,0.4998322299356815,2.231664057130765,2.75943626996165,2.3774482938147523,2.6615497894877995,50,22.85582727422306,22.871804993095314,2.149414314756655,21.256075960646445,24.02955706591773,22.244970485614207,23.466684062831913,50,475.32,460.5,107.68044940319236,399.25,555.5,444.7175549214489,505.9224450785511,50,0.0,0.0,0.0,0.0,0.0,0.0,0.0
zero_compute,ACBBA,medium,count_b8,50,50,0,1.0,0,50,171.37708891488083,168.93555503540537,18.662872126757513,159.37973683894015,184.72965645810652,166.07315934890534,176.68101848085632,50,3.0684447924782954,2.995987172800923,0.573583729709556,2.6719535342816974,3.351230913501971,2.905434100345478,3.2314554846111125,50,24.155718974689343,24.379336891308405,2.5181104367873446,22.626503103977953,25.940813079028047,23.440079907703556,24.87135804167513,50,457.94,424.5,128.06414368572953,368.0,543.25,421.5445731105759,494.33542688942407,50,0.0,0.0,0.0,0.0,0.0,0.0,0.0
zero_compute,ACBBA,medium,eager_b1,50,50,0,1.0,0,50,171.48094913886715,174.54649753031458,20.381697195357912,158.91413521257005,182.48701602028035,165.68853489388994,177.27336338384436,50,0.9882433338741339,0.7688951945415711,0.6275596128866041,0.5798662889291161,1.1990894484606527,0.809892865489947,1.1665938022583207,50,23.039668285747826,22.70889797942561,2.863934132383086,20.937809432642737,25.034084810266755,22.22574721204693,23.853589359448723,50,517.5,503.0,97.75108956018894,452.75,580.5,489.71944776220886,545.2805522377912,50,0.0,0.0,0.0,0.0,0.0,0.0,0.0
zero_compute,CBAA,high,bounded_b4_w5,50,50,0,1.0,0,50,103.91609125546252,102.18132402225362,12.338029495027486,94.10022623612915,111.62557667623813,100.40966207456863,107.42252043635641,50,24.817659415751066,24.875767225699754,3.417981858369627,22.84981666070731,27.476451471569955,23.846279720737094,25.78903911076504,50,34.189854634829764,34.51150634429469,3.6503704016368714,31.747126792321488,36.58897440466829,33.15243084665277,35.22727842300676,50,260.0,247.0,50.78767325938491,225.0,277.0,245.56630298070016,274.4336970192998,50,0.0,0.0,0.0,0.0,0.0,0.0,0.0
zero_compute,CBAA,high,count_b2,50,50,0,1.0,0,50,102.46543771298612,101.05476378441121,11.48364500666746,93.98853670800585,107.31513630364763,99.20182191674948,105.72905350922275,50,25.01126675087489,25.02727114520365,3.9612694659210734,22.15704236246549,27.216721613356903,23.885486426367837,26.13704707538194,50,34.401913398529835,34.242412053822285,4.2997663812186255,31.251520625954456,37.17577519114046,33.17993331522659,35.62389348183308,50,289.22,279.0,51.65240575624879,254.25,309.75,274.54054872456936,303.8994512754307,50,0.0,0.0,0.0,0.0,0.0,0.0,0.0
zero_compute,CBAA,high,count_b4,50,50,0,1.0,0,50,103.63489058674878,102.98732537605358,11.53799449288101,94.10022623612915,111.62557667623813,100.35582883745273,106.91395233604483,50,24.98063418513581,24.875767225699754,3.1281355457721856,22.91305846212661,27.476451471569955,24.091627900630847,25.86964046964077,50,34.309145225005594,34.51150634429469,3.4411695561801166,31.91286239238007,36.467953098247655,33.331175659196354,35.28711479081483,50,259.46,247.0,49.856614815050634,225.0,273.25,245.29090686251507,273.6290931374849,50,0.0,0.0,0.0,0.0,0.0,0.0,0.0
zero_compute,CBAA,high,count_b8,50,50,0,1.0,0,50,105.47080629510286,104.55041802371284,11.642884683905129,97.08120965099901,114.50170026311662,102.16193508338458,108.77967750682114,50,25.16641335011005,24.772974545410285,3.2941742342859457,22.91972480053044,26.648766029266525,24.230219392500835,26.102607307719268,50,34.615059006624385,34.16622555861164,3.851580706728892,32.25888076503952,36.71314167318633,33.520451882522025,35.709666130726745,50,238.14,230.5,46.371177712550924,204.5,256.0,224.96145712577234,251.31854287422763,50,0.0,0.0,0.0,0.0,0.0,0.0,0.0
zero_compute,CBAA,high,eager_b1,50,50,0,1.0,0,50,100.97283591034947,99.18451913455388,10.54145783042816,94.03430964432332,107.10998599839917,97.97698674653668,103.96868507416227,50,24.388145163956256,24.235093420322702,3.6119262684564637,21.921988818654214,26.339581589980202,23.361647077527042,25.41464325038547,50,33.5980111802282,33.61711362735724,3.862198352070498,30.44423411943911,36.143350945542,32.50038655471095,34.69563580574545,50,365.16,348.0,52.70106686756533,330.0,388.5,350.1825225346441,380.13747746535597,50,0.0,0.0,0.0,0.0,0.0,0.0,0.0
zero_compute,CBAA,low,bounded_b4_w5,50,50,0,1.0,0,50,562.8763337706911,568.6291958632025,77.27831920513209,501.71636515044224,612.5793806318388,540.9140784834497,584.8385890579325,50,3.2913134135432656,3.2189582941247865,0.4938839195676826,2.9343099383598488,3.58407313371171,3.150953156806619,3.431673670279912,50,15.993151805174037,15.782370562988511,1.5296190093795061,15.083246967282003,16.905370159282636,15.558438893172982,16.427864717175094,50,1966.96,1990.5,262.7866334003264,1788.75,2159.5,1892.2768652194313,2041.6431347805687,50,0.0,0.0,0.0,0.0,0.0,0.0,0.0
zero_compute,CBAA,low,count_b2,50,50,0,1.0,0,50,562.5112555387154,569.4225072856742,77.21964543754608,505.00463849842595,613.2978877993477,540.5656751517001,584.4568359257307,50,3.3806805101816315,3.366272463279868,0.679031204097043,2.89172089478525,3.841727993825527,3.1877019774472934,3.5736590429159696,50,16.116894268998706,16.049025676312482,1.5846250914348077,14.970628686383922,17.199474463799838,15.66654880146493,16.567239736532482,50,2019.96,2030.5,285.7524945880006,1786.0,2147.0,1938.7500396947173,2101.169960305283,50,0.0,0.0,0.0,0.0,0.0,0.0,0.0
zero_compute,CBAA,low,count_b4,50,50,0,1.0,0,50,563.5883708258617,573.0516045479467,77.38527304929318,503.2530406868817,615.4961974394103,541.5957195924665,585.581022059257,50,4.83982419841148,4.72666937046998,0.881854138609647,4.283853089826747,5.357703555363175,4.589204025541969,5.0904443712809915,50,17.257585559398425,17.187568773435828,1.7996673127635685,16.145065881138194,18.232690347246123,16.746125768844486,17.769045349952364,50,2105.44,2129.0,264.4671315560204,1928.25,2293.0,2030.279272928544,2180.600727071456,50,0.0,0.0,0.0,0.0,0.0,0.0,0.0
zero_compute,CBAA,low,count_b8,50,50,0,1.0,0,50,562.3893769563128,572.3665216176532,78.1755798927017,499.70696233040235,615.4961974394103,540.1721230034392,584.6066309091865,50,5.069305081874737,5.007537711435223,1.012971814798764,4.419675146319582,5.508831723082564,4.781421677781325,5.357188485968149,50,17.478503756223436,17.65011335126905,1.9257352349270607,16.204821795307147,18.44773138642589,16.93121585865882,18.02579165378805,50,2105.78,2135.0,272.8623253060572,1911.25,2275.5,2028.2333852666409,2183.3266147333597,50,0.0,0.0,0.0,0.0,0.0,0.0,0.0
zero_compute,CBAA,low,eager_b1,50,50,0,1.0,0,50,563.5808509516746,577.1846883207453,78.46202017895914,501.8569673975404,615.2534539458918,541.2821915702663,585.879510333083,50,1.5396487375325218,1.455422202830201,0.5261946267133834,1.173970230231185,1.8396653311644666,1.3901058794382872,1.6891915956267565,50,14.555128888687296,14.45656483795278,1.39689373432192,13.53678295217713,15.511831999308816,14.158136082452858,14.952121694921734,50,1829.54,1810.5,232.54275095218117,1695.75,1963.75,1763.4520814978848,1895.627918502115,50,0.0,0.0,0.0,0.0,0.0,0.0,0.0
zero_compute,CBAA,medium,bounded_b4_w5,50,50,0,1.0,0,50,168.94386416150198,171.30704167511982,17.67926039404777,159.1150273392809,178.54743836395372,163.91947395662407,173.96825436637988,50,9.350783762248168,8.898988135463586,2.6734522524613964,7.600189874545683,10.775664625627247,8.590997039778815,10.110570484717522,50,22.69794742689857,22.15704231914299,2.739481089570612,21.182001535835763,24.113472339689586,21.91939551657539,23.47649933722175,50,357.98,335.0,84.14867552039506,302.25,387.5,334.0652110543907,381.8947889456093,50,0.0,0.0,0.0,0.0,0.0,0.0,0.0
zero_compute,CBAA,medium,count_b2,50,50,0,1.0,0,50,168.50004167994072,170.3230545694986,19.8953390944449,154.48274485619515,181.1421137893588,162.8458488777063,174.15423448217516,50,8.673010952350147,8.348183413594501,2.4332692128242863,6.760874200260858,10.686262108685174,7.981483494399392,9.364538410300902,50,22.487669718355427,22.320494535948093,2.552669994155275,20.893588400143383,24.31560364077916,21.76220893385125,23.213130502859602,50,367.32,347.0,73.5780690484465,315.25,394.75,346.4093441704547,388.2306558295453,50,0.0,0.0,0.0,0.0,0.0,0.0,0.0
zero_compute,CBAA,medium,count_b4,50,50,0,1.0,0,50,170.27186797528842,166.50650949764685,20.772665982575273,157.93786376501782,183.06746350292448,164.36834163053302,176.1753943200438,50,9.266479275831593,8.906564911352667,2.4614352914685864,7.432979925600191,10.76118075617734,8.566947106908998,9.966011444754187,50,22.636253329550826,22.33772595553709,2.3767887456964436,21.414342074486974,23.839889854501074,21.960777442733647,23.311729216368004,50,348.68,327.0,86.70485710096038,288.25,384.0,324.0387522880723,373.3212477119277,50,0.0,0.0,0.0,0.0,0.0,0.0,0.0
zero_compute,CBAA,medium,count_b8,50,50,0,1.0,0,50,168.47473059071123,169.03614640998342,19.436048729418008,154.12604543772542,180.65409681265353,162.95106666580543,173.99839451561704,50,10.15256719257096,10.010827543822106,2.726452970472649,8.21468053724395,11.70495311672048,9.37771783272358,10.92741655241834,50,23.192716864768634,23.077156683128102,2.774638637570585,21.391356843388998,24.883712007721506,22.404173289870048,23.98126043966722,50,336.14,325.5,77.24807903298122,276.25,373.5,314.1863388745822,358.0936611254178,50,0.0,0.0,0.0,0.0,0.0,0.0,0.0
zero_compute,CBAA,medium,eager_b1,50,50,0,1.0,0,50,169.94969442187966,166.8779939168133,20.83912157497532,159.82022631935885,184.12981853313227,164.02728160675886,175.87210723700045,50,7.327451707895205,6.650941464255498,3.1835002042375082,5.061675120884235,8.728824509675363,6.422710961569472,8.232192454220938,50,21.34902094155137,20.77193701955153,3.0656607609644975,19.383076515655567,22.731285894681058,20.4777697944132,22.22027208868954,50,442.36,429.0,71.27319099845356,388.25,492.25,422.10438326370326,462.6156167362968,50,0.0,0.0,0.0,0.0,0.0,0.0,0.0
zero_compute,HIPC,high,bounded_b4_w5,50,50,0,1.0,0,50,108.5930028992036,104.24135227370974,15.434626851703342,98.16497458584138,118.0673761440645,104.20653048796217,112.97947531044503,50,7.9990109865169075,7.719089933726366,2.288635483943079,6.760697553152533,9.222221669467192,7.348587979458814,8.649433993575002,50,32.575883076219775,32.143408649957735,3.28573549341845,30.429044269883004,34.73122762901793,31.642087382226293,33.509678770213256,50,316.94,306.0,74.08913826036354,259.5,355.25,295.884099907678,337.995900092322,50,0.0,0.0,0.0,0.0,0.0,0.0,0.0
zero_compute,HIPC,high,count_b2,50,50,0,1.0,0,50,106.01832721251758,103.96171402035208,12.825585646666822,98.37797979428066,114.30277067273413,102.37333610663222,109.66331831840293,50,7.344475340350479,7.156550048177896,2.23697157758358,6.001641779540597,8.724798806310924,6.7087350530030925,7.980215627697866,50,32.35473540447683,32.91184782960516,2.93537798898275,30.131044759401142,34.17296838996421,31.520510211412493,33.18896059754116,50,328.92,321.0,64.16046210836689,283.25,367.0,310.68579844560395,347.1542015543961,50,0.0,0.0,0.0,0.0,0.0,0.0,0.0
zero_compute,HIPC,high,count_b4,50,50,0,1.0,0,50,108.66360507742746,104.24135227370974,15.352477629452176,98.26984697453497,118.0673761440645,104.30047921680057,113.02673093805436,50,8.028953631085363,7.719089933726366,2.251106589590762,6.760697553152533,9.222221669467192,7.389196217778418,8.668711044392309,50,32.693761643101745,32.16602110634042,3.1655135845297777,30.604189485550073,34.73122762901793,31.79413263753123,33.593390648672255,50,316.4,303.0,73.79812507988345,259.5,355.25,295.42680493836957,337.3731950616304,50,0.0,0.0,0.0,0.0,0.0,0.0,0.0
zero_compute,HIPC,high,count_b8,50,50,0,1.0,0,50,105.86035744088903,104.05528358240764,13.007220423876168,98.47589104948534,117.31866016068142,102.16374630253992,109.55696857923814,50,8.939598354842571,8.822278159785903,2.521749388174687,7.0930614549474615,10.178503890386336,8.222925109316558,9.656271600368585,50,32.699064902091315,32.568232650560674,3.322173902362883,31.03056428540862,34.261947647310045,31.754913526870162,33.64321627731247,50,287.72,279.0,62.022721313915866,247.25,327.25,270.09333765645374,305.3466623435463,50,0.0,0.0,0.0,0.0,0.0,0.0,0.0
zero_compute,HIPC,high,eager_b1,50,50,0,1.0,0,50,108.14437891344029,107.74544356043322,16.13282448977657,96.56795904808294,117.35191822555093,103.55948092920458,112.729276897676,50,7.1604262301825345,6.88737222582307,2.042175762733338,6.0086047558679905,8.78457817891295,6.580046300806586,7.740806159558483,50,32.135851623980095,32.01610046350582,3.268456176140284,29.708022638977774,34.629065232955945,31.20696665761573,33.06473659034446,50,425.06,414.0,86.60876375508239,358.25,462.5,400.44606171476903,449.673938285231,50,0.0,0.0,0.0,0.0,0.0,0.0,0.0
zero_compute,HIPC,low,bounded_b4_w5,50,50,0,1.0,0,50,564.3571449347963,569.464166526342,78.97036166280397,505.60151792988154,619.0936037503482,541.914016502351,586.8002733672416,50,2.0485276625144953,2.028279072181747,0.2762946958827623,1.8969868143462605,2.2353203353793085,1.9700055788576216,2.1270497461713687,50,16.72956551307506,16.693683106735094,1.6467491246426955,15.767226525138446,17.4661735969476,16.261564590676084,17.197566435474034,50,2250.42,2222.5,250.11614363355767,2106.5,2430.25,2179.3377785640073,2321.502221435993,50,0.0,0.0,0.0,0.0,0.0,0.0,0.0
zero_compute,HIPC,low,count_b2,50,50,0,1.0,0,50,564.5414074488798,572.2589887281861,79.90374978975233,504.63338020823767,617.32582446063,541.8330130461472,587.2498018516123,50,2.0825584142345788,2.1135794327620046,0.40373791603100995,1.8240745483373113,2.278986874503407,1.967817368204905,2.1972994602642526,50,16.537847428706712,16.420199561522818,1.33535507163521,15.876649834233968,17.491737352537445,16.158343716876274,16.91735114053715,50,2274.1,2288.5,262.05578546156454,2126.75,2476.5,2199.6245699052,2348.5754300947997,50,0.0,0.0,0.0,0.0,0.0,0.0,0.0
zero_compute,HIPC,low,count_b4,50,50,0,1.0,0,50,564.9432694376939,570.2359394262318,77.68596616609217,508.70167584494084,618.607411834318,542.8651621661473,587.0213767092404,50,3.537687711176015,3.460808586961864,0.6883267269532273,3.073904460395035,3.989548850562797,3.3420674200792315,3.7333080022727985,50,17.96138361933977,17.75074051421947,1.8031801694778815,16.86005777989543,18.853250183481098,17.44892548595513,18.47384175272441,50,2361.26,2364.5,265.10928127926445,2225.0,2549.5,2285.916775996681,2436.6032240033196,50,0.0,0.0,0.0,0.0,0.0,0.0,0.0
zero_compute,HIPC,low,count_b8,50,50,0,1.0,0,50,565.4494836351715,570.3945018907929,77.0555796301389,507.45744292150516,618.607411834318,543.5505302346545,587.3484370356886,50,3.782809457870375,3.7139794874610788,0.8451367470749784,3.2018828997748026,4.276281790645344,3.5426242522033133,4.022994663537436,50,18.223958657611803,18.14474733994177,1.9067505473053084,17.03909547029441,19.22846886637175,17.682066148564772,18.765851166658834,50,2376.1,2387.5,249.2282168648499,2235.75,2552.0,2305.270124559253,2446.929875440747,50,0.0,0.0,0.0,0.0,0.0,0.0,0.0
zero_compute,HIPC,low,eager_b1,50,50,0,1.0,0,50,564.8987585478532,565.7420497324515,79.01179407730027,504.1191311901488,620.4568947289158,542.4438551535079,587.3536619421984,50,0.20055219267801752,0.1895589963625645,0.0864149169201406,0.13080767490006504,0.2404172067127607,0.1759933450536524,0.22511104030238263,50,14.924086715458161,14.816153480324838,1.3964586221436515,13.93484748840867,15.992655514176775,14.527217566736413,15.32095586417991,50,2118.32,2083.5,261.67992912358113,1971.75,2248.75,2043.951387094433,2192.6886129055674,50,0.0,0.0,0.0,0.0,0.0,0.0,0.0
zero_compute,HIPC,medium,bounded_b4_w5,50,50,0,1.0,0,50,172.95396491957797,173.96045133707895,20.29235109246049,161.3999479686861,186.24918743911547,167.18694255606164,178.7209872830943,50,2.086831442180368,2.0688108213717635,0.21203669927077995,1.9471593511627279,2.1953358386054522,2.026571279077084,2.147091605283652,50,22.427780663622762,22.52728382230167,2.4320452825122705,20.602422798140367,23.764171905495907,21.736601042817572,23.118960284427953,50,564.32,558.0,132.80051635011495,485.0,639.0,526.5785108946701,602.06148910533,50,0.0,0.0,0.0,0.0,0.0,0.0,0.0
zero_compute,HIPC,medium,count_b2,50,50,0,1.0,0,50,170.8565907327161,168.63420366691435,22.336022280287683,156.12740840241793,185.5104995288506,164.5087634447151,177.20441802071713,50,1.3538747787898038,1.3430512829570471,0.18416620526120409,1.2726799792827213,1.4253731927326367,1.3015353224347481,1.4062142351448594,50,21.475830508394395,21.826730799065057,2.617983967520812,18.961407934270433,22.71482714857411,20.731807698064188,22.219853318724603,50,566.84,562.5,122.83361236457476,481.0,627.0,531.9310736626672,601.7489263373328,50,0.0,0.0,0.0,0.0,0.0,0.0,0.0
zero_compute,HIPC,medium,count_b4,50,49,1,0.98,0,49,172.4503095824999,173.89972793868796,22.23672997891026,157.45797732263028,186.65844651587213,166.06317499301457,178.83744417198523,49,2.2870507465558543,2.324457098440269,0.36689663281474033,1.9640809615463088,2.5382445603708357,2.181665729224652,2.3924357638870566,49,22.467404705803848,22.049945961506523,2.6681907868239274,21.088220034924177,24.476631881837672,21.701010830353983,23.233798581253712,49,556.9387755102041,537.0,133.80200050872205,491.0,633.0,518.5063537286686,595.3711972917396,49,0.0,0.0,0.0,0.0,0.0,0.0,0.0
zero_compute,HIPC,medium,count_b8,50,50,0,1.0,0,50,173.44713667074186,174.89631494133712,20.628478505813156,158.1328786980526,187.06988634508423,167.5845879534303,179.30968538805342,50,2.6656214237819595,2.658472366001121,0.47303507201783673,2.2978076118146213,2.943256397714043,2.531186343951905,2.800056503612014,50,22.856271038577088,22.541846266969365,2.746967637815588,20.989948074366602,23.787847140088097,22.075591474786965,23.63695060236721,50,564.1,561.5,122.3968537010587,501.0,646.5,529.315199101286,598.884800898714,50,0.0,0.0,0.0,0.0,0.0,0.0,0.0
zero_compute,HIPC,medium,eager_b1,50,50,0,1.0,0,50,173.40814368026608,173.43844978304622,20.3716559271319,163.20474829244455,184.06897007147526,167.61858313214015,179.197704228392,50,0.5331828653312268,0.5319662555149007,0.11882985035927057,0.4470491838742539,0.6076452519013924,0.4994117955644599,0.5669539350979937,50,21.039159274634148,20.98683730902972,2.5299419421742186,19.36873761768384,22.71646138228643,20.320157731026047,21.75816081824225,50,630.76,627.0,107.46590536689546,546.0,693.5,600.2185276618497,661.3014723381502,50,0.0,0.0,0.0,0.0,0.0,0.0,0.0
zero_compute,PI,high,bounded_b4_w5,50,50,0,1.0,0,50,110.76517855406033,109.47811433652598,18.771238494556652,99.11882013468725,119.5651485744367,105.43045160715529,116.09990550096536,50,9.36191942626906,9.337186340346284,2.32302005688909,7.63423100455573,10.735972714148794,8.701724431714984,10.022114420823135,50,35.70164068415405,35.26153579730264,4.326065178349707,32.412569149263625,37.53312939497892,34.472186565412656,36.931094802895444,50,307.68,289.0,79.7369245886568,249.5,345.25,285.0190167947739,330.3409832052261,50,0.0,0.0,0.0,0.0,0.0,0.0,0.0
zero_compute,PI,high,count_b2,50,50,0,1.0,0,50,106.25958157368461,105.03220972481566,12.632335503228424,97.78023782271568,114.18044187875076,102.6695115508164,109.84965159655283,50,8.943506120012271,8.773331447926275,2.6977013093331554,6.975847798623999,10.364804103670537,8.176827891840281,9.710184348184262,50,34.97035020918538,34.78787253570765,4.262895458240178,32.0702859112811,37.56638404952445,33.75884872623808,36.18185169213269,50,323.8,309.5,54.5134321586367,285.25,355.75,308.3074540185886,339.2925459814114,50,0.0,0.0,0.0,0.0,0.0,0.0,0.0
zero_compute,PI,high,count_b4,50,50,0,1.0,0,50,110.99854339539479,109.47811433652598,18.655301599962538,99.64289020716252,119.11384918524706,105.69676534932606,116.30032144146352,50,9.358123128502854,9.337186340346284,2.3126518027533494,7.63423100455573,10.735972714148794,8.700874759167265,10.015371497838442,50,35.7390671674524,35.26153579730264,4.273463724843243,32.96249939546139,37.44606447924244,34.5245622163724,36.95357211853239,50,306.18,289.0,76.20827797984325,251.25,342.25,284.52184706383696,327.83815293616306,50,0.0,0.0,0.0,0.0,0.0,0.0,0.0
zero_compute,PI,high,count_b8,50,50,0,1.0,0,50,111.26974849672682,110.66094125058052,14.222669890845825,98.78312808549093,125.07430225133628,107.22771044230477,115.31178655114887,50,10.309798366727833,10.156675064627592,2.197783485919644,8.566895737845968,11.320795262919763,9.685195211789583,10.934401521666082,50,36.06545655083747,35.127261951982824,4.0948632017088835,32.920613593990495,40.04778327989845,34.90170930675547,37.229203794919464,50,290.22,283.0,64.25214679173715,233.0,338.75,271.95974194692724,308.4802580530728,50,0.0,0.0,0.0,0.0,0.0,0.0,0.0
zero_compute,PI,high,eager_b1,50,50,0,1.0,0,50,109.17592635834276,104.83097654825967,13.633441540130383,98.84952997763507,121.33574312378069,105.30134514814299,113.05050756854254,50,8.593743796932069,8.497686446899802,2.4565293115163933,6.932537270926453,10.079895996533807,7.895605892083181,9.291881701780957,50,35.12708521592929,34.45077646099766,3.3226413058563478,32.814443315600755,37.94433917160106,34.18280100610522,36.07136942575336,50,418.56,414.5,74.14193778675812,346.25,463.75,397.4890944483247,439.6309055516753,50,0.0,0.0,0.0,0.0,0.0,0.0,0.0
zero_compute,PI,low,bounded_b4_w5,50,50,0,1.0,0,50,568.5906413453293,577.0458476515079,76.93077809386679,505.8536926270069,622.6962360559853,546.7271561489353,590.4541265417234,50,2.023001758581232,2.0122823931560037,0.255694715198246,1.8680406769638038,2.1528960306035225,1.9503341246504795,2.0956693925119843,50,19.53847682298587,19.479138243938483,2.2447078809406475,18.056266405091584,20.859798102083474,18.90053790255413,20.17641574341761,50,2069.52,2074.0,240.71316150648883,1926.5,2217.75,2001.110076513292,2137.929923486708,50,0.0,0.0,0.0,0.0,0.0,0.0,0.0
zero_compute,PI,low,count_b2,50,50,0,1.0,0,50,564.5715342468542,570.596355676776,77.80817868451092,503.33813414003396,618.2045682383794,542.4586945619166,586.6843739317918,50,2.146453414345187,2.0989639452317106,0.4129924024037688,1.9263746102211685,2.440362576723561,2.0290822723926025,2.263824556297772,50,19.11197206931317,18.866393198626717,2.320368192846707,17.528915190643104,20.99867040679766,18.45253072618015,19.771413412446186,50,2128.52,2091.0,288.9838806323047,1935.0,2308.5,2046.3916899432397,2210.6483100567602,50,0.0,0.0,0.0,0.0,0.0,0.0,0.0
zero_compute,PI,low,count_b4,50,50,0,1.0,0,50,567.113074672534,576.6801535318664,78.18546481539573,518.9640794497141,625.0062755664319,544.8930114557176,589.3331378893505,50,3.970395434182349,4.016876012520537,0.860236104610181,3.286422817481089,4.433075280926973,3.725919038589415,4.214871829775284,50,20.37237626391703,20.286372111868545,2.4720558650033384,18.90205204794274,22.07151055079362,19.669825761396265,21.074926766437795,50,2242.56,2194.0,296.99770905458763,2052.5,2459.75,2158.1541851081365,2326.9658148918634,50,0.0,0.0,0.0,0.0,0.0,0.0,0.0
zero_compute,PI,low,count_b8,50,50,0,1.0,0,50,568.5439064679913,581.04432303128,77.30455882927576,523.3884565464073,626.8664390367103,546.5741939620887,590.5136189738939,50,4.261645883183285,4.031508780499868,0.9518641416753898,3.630639905302162,4.91054859154024,3.9911290876153824,4.532162678751188,50,20.94992829038896,20.98523346158987,2.4543818106311543,19.188320582323595,22.414320292789945,20.25240069853803,21.647455882239893,50,2251.7,2196.0,301.1392145347601,2052.25,2402.5,2166.1171822751994,2337.2828177248,50,0.0,0.0,0.0,0.0,0.0,0.0,0.0
zero_compute,PI,low,eager_b1,50,50,0,1.0,0,50,569.0292364077691,581.2320346436546,76.34075090926399,508.6719897859864,619.4107781651622,547.3334350816758,590.7250377338623,50,0.09245586440545175,0.07550888416347906,0.053465964573702555,0.05347631119251922,0.11396169764277382,0.07726100541752128,0.10765072339338223,50,18.379919211924406,18.10723112276161,2.1810635129924067,16.811994900674975,19.675790053384834,17.760067820709807,18.999770603139005,50,1955.78,1950.5,271.38625910803415,1792.0,2133.5,1878.6528786380711,2032.9071213619288,50,0.0,0.0,0.0,0.0,0.0,0.0,0.0
zero_compute,PI,medium,bounded_b4_w5,50,50,0,1.0,0,50,177.57468756040404,179.68236596984536,21.93354926505694,165.5232491303357,190.84549987014177,171.34124183760323,183.80813328320485,50,2.0967021423928207,2.093452826325682,0.2734329529484219,1.9382409819763755,2.2699882322274143,2.018993357078055,2.1744109277075863,50,27.406588998255497,27.27468361267679,3.10535768476132,25.461519060245365,29.09141721804081,26.524056110216236,28.289121886294758,50,443.24,436.0,107.83974504905368,382.5,502.0,412.5922835998604,473.8877164001396,50,0.0,0.0,0.0,0.0,0.0,0.0,0.0
zero_compute,PI,medium,count_b2,50,50,0,1.0,0,50,176.833935057167,176.75121939919006,19.096001808341832,162.61903806152648,191.29777283943088,171.4069113978251,182.2609587165089,50,1.3943750401859396,1.3445222963626602,0.26403022567489404,1.261654937773607,1.4703123685749997,1.3193384803918842,1.469411599979995,50,26.754804866395098,26.1644007013374,3.535024535771762,23.559211943414333,29.718667006657647,25.750162010548337,27.75944772224186,50,471.68,471.5,95.5707751419046,401.0,533.25,444.51908626306323,498.8409137369368,50,0.0,0.0,0.0,0.0,0.0,0.0,0.0
zero_compute,PI,medium,count_b4,50,50,0,1.0,0,50,174.26839039062176,173.56021393767247,19.52493026934751,164.92927208386402,188.17323340571227,168.71946661158958,179.81731416965394,50,2.3742732057251046,2.3109129380363598,0.4335075645798696,2.036760778591741,2.5638854721528865,2.2510717191997465,2.4974746922504627,50,26.761148005712084,26.57105910471376,3.2419015527358988,24.30784908244531,28.633288178213316,25.839809779808203,27.682486231615965,50,444.52,438.0,109.83721535777853,380.0,501.0,413.3046088199205,475.7353911800795,50,0.0,0.0,0.0,0.0,0.0,0.0,0.0
zero_compute,PI,medium,count_b8,50,50,0,1.0,0,50,176.89137289997015,175.03785537189742,20.602592872437942,161.21368250290908,189.31212437842038,171.03618079825668,182.74656500168362,50,2.842178418174258,2.7311307828726212,0.5644033724171086,2.355509031602947,3.2805045587113097,2.681776754712854,3.002580081635662,50,26.99133689186959,26.77924393432825,3.341485676102619,24.43161479072348,29.629001161291768,26.04169717128477,27.94097661245441,50,448.58,439.5,111.28765631901676,365.5,507.0,416.95239806019595,480.207601939804,50,0.0,0.0,0.0,0.0,0.0,0.0,0.0
zero_compute,PI,medium,eager_b1,50,50,0,1.0,0,50,177.14611422420134,177.01178755695787,22.8397308962907,158.04927602423822,188.59080825464002,170.65513453163422,183.63709391676846,50,0.5753277632035367,0.4998189770053051,0.25092659188536093,0.40674498119250313,0.6765840699319539,0.5040152149231419,0.6466403114839315,50,25.978686832157464,25.56152206046237,3.582592454451353,23.489196671830435,28.21200167158249,24.960525323417247,26.99684834089768,50,540.52,518.0,116.62922936750094,449.25,602.0,507.3743397984103,573.6656602015896,50,0.0,0.0,0.0,0.0,0.0,0.0,0.0
