dataset,algorithm,arrival_load,policy_id,task_n,released_task_n,assigned_task_n,completed_task_n,task_assignment_latency_s_n,task_assignment_latency_s_mean,task_assignment_latency_s_median,task_assignment_latency_s_std,task_assignment_latency_s_q1,task_assignment_latency_s_q3,task_assignment_latency_s_ci95_low,task_assignment_latency_s_ci95_high,task_completion_latency_s_n,task_completion_latency_s_mean,task_completion_latency_s_median,task_completion_latency_s_std,task_completion_latency_s_q1,task_completion_latency_s_q3,task_completion_latency_s_ci95_low,task_completion_latency_s_ci95_high
causal,ACBBA,high,bounded_b4_w5,2500,2500,2500,2500,2500,10.409715026263347,2.0465812704622115,15.549346255621536,0.617771827364096,15.629103116287812,9.799896496554473,11.019533555972222,2500,33.67891852396212,28.85809410679441,24.399277657738896,12.733710105069775,51.216210174577355,32.72202095524139,34.635816092682845
causal,ACBBA,high,count_b2,2500,2500,2500,2500,2500,9.937118375820598,1.586983491166549,15.060026207842428,0.396499778077124,14.833766519539166,9.346490134062629,10.527746617578567,2500,32.31983441029264,27.79132783258654,23.265429712156156,12.25449552859521,48.166507768056846,31.407404401540152,33.23226441904513
causal,ACBBA,high,count_b4,2500,2500,2500,2500,2500,10.54013636479499,2.1552246124243406,15.677767505206422,0.6306552691656155,15.878370817702926,9.925281375268588,11.15499135432139,2500,33.965277017580235,29.44469129887864,24.43412843870655,12.881748300746544,50.76782636085835,33.00701266136507,34.9235413737954
causal,ACBBA,high,count_b8,2500,2500,2500,2500,2500,10.758708920764036,3.004045641046053,14.93783445374532,0.9241181209905265,16.077813464469063,10.172872828759573,11.3445450127685,2500,33.29734048285715,28.3320657289957,23.642942890431073,13.161850750050213,49.36713929090374,32.37010505865267,34.224575907061634
causal,ACBBA,high,eager_b1,2500,2500,2500,2500,2500,10.227049016530215,1.2343966023162816,16.01038270180899,0.19761799043347006,14.971793571615228,9.59914943292143,10.854948600138998,2500,33.161975579688736,28.7386782968107,23.618708093880826,12.333272265530717,50.19998292845125,32.235690602387756,34.08826055698972
causal,ACBBA,low,bounded_b4_w5,2500,2500,2500,2500,2500,2.030034096497675,1.2575660496226018,2.124121650040724,0.010582081763375993,4.64979749826119,1.9467297105603996,2.1133384824349504,2500,17.805664707455854,15.462996075658722,11.08725218508607,10.103739052066487,22.893060699762813,17.370841807838687,18.24048760707302
causal,ACBBA,low,count_b2,2500,2500,2500,2500,2500,2.1144165941251014,0.11989898286967104,3.5871981280177394,0.0004897499999998445,2.9022502639999637,1.9737328732637598,2.255100314986443,2500,17.439789340396192,15.478536320652612,11.009308993523732,9.181646879416476,23.17246836638346,17.008023238260925,17.87155544253146
causal,ACBBA,low,count_b4,2500,2500,2500,2500,2500,3.672661443694149,1.5797368922172268,4.954787445289575,0.014627644329997492,5.692293845902769,3.4783432295882593,3.866979657800039,2500,18.657916572684286,16.636300199690574,11.005070176230877,10.494120285626607,24.78654868243025,18.226316709649154,19.089516435719418
causal,ACBBA,low,count_b8,2500,2500,2500,2500,2500,3.9457815025808327,1.7691097670853764,5.358832587864308,0.013383512949622253,6.1836961543343705,3.7356173351640853,4.15594566999758,2500,19.089254159053755,17.284850567461874,11.037862595647173,10.747922343019464,25.116973815229297,18.65636823391252,19.52214008419499
causal,ACBBA,low,eager_b1,2500,2500,2500,2500,2500,0.15116634531566123,0.0005004999999940196,0.6051120355078623,0.0003810000000044056,0.032173245550259605,0.12743489540540265,0.1748977952259198,2500,16.325521305051694,13.886982525534563,11.26252893015047,8.078378597809234,22.036999556228505,15.883824353933571,16.767218256169816
causal,ACBBA,medium,bounded_b4_w5,2500,2500,2500,2500,2500,2.343252646720972,1.723420391087911,2.5481483544035934,0.4879090260878609,3.489139242737627,2.2433186650977444,2.4431866283441996,2500,22.60732061621768,19.06955203985579,15.478414223854788,11.160696600289945,30.321890266332005,22.000283918401294,23.214357314034068
causal,ACBBA,medium,count_b2,2500,2500,2500,2500,2500,1.6463342699007484,0.908315745304451,2.5714137152336947,0.15135515896125767,2.041941065808443,1.5454878609702034,1.7471806788312934,2500,22.804426221842157,18.935888693135432,16.124576335805962,10.734658402493384,30.811005220342835,22.17204816094942,23.436804282734894
causal,ACBBA,medium,count_b4,2500,2500,2500,2500,2500,2.5986694379640207,1.6951585419055442,3.054322365521334,0.4675011719250186,3.59697258397601,2.4788841850293015,2.71845469089874,2500,23.323575247924442,19.300721021182014,15.91264295630684,11.81396133061941,31.58694549855694,22.699508848484072,23.94764164736481
causal,ACBBA,medium,count_b8,2500,2500,2500,2500,2500,3.136775271188777,1.9930201285470508,3.692203642595318,0.6009169197299769,4.285600359859927,2.9919734152329855,3.281577127144568,2500,23.85209968689043,19.804880759795758,16.237990110231642,12.147863454028716,32.14109980785514,23.215273733460474,24.488925640320385
causal,ACBBA,medium,eager_b1,2500,2500,2500,2500,2500,0.8780063076207811,0.2888915406921484,2.3934117816443505,0.02001969806226711,0.8992883821860929,0.7841408273828201,0.9718717878587422,2500,22.623580441657122,18.309550260902206,17.37341690702711,9.699281206481462,31.530731494615317,21.94222500843868,23.304935874875564
causal,CBAA,high,bounded_b4_w5,2500,2471,2460,2453,2460,24.76271235172887,18.200292328949,23.69841086988848,2.6429974662607822,42.52337082226398,23.825768467539472,25.699656235918265,2453,34.08350958951135,29.19576279982365,24.8601653005552,12.377166050565982,51.47737829434679,33.09923163509675,35.06778754392595
causal,CBAA,high,count_b2,2500,2473,2439,2425,2439,24.651510984683284,18.96741589486286,23.62805190834396,1.9643907757919143,41.535966789583185,23.713331854468098,25.58969011489847,2425,34.13363586942625,29.65865162683837,24.58209571341773,12.71829502490619,51.034734777179494,33.15475907877251,35.11251266007999
causal,CBAA,high,count_b4,2500,2471,2460,2453,2460,24.917136474971567,18.21636416492442,23.699904944428376,2.7122933868100687,43.242028750134935,23.980133520829742,25.854139429113392,2453,34.35371373843264,29.554518361850917,24.95940949378435,12.615939481641721,51.67943521753626,33.365506450873305,35.34192102599197
causal,CBAA,high,count_b8,2500,2500,2500,2500,2500,25.455451146766837,19.030880592798894,23.95123968937605,3.4618123601506907,42.64601003018581,24.516124854074647,26.394777439459027,2500,34.87291637880334,29.670385150707936,25.478404108994134,12.803953689620183,52.51021930564599,33.87369733269983,35.87213542490685
causal,CBAA,high,eager_b1,2500,2438,2366,2341,2366,23.608342574301105,17.179993556135663,23.212002427980746,1.4557975261009886,40.483110681355306,22.67255850552058,24.54412664308163,2341,33.00348751089155,28.7280847547066,24.260954481168586,12.031209644189268,48.98203295384414,32.020201270145186,33.98677375163792
causal,CBAA,low,bounded_b4_w5,2500,2500,2500,2500,2500,3.2654323941919072,1.938567794250452,4.8570974345867945,0.0003097500000137643,5.000295999999993,3.074945413741418,3.4559193746423964,2500,15.901533988496574,14.23347953634702,9.248730581801789,8.975198158087576,20.756827392566095,15.538814733786504,16.264253243206646
causal,CBAA,low,count_b2,2500,2490,2490,2487,2490,3.378726084671028,0.5905806246030032,5.5815133313126175,0.0003009999999790125,4.560565771569191,3.1593892232994905,3.5980629460425653,2487,16.1381178006011,14.268294683560953,9.607329598514221,8.954023391209681,21.46881914571233,15.760350481259046,16.515885119943157
causal,CBAA,low,count_b4,2500,2500,2500,2500,2500,4.774405767147949,2.440721616487565,6.162882955515004,0.01869599999999849,7.231704910436129,4.5327081317029005,5.016103402592998,2500,17.027332787571204,15.642367268312022,9.595754579782382,9.445446243420008,22.65964000272842,16.651003850451126,17.403661724691283
causal,CBAA,low,count_b8,2500,2480,2480,2477,2480,4.998318659417333,2.6475554800223122,6.279289652535555,0.011822174280271977,7.6598266488378925,4.751063785954209,5.245573532880458,2477,17.361490082755232,15.784914472230732,9.808122870218803,9.782212763372684,22.852230136810768,16.975048959659905,17.74793120585056
causal,CBAA,low,eager_b1,2500,2399,2399,2387,2399,1.583169490483779,0.0003280000000245309,4.8932014886734825,0.00028100000000108594,0.3006604999999922,1.3872645785865676,1.7790744023809903,2387,14.408285325833784,12.201233165443966,9.706002161954892,7.2958900109101705,19.350732842246366,14.01871790763118,14.797852744036389
causal,CBAA,medium,bounded_b4_w5,2500,2416,2400,2385,2400,9.405166187828131,4.518390910667939,12.192204725572156,1.6857180442023534,12.122552463727807,8.91713914933932,9.893193226316942,2385,22.68979329947926,18.571722365893443,15.916986255709125,10.667872418761846,30.784488602284753,22.050669062251643,23.328917536706875
causal,CBAA,medium,count_b2,2500,2460,2457,2443,2457,8.803601649282108,3.238013914121055,12.489685623594458,1.1190237692476757,11.512730357722862,8.30950592070726,9.297697377856956,2443,22.481510139727437,17.920740543356345,16.60023137707058,10.1932378919037,30.874090057331788,21.82291911743715,23.140101162017725
causal,CBAA,medium,count_b4,2500,2427,2412,2399,2412,9.25342515636968,4.597257057052616,11.709452497894219,1.6839677179045083,12.140054072992996,8.78589018136542,9.720960131373939,2399,22.507068658987116,18.683527080027687,15.644447546563136,11.06007326948729,30.33444738610756,21.880725328269122,23.13341198970511
causal,CBAA,medium,count_b8,2500,2388,2367,2351,2367,9.887054917597446,5.172910164058905,12.053193202683268,1.8329807052936289,13.13016249514703,9.401237249399442,10.37287258579545,2351,22.772696160872467,18.92285221184048,15.558779416750374,11.293106006695293,30.354105155102623,22.143449327561616,23.40194299418332
causal,CBAA,medium,eager_b1,2500,2377,2360,2335,2360,7.524527109408421,1.7181311472035148,11.926865596274133,0.43504044626246496,9.695158684369892,7.043088074900606,8.005966143916236,2335,21.496398380885747,16.96661344830663,16.163184859732436,9.474000025198322,29.762410729903763,20.84046933730795,22.152327424463543
causal,HIPC,high,bounded_b4_w5,2500,2500,2500,2500,2500,8.20498527476634,1.812263332903206,13.078471729548534,0.6289462239522325,8.996508605382878,7.692070180469755,8.717900369062926,2500,32.70488838328618,27.298603635936036,23.711807136647952,12.500278370868369,48.45289707657331,31.77495222217051,33.63482454440186
causal,HIPC,high,count_b2,2500,2500,2500,2500,2500,7.460469603712603,1.366447327127716,12.767658750687136,0.378353925536552,6.838225762167519,6.959744058138375,7.961195149286832,2500,32.578985888284045,27.36244947293971,23.96060333895717,12.128553584512122,47.894402256106176,31.639292369412285,33.51867940715581
causal,HIPC,high,count_b4,2500,2500,2500,2500,2500,9.678583923788107,1.916056277311709,16.82595640321036,0.6739166904118417,10.263264242094003,9.018698946884863,10.338468900691351,2500,36.66956622697789,29.403272900781733,29.09778250038312,13.497574285242155,52.576578250390156,35.528401405610744,37.81073104834504
causal,HIPC,high,count_b8,2500,2500,2500,2500,2500,9.117802931262647,2.6156328144616383,13.477069575978966,0.8817650988297556,12.04925102021226,8.58925551721066,9.646350345314634,2500,32.96900602380545,27.591028918679022,23.726437893667953,12.559761528856292,49.57303056169693,32.03849606964486,33.89951597796604
causal,HIPC,high,eager_b1,2500,2500,2500,2500,2500,11.217272148402355,1.1024640652063278,29.556591074546464,0.20640891034093523,7.790208584912444,10.058113646431885,12.376430650372825,2500,43.80832199632901,30.046308661179317,47.428048053469446,13.402838011748546,54.82888327515066,41.94827578888976,45.66836820376827
causal,HIPC,low,bounded_b4_w5,2500,2500,2500,2500,2500,2.036944793170084,1.1210625919063588,2.2018888092678206,0.0006157500000369964,4.638990661701021,1.9505905134353534,2.1232990729048145,2500,16.628859330837997,14.0096875180501,10.758533941405371,9.148475969646015,20.861794242671557,16.20692819353382,17.050790468142175
causal,HIPC,low,count_b2,2500,2500,2500,2500,2500,2.0799367510593223,0.11305192806887612,3.4528667813120655,0.0005252499999954807,2.9025117787343646,1.9445212738266962,2.2153522282919487,2500,16.466451613315723,14.081223581340133,10.566998808298028,9.058309476397753,20.80729004614343,16.052032153437654,16.88087107319379
causal,HIPC,low,count_b4,2500,2500,2500,2500,2500,3.5110859640511487,1.3206489172868316,4.631036780342684,0.012735113475877984,5.773011735360043,3.3294646923918783,3.692707235710419,2500,18.06629092089053,15.715689765620937,11.184050213770773,10.40065363364117,22.887319053157952,17.627671769613595,18.504910072167466
causal,HIPC,low,count_b8,2500,2500,2500,2500,2500,3.8041527532372035,1.5545012397033702,5.010413973142363,0.007736872207978765,6.224321393741931,3.607652962692643,4.000652543781764,2500,18.34900122742969,15.879914740908994,11.224709502858435,10.584245929269759,23.252642730978252,17.90878748899244,18.789214965866936
causal,HIPC,low,eager_b1,2500,2500,2500,2500,2500,0.19760523485158388,0.0005650000000230193,0.5208430224103944,0.0004650000000054888,0.05313339530698476,0.17717867022861108,0.21803179947455667,2500,15.027844544434341,12.33796633925359,11.01744731673718,7.369724890966644,19.08840363440204,14.595759271305338,15.459929817563344
causal,HIPC,medium,bounded_b4_w5,2500,2500,2500,2500,2500,2.0540511276635116,1.6587954181643951,1.8296526294914066,0.4629829187997343,3.2042525417428838,1.982295308605135,2.1258069467218883,2500,22.497649352768825,18.2091475574666,16.442475008661287,10.666281125837465,29.78609404103621,21.85280385446167,23.14249485107598
causal,HIPC,medium,count_b2,2500,2500,2500,2500,2500,1.3145693506210918,0.8620640625769003,1.5508796132304037,0.10290729001950422,1.8793185394407388,1.2537465282369213,1.3753921730052623,2500,21.18305352266535,17.006562918135728,15.411348290104385,9.665882575742508,28.54788511331079,20.578647035048217,21.787460010282484
causal,HIPC,medium,count_b4,2500,2500,2500,2500,2500,2.2617795094706494,1.6718132252558142,2.282340898419499,0.39116382650327264,3.4102452390531255,2.172270037619675,2.351288981321624,2500,22.468890043737893,18.36109952536104,15.708549667139026,10.801212973591072,30.04211662076968,21.852827830935194,23.084952256540593
causal,HIPC,medium,count_b8,2500,2500,2500,2500,2500,2.689597376175998,1.8988194605119233,2.82255372615945,0.5799656773305895,3.9371438837322756,2.578901689359674,2.800293062992322,2500,23.073685819828057,18.579386600208057,16.772516656637183,11.15679452694131,30.779518112224196,22.415896657574994,23.73147498208112
causal,HIPC,medium,eager_b1,2500,2500,2500,2500,2500,0.5825340661523181,0.29211809774814057,0.8490604503456234,0.004928987141447566,0.9714099464302972,0.5492353803457342,0.615832751958902,2500,21.351379457216773,16.588662447025172,16.48369151063748,9.23153135949235,29.114113841044457,20.70491751882129,21.997841395612255
causal,PI,high,bounded_b4_w5,2500,2500,2500,2500,2500,9.228047767892976,1.9499204111994803,14.251814237153559,0.5655152392050928,11.512744902059366,8.669116205053609,9.786979330732343,2500,35.28698015980633,29.549726903328683,25.467876777071737,13.943564825414214,51.60432562521824,34.28817397749588,36.285786342116786
causal,PI,high,count_b2,2500,2500,2500,2500,2500,9.220870983908178,1.4096297254556065,15.334461794643845,0.3419702200354475,10.474137941022132,8.619479851975163,9.822262115841193,2500,35.832270169215676,30.412481251872705,25.565578816180953,14.178876568320291,53.76310206513401,34.829632281516474,36.83490805691488
causal,PI,high,count_b4,2500,2500,2500,2500,2500,10.092509435134936,1.9928610548391301,15.569082489980387,0.6250495549863768,12.806093369010265,9.48191688436943,10.703101985900442,2500,37.084083858285815,31.183323539277566,26.545580107481648,14.76790764007191,55.1809836170475,36.04301201093653,38.1251557056351
causal,PI,high,count_b8,2500,2500,2500,2500,2500,10.32603629017411,3.0196318069778405,15.098451898294064,0.8513382424914866,13.847905300254075,9.733901059140257,10.918171521207965,2500,35.879996931105595,29.90787533088684,25.747221589918407,14.580176742709515,52.375939470142924,34.87023532724548,36.88975853496571
causal,PI,high,eager_b1,2500,2500,2500,2500,2500,9.305293784074452,1.1374047950000965,15.90185517917465,0.2298640448333581,10.601191246871531,8.68165046263887,9.928937105510034,2500,36.5178749539366,31.331414828775742,26.31231080165133,14.19147159152225,54.95351119695769,35.48595152625519,37.549798381618004
causal,PI,low,bounded_b4_w5,2500,2500,2500,2500,2500,2.0074724581180066,1.0428131894891912,2.1208984920085103,0.011111673112555929,4.642314809851101,1.9242944788771872,2.0906504373588257,2500,19.31698600927575,15.773572608919757,13.671432812453515,10.059428735080019,24.7415991106708,18.780816004463492,19.85315601408801
causal,PI,low,count_b2,2500,2500,2500,2500,2500,2.1686585395342206,0.13976072927400668,3.7303224362634215,0.0015620000000069467,3.0147088472139902,2.022361730264842,2.314955348803599,2500,19.45009170469685,15.908855594797195,13.954477749164479,9.76392920456493,24.72565773896688,18.902821165861546,19.99736224353215
causal,PI,low,count_b4,2500,2500,2500,2500,2500,3.871102594350517,1.478800363386739,5.1912102456066975,0.024042885057143852,6.363398507234365,3.667512285964334,4.074692902736699,2500,20.66572888235454,17.477044704471638,13.945031703198667,10.890591041339746,26.263186849297398,20.11882880114284,21.21262896356624
causal,PI,low,count_b8,2500,2500,2500,2500,2500,4.138026448513414,1.7086158522173571,5.774622357147489,0.020117422364292897,6.493704331310802,3.911555723791687,4.364497173235141,2500,20.64929943160047,17.187922482655722,13.953840333710366,10.775722388515781,26.378384423929766,20.102053891099413,21.196544972101524
causal,PI,low,eager_b1,2500,2500,2500,2500,2500,0.10422474387763543,0.0015980000000013206,0.3394972633211586,0.0012250000000051386,0.037407862152451746,0.09091024701357288,0.11753924074169798,2500,18.25071908418743,14.231448669481807,14.402682276471605,8.387680785652282,23.60448087294233,17.685870737169196,18.815567431205665
causal,PI,medium,bounded_b4_w5,2500,2500,2500,2500,2500,2.1296524015768274,1.6017481942172527,2.035422532010297,0.47354309577497133,3.3802733400606186,2.049826641998151,2.209478161155504,2500,26.979627456628766,22.03354747529208,19.55811670277782,12.164006758938617,36.787577962633236,26.212591867126047,27.746663046131484
causal,PI,medium,count_b2,2500,2500,2500,2500,2500,1.3500931990359168,0.875924819760332,1.5979212574113575,0.14468288756615166,1.842946892116803,1.2874254845374464,1.4127609135343873,2500,25.88155850314534,21.314003757588925,19.484325825021422,11.594733041168698,34.80118724607757,25.117416864541877,26.6457001417488
causal,PI,medium,count_b4,2500,2500,2500,2500,2500,2.4299529992206566,1.614368645544431,2.643843228586163,0.4650116035156202,3.469123755610352,2.3262660297537376,2.5336399686875755,2500,27.54429354236147,22.578704764105545,20.23333943033008,12.891114643046386,37.70589856552351,26.750776882582688,28.33781020214025
causal,PI,medium,count_b8,2500,2500,2500,2500,2500,2.888627035572526,1.9323627549760047,3.2055493544200613,0.5710538010969004,4.2102126435456,2.7629109210757536,3.014343150069298,2500,27.478238617437846,22.726821356850422,20.005422985007396,12.901755917841085,37.50388397772053,26.693660447374214,28.262816787501478
causal,PI,medium,eager_b1,2500,2500,2500,2500,2500,0.6200912931692626,0.33601545627860574,1.067652227811188,0.03385996923028429,0.9116831568070456,0.5782198150311485,0.6619627713073767,2500,26.71607961018464,21.2425211764663,21.1014351709129,10.895082459558955,36.45840935601498,25.888517733361613,27.543641487007665
zero_compute,ACBBA,high,bounded_b4_w5,2500,2500,2500,2500,2500,10.69360653279297,2.060456850692227,15.700240095838224,0.6266657921764907,17.027043077571882,10.077870207038503,11.309342858547437,2500,33.45198058421007,29.147170638293325,23.94291887145335,13.089867441895038,50.41426035120187,32.512980619639215,34.390980548780924
zero_compute,ACBBA,high,count_b2,2500,2500,2500,2500,2500,10.593332102249239,1.6345101805736153,15.772251636171333,0.41375329736578426,16.343066722813994,9.974771608139003,11.211892596359474,2500,33.18247722195055,28.591838382717597,23.758827067621624,12.802856177918983,49.94340706967229,32.2506970202751,34.114257423626
zero_compute,ACBBA,high,count_b4,2500,2500,2500,2500,2500,10.690374000656051,2.0973128106483454,15.640874032755116,0.6217892876204285,16.97935664990982,10.07696590945941,11.303782091852693,2500,33.43093404227446,29.08138132696194,23.911781828896043,12.941977163837333,50.43718759985179,32.49315521878565,34.368712865763264
zero_compute,ACBBA,high,count_b8,2500,2500,2500,2500,2500,10.947863264058425,2.993447407463677,15.278689340813376,0.946537145632548,15.850273762563107,10.348659431529128,11.547067096587721,2500,33.115460364132,27.961783595642085,23.5986851088882,12.885713058942688,48.571425093727115,32.18996065375271,34.04096007451128
zero_compute,ACBBA,high,eager_b1,2500,2500,2500,2500,2500,10.02627965166999,1.3001571320194572,15.413884806801665,0.209029446,15.253865071726914,9.421773686244755,10.630785617095224,2500,32.948811387400006,28.240164848184797,24.110042575489718,12.185398443697535,49.29311236116831,32.00325711952922,33.89436565527079
zero_compute,ACBBA,low,bounded_b4_w5,2500,2500,2500,2500,2500,2.0671754058750382,1.321770192910023,2.1473863315309405,0.0036123093308924234,4.697027922770374,1.9829586192729838,2.1513921924770925,2500,17.63487296127789,15.301310549337432,10.985415137619547,9.650794937555872,22.886990487381976,17.204043934942273,18.065701987613505
zero_compute,ACBBA,low,count_b2,2500,2500,2500,2500,2500,2.1310012445149638,0.13050043274374248,3.5264165700171763,0.0,3.0524954060911256,1.992701271479671,2.2693012175502565,2500,17.51230101826621,15.430377713557903,10.974854795182758,9.12264741349815,23.27405441610918,17.08188615033907,17.94271588619335
zero_compute,ACBBA,low,count_b4,2500,2500,2500,2500,2500,3.8118464176838702,1.6862587206977486,4.999832689789671,0.005687425799413487,6.257596097898798,3.6157616068143708,4.007931228553369,2500,18.83697728024382,16.84056605257039,10.942572836548294,10.741107191219637,24.745777643228855,18.40782845503172,19.266126105455918
zero_compute,ACBBA,low,count_b8,2500,2500,2500,2500,2500,4.090897783822551,1.871054350728656,5.308604044110159,0.012509644057017632,6.692571268903375,3.882703493222361,4.299092074422741,2500,19.237501510929402,17.282732979145308,11.207218859409698,10.919025860694521,25.15052714234948,18.797973725348065,19.67702929651074
zero_compute,ACBBA,low,eager_b1,2500,2500,2500,2500,2500,0.15516857076511484,0.0,0.5946158071471399,0.0,0.030171430927163817,0.131848764819895,0.17848837671033468,2500,16.143398823084052,13.714335397584115,11.143302331223776,7.820628421469181,21.640908689369226,15.706377733450033,16.58041991271807
zero_compute,ACBBA,medium,bounded_b4_w5,2500,2500,2500,2500,2500,2.390849117569053,1.7014994268366124,2.74731783932097,0.49496380925239425,3.522671578094478,2.2831040524148194,2.4985941827232865,2500,23.049515155533484,19.07341404303824,15.956936056079467,11.39541003948375,31.04077584472236,22.423711657147887,23.67531865391908
zero_compute,ACBBA,medium,count_b2,2500,2500,2500,2500,2500,1.5736589895904085,0.8987656182175847,2.4970424461224807,0.14001206240362407,2.0072568792797725,1.4757292935065909,1.6715886856742261,2500,22.20520395978007,18.116720564447313,16.086704425221278,10.070318156979589,30.331704884997052,21.574311169872384,22.83609674968776
zero_compute,ACBBA,medium,count_b4,2500,2500,2500,2500,2500,2.5194990416512764,1.6822942175271276,2.8988080653994728,0.4301324803748708,3.602048222458281,2.4058127912270155,2.633185292075537,2500,22.855827274223063,18.93559081825861,15.88648338417052,11.10524507088562,30.984696019657168,22.232786808063473,23.478867740382654
zero_compute,ACBBA,medium,count_b8,2500,2500,2500,2500,2500,3.068444792478295,1.9800978475569735,3.4300430570523583,0.6140296839528041,4.329866185683436,2.93392442232874,3.2029651626278497,2500,24.155718974689346,19.87859006960201,16.947216953736813,11.822264752360958,32.549540121606015,23.491078368229843,24.82035958114885
zero_compute,ACBBA,medium,eager_b1,2500,2500,2500,2500,2500,0.9882433338741339,0.3561617316665995,2.7237952095588107,0.03039944527223619,0.9917002595930895,0.8814207856708147,1.095065882077453,2500,23.039668285747826,19.047017849422925,17.439634305541464,9.903515739668624,32.2280297192321,22.35571592041794,23.723620651077713
zero_compute,CBAA,high,bounded_b4_w5,2500,2500,2500,2500,2500,24.81765941575107,18.20692660452476,23.641740412139836,2.6545823692830037,43.053674427406584,23.890471150670294,25.744847680831846,2500,34.189854634829764,29.182554380813464,24.949107817699712,12.550321965013616,51.40233023648341,33.21139367596872,35.16831559369081
zero_compute,CBAA,high,count_b2,2500,2500,2500,2500,2500,25.011266750874885,19.294712829426878,23.826740451639612,1.9848661572593873,43.278163899270275,24.076823103462967,25.945710398286803,2500,34.401913398529835,30.066163003895035,24.804497646493903,12.708919559045386,52.068856601616964,33.42912380105826,35.37470299600141
zero_compute,CBAA,high,count_b4,2500,2500,2500,2500,2500,24.98063418513581,18.303656334026243,23.713391443018153,2.6717924770441286,43.48511747333013,24.05063589025802,25.910632480013597,2500,34.309145225005594,29.327962078678095,24.911338643591147,12.62394170854376,51.616485503370875,33.33216550798228,35.286124942028906
zero_compute,CBAA,high,count_b8,2500,2500,2500,2500,2500,25.16641335011005,18.833127085103328,23.771190495499432,3.4728917636159067,41.86907830874745,24.23414827612636,26.098678424093745,2500,34.615059006624385,28.773664690243166,25.505946894936628,12.799890903977687,52.13185611311276,33.614759779981355,35.615358233267415
zero_compute,CBAA,high,eager_b1,2500,2500,2500,2500,2500,24.388145163956256,18.242839941543394,23.577612955326632,1.5837595329512015,41.588366981274824,23.4634718670796,25.31281846083291,2500,33.5980111802282,29.128771412426797,24.53943683034559,12.339449549927313,50.486558454426174,32.63561681060285,34.56040554985355
zero_compute,CBAA,low,bounded_b4_w5,2500,2500,2500,2500,2500,3.291313413543265,1.919046396857734,4.856150693666688,0.0,5.0,3.1008635626380583,3.481763264448472,2500,15.993151805174037,14.114835697876174,9.399186517401771,8.986157594716559,20.90667190159241,15.624531928281835,16.361771682066237
zero_compute,CBAA,low,count_b2,2500,2500,2500,2500,2500,3.3806805101816315,0.63949679090328,5.561345329856808,0.0,4.651512089627417,3.162574142460191,3.598786877903072,2500,16.116894268998706,14.171912777931269,9.753982495582106,8.928184654542733,21.39167908187929,15.734359906043636,16.499428631953776
zero_compute,CBAA,low,count_b4,2500,2500,2500,2500,2500,4.83982419841148,2.4586820946301042,6.254669377472342,0.0007824193020610038,7.2902732287971626,4.59452685787497,5.08512153894799,2500,17.257585559398425,15.659571718367676,9.766621559704292,9.608911015044114,22.983634199150593,16.87455551415722,17.64061560463963
zero_compute,CBAA,low,count_b8,2500,2500,2500,2500,2500,5.069305081874737,2.629163447519566,6.442281912720071,0.007572173112555928,7.678711646823302,4.816649901431719,5.321960262317756,2500,17.478503756223436,15.80902109936018,9.921270416134208,9.827977751497773,23.148331914597154,17.089408649680045,17.867598862766826
zero_compute,CBAA,low,eager_b1,2500,2500,2500,2500,2500,1.5396487375325218,0.0,4.816515205262737,0.0,0.3020468385191441,1.3507533220913819,1.7285441529736618,2500,14.555128888687296,12.242712719542396,9.744616172816002,7.392532326661536,19.477643058947834,14.172961856749499,14.937295920625093
zero_compute,CBAA,medium,bounded_b4_w5,2500,2500,2500,2500,2500,9.350783762248168,4.40644755387738,12.152927499136272,1.706151240180035,12.020145586250093,8.874166915639423,9.827400608856914,2500,22.69794742689857,18.50230681888117,16.1506712662057,10.882652444419845,30.45788175142384,22.064545967862422,23.331348885934716
zero_compute,CBAA,medium,count_b2,2500,2500,2500,2500,2500,8.673010952350145,3.1796709591801173,12.196585863086874,1.139952729399372,11.440167598400059,8.194681900039875,9.151340004660415,2500,22.487669718355427,17.52099177147217,16.827789202847242,10.136678122765744,30.866100392476266,21.827712862212923,23.14762657449793
zero_compute,CBAA,medium,count_b4,2500,2500,2500,2500,2500,9.266479275831593,4.674629705955617,11.616204290276176,1.7135045365521402,12.168529636903124,8.810911787357075,9.72204676430611,2500,22.636253329550826,18.7148078262832,15.8466355327415,10.882969216619166,31.00290332960911,22.01477562736671,23.25773103173494
zero_compute,CBAA,medium,count_b8,2500,2500,2500,2500,2500,10.15256719257096,5.358476641607822,12.338031709790235,1.8422609085824404,13.60507711594591,9.668690878218154,10.636443506923765,2500,23.192716864768634,19.2583958796539,15.987470318262792,11.507954043478303,31.165602297372388,22.565715865307155,23.819717864230114
zero_compute,CBAA,medium,eager_b1,2500,2500,2500,2500,2500,7.327451707895204,1.606801546467711,12.140630220786464,0.39525254303008417,8.851774289041439,6.851317139324353,7.803586276466055,2500,21.349020941551373,16.389052527534222,16.806897689986673,9.209886617270024,29.468360544371762,20.689883414494904,22.008158468607842
zero_compute,HIPC,high,bounded_b4_w5,2500,2500,2500,2500,2500,7.999010986516907,1.8053880114398297,12.767590892967268,0.6156071125141866,8.357948500673967,7.498288102205363,8.49973387082845,2500,32.575883076219775,27.34743484960899,23.65765729502187,12.4167539269582,49.00703387792903,31.648070578456988,33.50369557398256
zero_compute,HIPC,high,count_b2,2500,2500,2500,2500,2500,7.34447534035048,1.3648527058727415,12.456306525745884,0.41474670925000023,6.653339246694648,6.85596049179939,7.8329901889015705,2500,32.35473540447683,26.906033304455498,23.91560353978172,12.142193425025829,47.75397558651899,31.41680670008146,33.292664108872195
zero_compute,HIPC,high,count_b4,2500,2500,2500,2500,2500,8.028953631085365,1.8053880114398297,12.774993150600919,0.6228950456705697,8.61367396631331,7.527940443002043,8.529966819168687,2500,32.693761643101745,27.43738094424286,23.73648549116655,12.4167539269582,49.13605029109041,31.762857639504414,33.62466564669907
zero_compute,HIPC,high,count_b8,2500,2500,2500,2500,2500,8.939598354842571,2.6164445974054087,13.353495119342096,0.8834915563908112,11.237678328580605,8.415897317751842,9.463299391933301,2500,32.69906490209131,27.187540246477624,23.678173424648367,12.315822327201687,48.952969886426885,31.7704477971252,33.627682007057416
zero_compute,HIPC,high,eager_b1,2500,2500,2500,2500,2500,7.160426230182535,1.0571062782018636,12.629408911148461,0.19355599287516223,6.955118943862775,6.665122604764563,7.655729855600508,2500,32.135851623980095,27.39166783852709,23.751298269002515,12.01786322823104,47.50168912965249,31.204366688795524,33.067336559164666
zero_compute,HIPC,low,bounded_b4_w5,2500,2500,2500,2500,2500,2.0485276625144953,1.111124091370442,2.207828935774937,0.0,4.681065693560004,1.961940421267859,2.1351149037611314,2500,16.729565513075062,14.129105349373475,10.660797189836138,9.29214286349184,21.023984596248194,16.311467442522417,17.147663583627708
zero_compute,HIPC,low,count_b2,2500,2500,2500,2500,2500,2.0825584142345788,0.13020372326513924,3.468158179469062,0.0,2.8805869060791096,1.9465432347515816,2.2185735937175757,2500,16.537847428706712,14.255361382171749,10.54892672126014,9.049382457256954,20.921545477004546,16.124136724898836,16.951558132514588
zero_compute,HIPC,low,count_b4,2500,2500,2500,2500,2500,3.537687711176015,1.402967597212303,4.627855847824118,0.0008103571473611205,5.762609009267749,3.3561911902014154,3.7191842321506146,2500,17.961383619339774,15.830176762010893,10.926852013300213,10.37018933185908,23.003902182035166,17.53285133768914,18.389915900990406
zero_compute,HIPC,low,count_b8,2500,2500,2500,2500,2500,3.782809457870375,1.571913451994151,4.981996536407705,0.005687425799413487,6.025175365954265,3.587424150160188,3.978194765580562,2500,18.223958657611803,15.95440049791219,11.052000906273944,10.498579943956177,23.24072575475072,17.790518252323476,18.65739906290013
zero_compute,HIPC,low,eager_b1,2500,2500,2500,2500,2500,0.20055219267801755,0.0,0.5445053873142912,0.0,0.031233765375750268,0.17919763093298488,0.22190675442305022,2500,14.924086715458161,12.355466169817209,10.838579205165736,7.419842040512549,18.925323221831803,14.499016341027609,15.349157089888713
zero_compute,HIPC,medium,bounded_b4_w5,2500,2500,2500,2500,2500,2.086831442180368,1.671748172883051,1.8454991308497017,0.5093249353614411,3.2998425039648467,2.0144541506818974,2.1592087336788386,2500,22.427780663622766,18.387100256710752,15.763050979268964,10.921298133095537,29.818161725351004,21.809581003400485,23.045980323845047
zero_compute,HIPC,medium,count_b2,2500,2500,2500,2500,2500,1.353874778789804,0.9183942665038245,1.5534522375846127,0.11153034556776582,1.9391913988374234,1.2929510625175313,1.4147984950620767,2500,21.475830508394395,16.9981233518814,15.791135495832327,9.978512495958551,29.161520978347475,20.856529421892404,22.095131594896387
zero_compute,HIPC,medium,count_b4,2500,2500,2500,2499,2500,2.287358113994343,1.6976655807492378,2.3166916330681584,0.40354898064637545,3.4198062838522,2.1965014656027284,2.3782147623859577,2499,22.532194101901858,18.342277484364843,15.826740700492959,10.877694449007533,30.1380638124855,21.91137234353539,23.153015860268326
zero_compute,HIPC,medium,count_b8,2500,2500,2500,2500,2500,2.66562142378196,1.8393981959997063,2.7766370246195913,0.5643068105902707,3.8679874742613336,2.556726510770644,2.774516336793276,2500,22.856271038577088,18.98591706103734,15.899040306126938,11.337990676962793,29.988425110827425,22.232738111605368,23.479803965548808
zero_compute,HIPC,medium,eager_b1,2500,2500,2500,2500,2500,0.5331828653312269,0.2214927143344667,0.7835178766761011,0.0,0.9160648209083513,0.5024546461700837,0.5639110844923702,2500,21.039159274634148,16.728925057741733,16.119137648308655,9.306765192098947,28.54078522303896,20.406994509680583,21.671324039587713
zero_compute,PI,high,bounded_b4_w5,2500,2500,2500,2500,2500,9.361919426269058,1.9144500326592424,14.61262035696308,0.5994539404122543,11.76427474138988,8.788837669982641,9.935001182555474,2500,35.70164068415405,29.69021036236697,25.86747925563726,14.710129645890493,52.23110283746037,34.68716278214935,36.71611858615875
zero_compute,PI,high,count_b2,2500,2500,2500,2500,2500,8.94350612001227,1.382352614987564,14.539115922898322,0.33858445801034054,11.301182653711225,8.373307080797785,9.513705159226754,2500,34.97035020918539,29.577581729291133,25.390818656801798,13.660832784572328,51.77214359855435,33.974566113387944,35.96613430498284
zero_compute,PI,high,count_b4,2500,2500,2500,2500,2500,9.358123128502854,1.9144500326592424,14.662949567081924,0.5808607982656753,11.615421492013514,8.783067547438757,9.93317870956695,2500,35.739067167452404,29.43336290664025,25.963647977273425,14.826318217595137,52.08243027169075,34.72081769412451,36.757316640780296
zero_compute,PI,high,count_b8,2500,2500,2500,2500,2500,10.309798366727831,2.9267660803063125,14.992807868788429,0.8823959418791496,13.93872859717252,9.721806312242146,10.897790421213516,2500,36.06545655083747,30.265870398452645,25.979371829171203,14.76025759451381,52.64837279633403,35.04659041516969,37.084322686505246
zero_compute,PI,high,eager_b1,2500,2500,2500,2500,2500,8.593743796932069,1.0878723888063508,14.547343954701358,0.18904605843861955,10.262312094679427,8.023222068507758,9.16426552535638,2500,35.12708521592929,29.86464941777278,25.3202329341329,13.707455859822767,52.419192444179494,34.13406937037907,36.12010106147951
zero_compute,PI,low,bounded_b4_w5,2500,2500,2500,2500,2500,2.023001758581232,1.1242369355118669,2.126908071567264,0.005687425799413487,4.7089817752500025,1.939588093999663,2.1064154231628005,2500,19.538476822985867,15.940032425948488,13.968694242596026,10.117129528162092,24.754557329748458,18.990648737808776,20.08630490816296
zero_compute,PI,low,count_b2,2500,2500,2500,2500,2500,2.146453414345187,0.12829988868167014,3.686012845909716,0.0,2.973519931219588,2.0018943507531697,2.2910124779372047,2500,19.11197206931317,15.747198119001471,13.710960702309134,9.483162640043826,24.479475105188687,18.574251848866247,19.64969228976009
zero_compute,PI,low,count_b4,2500,2500,2500,2500,2500,3.9703954341823495,1.564645215130514,5.498129315557194,0.01120996938427416,6.329210057412112,3.754768289462346,4.186022578902353,2500,20.37237626391703,17.235985864468773,13.476634441839863,10.731644388440245,26.414458248584474,19.843845915075153,20.900906612758906
zero_compute,PI,low,count_b8,2500,2500,2500,2500,2500,4.261645883183285,1.6275156800400579,5.9692095067017705,0.014525217883085289,6.715130809256287,4.027543786216662,4.4957479801499085,2500,20.949928290388964,17.631559766620114,14.142564783540603,10.823403460349851,27.11214343264667,20.395281302610087,21.50457527816784
zero_compute,PI,low,eager_b1,2500,2500,2500,2500,2500,0.09245586440545175,0.0,0.30239687047160096,0.0,0.020324787678098467,0.08059638093212641,0.1043153478787771,2500,18.379919211924406,14.169077874124966,14.627091464757315,8.600997327615545,24.405417208209826,17.806269923760233,18.95356850008858
zero_compute,PI,medium,bounded_b4_w5,2500,2500,2500,2500,2500,2.0967021423928207,1.620204210175828,2.017789479140334,0.5011620846654488,3.226130295249412,2.017567920721827,2.1758363640638145,2500,27.406588998255494,22.59331164882376,20.079116434072276,12.511237218576623,36.96777786003986,26.61912069827777,28.19405729823322
zero_compute,PI,medium,count_b2,2500,2500,2500,2500,2500,1.3943750401859396,0.9148412696300721,1.808473047433601,0.13087488005440695,1.92007208282658,1.3234498477904473,1.465300232581432,2500,26.754804866395098,21.62545109906528,20.55182607130258,11.480328197119821,36.66449777433752,25.948797710106888,27.560812022683308
zero_compute,PI,medium,count_b4,2500,2500,2500,2500,2500,2.374273205725104,1.6389180724143033,2.6222885572470664,0.41092621323341305,3.3389679325573063,2.271431573275464,2.477114838174744,2500,26.761148005712084,21.858941773376138,19.07256791687173,12.642923975752632,36.53257087128114,26.013154801776935,27.509141209647233
zero_compute,PI,medium,count_b8,2500,2500,2500,2500,2500,2.8421784181742575,1.861194035765525,3.2677396548168574,0.5326870018407455,4.044954668708825,2.7140233074054447,2.9703335289430703,2500,26.99133689186959,22.158823621086427,19.223468533366773,13.196888623307853,35.35137835295537,26.237425626134904,27.745248157604276
zero_compute,PI,medium,eager_b1,2500,2500,2500,2500,2500,0.5753277632035367,0.28011826054703803,1.0363339389423853,0.021960921072264217,0.8410468345337629,0.5346845343150698,0.6159709920920037,2500,25.978686832157468,20.45065577183589,20.458517827902586,10.59379230893192,35.40422470345389,25.176339064171792,26.781034600143144
