campaign_id,job_id,attempt,worker_index,recorded_at,terminal_failure,category,message,call_id,group_id,cleanup_failure,raw_failure_bytes,raw_failure_sha256
corrected_hardware_core_96_v10_continuation,ACBBA__high__trace_0000__count_b4,attempt_0001,2,2026-08-18T06:42:34.987788Z,True,parity,AGX/RP2040 allocator parity failed for trace_0000/call-0000702,trace_0000/call-0000702,trace_0000/group-000693,DeviceCallError: device mission cleanup failed: no protocol response from /dev/serial/by-id/usb-Pololu_Corporation_Pololu_3pi+_2040_Robot_MicroPython_e4621cb30b43372f-if00 before host deadline,2716148,1f0608c2e8ea552990bb21d3b343101446dc610c5d2e11b16e37a55ec9c99006
corrected_hardware_core_96_v10_continuation,ACBBA__high__trace_0000__count_b4,attempt_0002,2,2026-08-19T19:27:47.082197Z,True,result_chunk_sequence,hardware measurement group failed: persistent result chunk sequence mismatch,,,,3706,d897e34d5abc1d27eb362f1d0fb01690b961714954a9c8ff441e69a90cd4dc70
corrected_hardware_core_96_v10_continuation,ACBBA__high__trace_0000__eager_b1,attempt_0001,2,2026-08-19T22:33:06.437280Z,True,memory,"hardware measurement group failed: allocator_memory_failure for causal-5a7626c9802d-00000395-5d21e369d0ca on /dev/serial/by-id/usb-Pololu_Corporation_Pololu_3pi+_2040_Robot_MicroPython_e4621cb30b43372f-if00: MemoryError('memory allocation failed, allocating 88 bytes',)",,,DeviceCallError: device mission cleanup failed: no protocol response from /dev/serial/by-id/usb-Pololu_Corporation_Pololu_3pi+_2040_Robot_MicroPython_e4621cb30b43372f-if00 before host deadline,4466,be883633cf7b17f63d28fb1099069dbdaf7340cf4773b1bbbe0a97a2dbc9c127
corrected_hardware_core_96_v10_continuation,ACBBA__high__trace_0000__eager_b1,attempt_0002,2,2026-08-19T23:36:04.958381Z,True,parity,AGX/RP2040 allocator parity failed for trace_0000/call-0000242,trace_0000/call-0000242,trace_0000/group-000237,DeviceCallError: device mission cleanup failed: no protocol response from /dev/serial/by-id/usb-Pololu_Corporation_Pololu_3pi+_2040_Robot_MicroPython_e4621cb30b43372f-if00 before host deadline,284526,c0fc4e6b4207e071787741588d6e17352bf7f41bb1d8426cb31535e3f48da3b5
corrected_hardware_core_96_v10_continuation,ACBBA__high__trace_0001__count_b4,attempt_0001,3,2026-08-23T15:28:43.439438Z,True,result_chunk_sequence,hardware measurement group failed: persistent result chunk sequence mismatch,,,,3705,d14004089e3839ae8214808f07e7379f9634d7d629bd6a8833700a743769baf1
corrected_hardware_core_96_v10_continuation,ACBBA__high__trace_0001__count_b4,attempt_0002,3,2026-08-24T04:00:30.016506Z,True,result_chunk_sequence,hardware measurement group failed: persistent result chunk sequence mismatch,,,,3705,1ece1302af97fbeb1585189bd9ce1191271fba8b921899174dfbc27028f64733
corrected_hardware_core_96_v10_continuation,ACBBA__high__trace_0001__eager_b1,attempt_0001,3,2026-08-25T10:04:09.257628Z,False,result_chunk_sequence,hardware measurement group failed: persistent result chunk sequence mismatch,,,,3705,0ab8b148f41fb2ac0e7bd2a4eec4d3e53565d2a9a6211f5760563aca35b5b267
corrected_hardware_core_96_v10_continuation,ACBBA__high__trace_0002__count_b4,attempt_0001,0,2026-08-23T08:09:27.688723Z,True,parity,AGX/RP2040 allocator parity failed for trace_0002/call-0000855,trace_0002/call-0000855,trace_0002/group-000829,DeviceCallError: device mission cleanup failed: no protocol response from /dev/serial/by-id/usb-Pololu_Corporation_Pololu_3pi+_2040_Robot_MicroPython_e4621cb30b16392f-if00 before host deadline,1396811,85a465c56649df4c97d27fd0b28f744f9e063b2f469049e80dfd1003940fcd0c
corrected_hardware_core_96_v10_continuation,ACBBA__high__trace_0002__count_b4,attempt_0002,0,2026-08-24T03:18:06.894233Z,True,parity,AGX/RP2040 allocator parity failed for trace_0002/call-0001236,trace_0002/call-0001236,trace_0002/group-001222,DeviceCallError: device mission cleanup failed: no protocol response from /dev/serial/by-id/usb-Pololu_Corporation_Pololu_3pi+_2040_Robot_MicroPython_e4621cb30b16392f-if00 before host deadline,1628475,ee207806aa6d1da94b2582bb2bdc737f36a465f3feba5ea1c79317417fb93b5b
corrected_hardware_core_96_v10_continuation,ACBBA__high__trace_0002__eager_b1,attempt_0001,0,2026-08-22T13:03:28.105712Z,True,memory,"hardware measurement group failed: device memory failure on /dev/serial/by-id/usb-Pololu_Corporation_Pololu_3pi+_2040_Robot_MicroPython_e4621cb30b16392f-if00: DATA|MemoryError|memory allocation failed, allocating 382 bytes",,,DeviceCallError: device mission cleanup failed: no protocol response from /dev/serial/by-id/usb-Pololu_Corporation_Pololu_3pi+_2040_Robot_MicroPython_e4621cb30b16392f-if00 before host deadline,5607,aca2d8133d54c68a0119422b46ddc1374ce4d11357b90e2bc9bf460c1b4f74ac
corrected_hardware_core_96_v10_continuation,ACBBA__high__trace_0002__eager_b1,attempt_0002,0,2026-08-22T21:33:11.037600Z,True,memory,"hardware measurement group failed: allocator_memory_failure for causal-1f71c397f5dd-00000736-42ba4fc2c163 on /dev/serial/by-id/usb-Pololu_Corporation_Pololu_3pi+_2040_Robot_MicroPython_e4621cb30b16392f-if00: MemoryError('memory allocation failed, allocating 256 bytes',)",,,DeviceCallError: device mission cleanup failed: no protocol response from /dev/serial/by-id/usb-Pololu_Corporation_Pololu_3pi+_2040_Robot_MicroPython_e4621cb30b16392f-if00 before host deadline,4469,58c53f8f960f9e01b80e8a7fe967d314d90a4f496f80046674f5675b39db7622
corrected_hardware_core_96_v10_continuation,ACBBA__high__trace_0003__count_b4,attempt_0001,1,2026-08-21T08:11:45.037649Z,True,result_chunk_sequence,hardware measurement group failed: persistent result chunk sequence mismatch,,,,3705,09cae242535adeae20deeb0677d6aa38b9987ec62118c8bdde98a5abebfee15a
corrected_hardware_core_96_v10_continuation,ACBBA__high__trace_0003__count_b4,attempt_0002,1,2026-08-21T11:34:04.724369Z,True,parity,AGX/RP2040 allocator parity failed for trace_0003/call-0000345,trace_0003/call-0000345,trace_0003/group-000339,DeviceCallError: device mission cleanup failed: no protocol response from /dev/serial/by-id/usb-Pololu_Corporation_Pololu_3pi+_2040_Robot_MicroPython_e4621cb30b2b352f-if00 before host deadline,1307160,e79fec9a4b8210aa302752d786636a966cd2dc2046593b77f5b7a99f8118ebbd
corrected_hardware_core_96_v10_continuation,ACBBA__high__trace_0003__eager_b1,attempt_0001,1,2026-08-21T14:46:22.943567Z,True,timeout_or_no_response,hardware measurement group failed: no protocol response from /dev/serial/by-id/usb-Pololu_Corporation_Pololu_3pi+_2040_Robot_MicroPython_e4621cb30b2b352f-if00 before host deadline,,,DeviceCallError: device mission cleanup failed: no protocol response from /dev/serial/by-id/usb-Pololu_Corporation_Pololu_3pi+_2040_Robot_MicroPython_e4621cb30b2b352f-if00 before host deadline,4925,7423fda366fe51ba10e3d49f819030bb79ea7c3b734aea0d813bab82c726c77c
corrected_hardware_core_96_v10_continuation,ACBBA__high__trace_0003__eager_b1,attempt_0002,1,2026-08-21T22:05:39.773055Z,True,parity,AGX/RP2040 allocator parity failed for trace_0003/call-0000464,trace_0003/call-0000464,trace_0003/group-000457,DeviceCallError: device mission cleanup failed: no protocol response from /dev/serial/by-id/usb-Pololu_Corporation_Pololu_3pi+_2040_Robot_MicroPython_e4621cb30b2b352f-if00 before host deadline,4535020,97afe31594f7e7fee27e25ef3100338b8abb6bdba03148b3feaa5962337efb39
corrected_hardware_core_96_v10_continuation,ACBBA__low__trace_0001__count_b4,attempt_0001,1,2026-08-22T10:32:32.902419Z,False,parity,AGX/RP2040 allocator parity failed for trace_0001/call-0002039,trace_0001/call-0002039,trace_0001/group-001618,DeviceCallError: device mission cleanup failed: no protocol response from /dev/serial/by-id/usb-Pololu_Corporation_Pololu_3pi+_2040_Robot_MicroPython_e4621cb30b2b352f-if00 before host deadline,853025,b4d8476acd5fdef0a42667f1cd5b0a27690eeeb6ca1b65fc71c7636ba51ea2c2
corrected_hardware_core_96_v10_continuation,ACBBA__low__trace_0002__eager_b1,attempt_0001,2,2026-08-21T14:15:59.077820Z,True,parity,AGX/RP2040 allocator parity failed for trace_0002/call-0000363,trace_0002/call-0000363,trace_0002/group-000286,DeviceCallError: device mission cleanup failed: no protocol response from /dev/serial/by-id/usb-Pololu_Corporation_Pololu_3pi+_2040_Robot_MicroPython_e4621cb30b43372f-if00 before host deadline,263661,7dd9b1701f4452faca679ca9dbe480f0aea413d164ae1eb4034aeb57704951c1
corrected_hardware_core_96_v10_continuation,ACBBA__low__trace_0002__eager_b1,attempt_0002,2,2026-08-21T19:40:47.997604Z,True,parity,AGX/RP2040 allocator parity failed for trace_0002/call-0001724,trace_0002/call-0001724,trace_0002/group-001290,DeviceCallError: device mission cleanup failed: no protocol response from /dev/serial/by-id/usb-Pololu_Corporation_Pololu_3pi+_2040_Robot_MicroPython_e4621cb30b43372f-if00 before host deadline,730053,8756c5ffb40283eb6a740a0326b3d72cd64d77a14a063ebb8feedefae430ea95
corrected_hardware_core_96_v10_continuation,ACBBA__low__trace_0003__eager_b1,attempt_0001,3,2026-08-21T15:47:48.761964Z,False,parity,AGX/RP2040 allocator parity failed for trace_0003/call-0000757,trace_0003/call-0000757,trace_0003/group-000579,DeviceCallError: device mission cleanup failed: no protocol response from /dev/serial/by-id/usb-Pololu_Corporation_Pololu_3pi+_2040_Robot_MicroPython_e4621cb30b4b372f-if00 before host deadline,373029,c63ebb14c109e11c0b93a2bfd0bc7ed16abec191ae9e17a4d6b56f88a0bb8150
corrected_hardware_core_96_v10_continuation,ACBBA__medium__trace_0000__count_b4,attempt_0001,1,2026-08-18T05:24:28.599068Z,False,parity,AGX/RP2040 allocator parity failed for trace_0000/call-0001134,trace_0000/call-0001134,trace_0000/group-001067,DeviceCallError: device mission cleanup failed: no protocol response from /dev/serial/by-id/usb-Pololu_Corporation_Pololu_3pi+_2040_Robot_MicroPython_e4621cb30b2b352f-if00 before host deadline,1685988,4e2655ddb37d64d73971ab7d40618c1491250b804c9aff9195c7eb2e392682ab
corrected_hardware_core_96_v10_continuation,ACBBA__medium__trace_0001__count_b4,attempt_0001,2,2026-08-20T08:34:14.476662Z,True,parity,AGX/RP2040 allocator parity failed for trace_0001/call-0000156,trace_0001/call-0000156,trace_0001/group-000134,DeviceCallError: device mission cleanup failed: no protocol response from /dev/serial/by-id/usb-Pololu_Corporation_Pololu_3pi+_2040_Robot_MicroPython_e4621cb30b43372f-if00 before host deadline,289458,da0841f7cb0848890c5b56101b20e7b7d9269ede54c6bc0da96a70a92a0f167a
corrected_hardware_core_96_v10_continuation,ACBBA__medium__trace_0001__count_b4,attempt_0002,2,2026-08-20T09:03:24.841454Z,True,parity,AGX/RP2040 allocator parity failed for trace_0001/call-0000156,trace_0001/call-0000156,trace_0001/group-000133,DeviceCallError: device mission cleanup failed: no protocol response from /dev/serial/by-id/usb-Pololu_Corporation_Pololu_3pi+_2040_Robot_MicroPython_e4621cb30b43372f-if00 before host deadline,289458,849f0ba278fa913c9376eedd765af9e7a82c76da29bc71ab2e0623ff77025b8b
corrected_hardware_core_96_v10_continuation,ACBBA__medium__trace_0003__count_b4,attempt_0001,0,2026-08-18T22:31:34.517759Z,True,result_chunk_sequence,hardware measurement group failed: persistent result chunk sequence mismatch,,,,3711,857092222165c4b8d1f9af815a7f94b6fe46e3a237e2dfb0479b2f22f1dcf9ad
corrected_hardware_core_96_v10_continuation,ACBBA__medium__trace_0003__count_b4,attempt_0002,0,2026-08-19T06:27:07.817301Z,True,parity,AGX/RP2040 allocator parity failed for trace_0003/call-0001173,trace_0003/call-0001173,trace_0003/group-001147,DeviceCallError: device mission cleanup failed: no protocol response from /dev/serial/by-id/usb-Pololu_Corporation_Pololu_3pi+_2040_Robot_MicroPython_e4621cb30b16392f-if00 before host deadline,1101845,97f413a21a6ecc45a5afbe5a8280d3551ae2dbda44462e8188134b45b9b27302
corrected_hardware_core_96_v10_continuation,ACBBA__medium__trace_0003__eager_b1,attempt_0001,0,2026-08-20T09:45:42.341507Z,True,parity,AGX/RP2040 allocator parity failed for trace_0003/call-0001361,trace_0003/call-0001361,trace_0003/group-001347,DeviceCallError: device mission cleanup failed: no protocol response from /dev/serial/by-id/usb-Pololu_Corporation_Pololu_3pi+_2040_Robot_MicroPython_e4621cb30b16392f-if00 before host deadline,2820422,81a641e638bd0b49bea5982dd2442fac4b4a6613aaeebfbeccdf9ec725d42484
corrected_hardware_core_96_v10_continuation,ACBBA__medium__trace_0003__eager_b1,attempt_0002,0,2026-08-20T15:53:12.566191Z,True,parity,AGX/RP2040 allocator parity failed for trace_0003/call-0000549,trace_0003/call-0000549,trace_0003/group-000535,DeviceCallError: device mission cleanup failed: no protocol response from /dev/serial/by-id/usb-Pololu_Corporation_Pololu_3pi+_2040_Robot_MicroPython_e4621cb30b16392f-if00 before host deadline,4403134,9df1ad696dc387643feb93b6b51bd5bd30400cd0a6d1d4bd5c10cad8f080d656
corrected_hardware_core_96_v10_continuation,CBAA__high__trace_0001__count_b4,attempt_0001,2,2026-08-21T11:28:33.547549Z,True,parity,AGX/RP2040 allocator parity failed for trace_0001/call-0000060,trace_0001/call-0000060,trace_0001/group-000053,DeviceCallError: device mission cleanup failed: no protocol response from /dev/serial/by-id/usb-Pololu_Corporation_Pololu_3pi+_2040_Robot_MicroPython_e4621cb30b43372f-if00 before host deadline,169299,c4668561820fef36afa34d4f5f4f0515e3708f43ddf14afbe27c88377369174b
corrected_hardware_core_96_v10_continuation,CBAA__high__trace_0001__count_b4,attempt_0002,2,2026-08-21T11:37:05.936267Z,True,parity,AGX/RP2040 allocator parity failed for trace_0001/call-0000060,trace_0001/call-0000060,trace_0001/group-000053,DeviceCallError: device mission cleanup failed: no protocol response from /dev/serial/by-id/usb-Pololu_Corporation_Pololu_3pi+_2040_Robot_MicroPython_e4621cb30b43372f-if00 before host deadline,169299,87116a2c07a388fe14043fe930bd6335821a4682e0ddafe1ba48405499223494
corrected_hardware_core_96_v10_continuation,PI__high__trace_0001__count_b4,attempt_0001,0,2026-08-22T02:56:06.448770Z,True,parity,AGX/RP2040 allocator parity failed for trace_0001/call-0000281,trace_0001/call-0000281,trace_0001/group-000258,DeviceCallError: device mission cleanup failed: no protocol response from /dev/serial/by-id/usb-Pololu_Corporation_Pololu_3pi+_2040_Robot_MicroPython_e4621cb30b16392f-if00 before host deadline,667921,996c18684e77318fb335b313cd6e59d389e10ed2b0b349efb3a53aa99bef0d0f
corrected_hardware_core_96_v10_continuation,PI__high__trace_0001__count_b4,attempt_0002,0,2026-08-22T05:40:38.614654Z,True,parity,AGX/RP2040 allocator parity failed for trace_0001/call-0000581,trace_0001/call-0000581,trace_0001/group-000469,DeviceCallError: device mission cleanup failed: no protocol response from /dev/serial/by-id/usb-Pololu_Corporation_Pololu_3pi+_2040_Robot_MicroPython_e4621cb30b16392f-if00 before host deadline,743499,85ff2a111b09ee84b0ff6d97aaa718d21b5101c823cac54ce9f6c78d75689c77
corrected_hardware_core_96_v10_continuation,PI__high__trace_0003__eager_b1,attempt_0001,2,2026-08-22T09:16:44.168532Z,False,parity,AGX/RP2040 allocator parity failed for trace_0003/call-0000529,trace_0003/call-0000529,trace_0003/group-000490,DeviceCallError: device mission cleanup failed: no protocol response from /dev/serial/by-id/usb-Pololu_Corporation_Pololu_3pi+_2040_Robot_MicroPython_e4621cb30b43372f-if00 before host deadline,1233504,5faa836ac0d80a3aa92552d57663e4443c1aca646bf0826a7233e897a45e0998
corrected_hardware_core_96_v10_continuation,PI__low__trace_0003__eager_b1,attempt_0001,0,2026-08-21T14:33:31.808865Z,True,parity,AGX/RP2040 allocator parity failed for trace_0003/call-0001587,trace_0003/call-0001587,trace_0003/group-001073,DeviceCallError: device mission cleanup failed: no protocol response from /dev/serial/by-id/usb-Pololu_Corporation_Pololu_3pi+_2040_Robot_MicroPython_e4621cb30b16392f-if00 before host deadline,453889,bd1e95674307d9baae775b416e8d2bdf607818c1bf6898b5c288cd5b75b16541
corrected_hardware_core_96_v10_continuation,PI__low__trace_0003__eager_b1,attempt_0002,0,2026-08-21T18:28:01.933323Z,True,parity,AGX/RP2040 allocator parity failed for trace_0003/call-0001586,trace_0003/call-0001586,trace_0003/group-001077,DeviceCallError: device mission cleanup failed: no protocol response from /dev/serial/by-id/usb-Pololu_Corporation_Pololu_3pi+_2040_Robot_MicroPython_e4621cb30b16392f-if00 before host deadline,453889,72f7b911fa821a28d92e17dcac3d001ef13b7807bc8d31b82855c69802fcaca4
corrected_hardware_core_96_v10_continuation,PI__medium__trace_0002__count_b4,attempt_0001,0,2026-08-21T03:01:45.667410Z,False,parity,AGX/RP2040 allocator parity failed for trace_0002/call-0000426,trace_0002/call-0000426,trace_0002/group-000361,DeviceCallError: device mission cleanup failed: no protocol response from /dev/serial/by-id/usb-Pololu_Corporation_Pololu_3pi+_2040_Robot_MicroPython_e4621cb30b16392f-if00 before host deadline,333452,2772f58f74ace1e90d56e4606e308558e24ab70925eb1204df4c1ec5a44175d3
