algorithm,arrival_load,policy_id,metric,n,median,min,max
ACBBA,high,eager_b1,mission_elapsed_time_s,1,3459.609806542073,3459.609806542073,3459.609806542073
ACBBA,high,eager_b1,host_program_runtime_s,1,290604.72194282524,290604.72194282524,290604.72194282524
ACBBA,high,eager_b1,allocator_call_count,1,5384.0,5384.0,5384.0
ACBBA,high,eager_b1,allocator_processor_work_s,1,13333.198022,13333.198022,13333.198022
ACBBA,high,eager_b1,mean_allocator_call_time_s,1,2.4764483696136703,2.4764483696136703,2.4764483696136703
ACBBA,high,eager_b1,median_allocator_call_time_s,1,1.9332645,1.9332645,1.9332645
ACBBA,high,eager_b1,p95_allocator_call_time_s,1,6.673948,6.673948,6.673948
ACBBA,high,eager_b1,max_allocator_call_time_s,1,15.271866,15.271866,15.271866
ACBBA,high,eager_b1,completed_task_count,1,50.0,50.0,50.0
ACBBA,high,eager_b1,messages_sent_total,1,105764.0,105764.0,105764.0
ACBBA,high,eager_b1,logical_message_payload_bytes_sent_total,1,28711009.0,28711009.0,28711009.0
ACBBA,low,count_b4,mission_elapsed_time_s,4,558.9990721616286,482.00701058667806,727.519049388536
ACBBA,low,count_b4,host_program_runtime_s,4,23285.050063420087,16563.923673779238,27113.594325988553
ACBBA,low,count_b4,allocator_call_count,4,2017.5,1807.0,2069.0
ACBBA,low,count_b4,allocator_processor_work_s,4,54.1076255,44.560152,72.590025
ACBBA,low,count_b4,mean_allocator_call_time_s,4,0.027073951341920477,0.02418561053668144,0.035084594006766556
ACBBA,low,count_b4,median_allocator_call_time_s,4,0.0156975,0.013163,0.015911
ACBBA,low,count_b4,p95_allocator_call_time_s,4,0.0850595,0.061766,0.126867
ACBBA,low,count_b4,max_allocator_call_time_s,4,0.375396,0.292609,0.927934
ACBBA,low,count_b4,completed_task_count,4,50.0,50.0,50.0
ACBBA,low,count_b4,messages_sent_total,4,3149.5,2872.0,4147.0
ACBBA,low,count_b4,logical_message_payload_bytes_sent_total,4,331579.0,294867.0,483552.0
ACBBA,low,eager_b1,mission_elapsed_time_s,3,504.6950854193418,451.6479115546786,716.6492090034745
ACBBA,low,eager_b1,host_program_runtime_s,3,19719.559013252147,16663.562341969926,22145.821136224084
ACBBA,low,eager_b1,allocator_call_count,3,1951.0,1750.0,2146.0
ACBBA,low,eager_b1,allocator_processor_work_s,3,31.306602,27.446787,36.275489
ACBBA,low,eager_b1,mean_allocator_call_time_s,3,0.016046438749359303,0.015683878285714287,0.01690376933830382
ACBBA,low,eager_b1,median_allocator_call_time_s,3,0.009694,0.009621,0.010435
ACBBA,low,eager_b1,p95_allocator_call_time_s,3,0.049135,0.045583,0.057763
ACBBA,low,eager_b1,max_allocator_call_time_s,3,0.417013,0.217644,0.607405
ACBBA,low,eager_b1,completed_task_count,3,50.0,50.0,50.0
ACBBA,low,eager_b1,messages_sent_total,3,2487.0,2235.0,2680.0
ACBBA,low,eager_b1,logical_message_payload_bytes_sent_total,3,207927.0,181274.0,233270.0
ACBBA,medium,count_b4,mission_elapsed_time_s,2,371.2454349654803,213.12574286920378,529.3651270617568
ACBBA,medium,count_b4,host_program_runtime_s,2,44281.02436642349,15652.146311596967,72909.90242125001
ACBBA,medium,count_b4,allocator_call_count,2,1877.5,1103.0,2652.0
ACBBA,medium,count_b4,allocator_processor_work_s,2,674.1161685,71.462145,1276.770192
ACBBA,medium,count_b4,mean_allocator_call_time_s,2,0.2731128066872331,0.06478888939256573,0.48143672398190046
ACBBA,medium,count_b4,median_allocator_call_time_s,2,0.18920525,0.032205,0.3462055
ACBBA,medium,count_b4,p95_allocator_call_time_s,2,0.7627079999999999,0.204505,1.320911
ACBBA,medium,count_b4,max_allocator_call_time_s,2,1.3018805,0.718041,1.88572
ACBBA,medium,count_b4,completed_task_count,2,50.0,50.0,50.0
ACBBA,medium,count_b4,messages_sent_total,2,13106.0,3216.0,22996.0
ACBBA,medium,count_b4,logical_message_payload_bytes_sent_total,2,2495298.0,410251.0,4580345.0
ACBBA,medium,eager_b1,mission_elapsed_time_s,3,346.3121117596543,259.4410607810367,1481.0976901392783
ACBBA,medium,eager_b1,host_program_runtime_s,3,53039.37234556489,30541.018610462546,182143.42041735537
ACBBA,medium,eager_b1,allocator_call_count,3,2225.0,1484.0,4403.0
ACBBA,medium,eager_b1,allocator_processor_work_s,3,641.088509,457.458513,5295.943288
ACBBA,medium,eager_b1,mean_allocator_call_time_s,3,0.30826045350404313,0.2881296669662921,1.2028033813309107
ACBBA,medium,eager_b1,median_allocator_call_time_s,3,0.228079,0.144138,1.099046
ACBBA,medium,eager_b1,p95_allocator_call_time_s,3,1.203199,0.758662,2.907599
ACBBA,medium,eager_b1,max_allocator_call_time_s,3,2.439728,1.150555,4.232332
ACBBA,medium,eager_b1,completed_task_count,3,50.0,50.0,50.0
ACBBA,medium,eager_b1,messages_sent_total,3,15160.0,8142.0,64545.0
ACBBA,medium,eager_b1,logical_message_payload_bytes_sent_total,3,2674745.0,1482391.0,14685116.0
CBAA,high,count_b4,mission_elapsed_time_s,3,136.38185887369895,134.44701659125593,147.82706558266256
CBAA,high,count_b4,host_program_runtime_s,3,5400.4649429367855,3767.6602668561973,85999.1673033433
CBAA,high,count_b4,allocator_call_count,3,541.0,515.0,7077.0
CBAA,high,count_b4,allocator_processor_work_s,3,6.009491,5.807501,83.431165
CBAA,high,count_b4,mean_allocator_call_time_s,3,0.011668914563106796,0.010734752310536045,0.011789058216758514
CBAA,high,count_b4,median_allocator_call_time_s,3,0.007449,0.007238,0.0095
CBAA,high,count_b4,p95_allocator_call_time_s,3,0.030065,0.012018,0.031699
CBAA,high,count_b4,max_allocator_call_time_s,3,0.061108,0.05333,1.023714
CBAA,high,count_b4,completed_task_count,3,50.0,50.0,50.0
CBAA,high,count_b4,messages_sent_total,3,1073.0,1039.0,5515.0
CBAA,high,count_b4,logical_message_payload_bytes_sent_total,3,56895.0,56546.0,385602.0
CBAA,high,eager_b1,mission_elapsed_time_s,4,120.16337052667058,97.28293876010387,123.18476310234327
CBAA,high,eager_b1,host_program_runtime_s,4,5091.200781725813,3404.680650636088,5580.5093726674095
CBAA,high,eager_b1,allocator_call_count,4,510.0,463.0,550.0
CBAA,high,eager_b1,allocator_processor_work_s,4,5.9310675,5.31634,6.914669
CBAA,high,eager_b1,mean_allocator_call_time_s,4,0.011420366086785785,0.011343513131313132,0.013170798095238094
CBAA,high,eager_b1,median_allocator_call_time_s,4,0.0070425,0.006697,0.008885
CBAA,high,eager_b1,p95_allocator_call_time_s,4,0.034809,0.033229,0.039593
CBAA,high,eager_b1,max_allocator_call_time_s,4,0.056993,0.053184,0.059922
CBAA,high,eager_b1,completed_task_count,4,50.0,50.0,50.0
CBAA,high,eager_b1,messages_sent_total,4,1061.5,939.0,1155.0
CBAA,high,eager_b1,logical_message_payload_bytes_sent_total,4,61412.5,56940.0,67452.0
CBAA,low,count_b4,mission_elapsed_time_s,4,552.873948565247,469.8754738422097,726.917839465493
CBAA,low,count_b4,host_program_runtime_s,4,12007.58431585133,8218.06869386509,13126.997952948324
CBAA,low,count_b4,allocator_call_count,4,1271.0,1191.0,1356.0
CBAA,low,count_b4,allocator_processor_work_s,4,9.545446,9.325099,9.783591
CBAA,low,count_b4,mean_allocator_call_time_s,4,0.007510481170794395,0.007215037610619469,0.00782963811922754
CBAA,low,count_b4,median_allocator_call_time_s,4,0.006473,0.0062765,0.006659
CBAA,low,count_b4,p95_allocator_call_time_s,4,0.016215,0.01459,0.016771
CBAA,low,count_b4,max_allocator_call_time_s,4,0.033547,0.029417,0.036628
CBAA,low,count_b4,completed_task_count,4,50.0,50.0,50.0
CBAA,low,count_b4,messages_sent_total,4,1508.5,1460.0,1594.0
CBAA,low,count_b4,logical_message_payload_bytes_sent_total,4,73291.5,71458.0,75161.0
CBAA,low,eager_b1,mission_elapsed_time_s,4,531.2191238032589,452.38979216827914,716.7630367849441
CBAA,low,eager_b1,host_program_runtime_s,4,15155.007310551591,12803.121426177677,16013.08251533378
CBAA,low,eager_b1,allocator_call_count,4,1630.0,1524.0,1910.0
CBAA,low,eager_b1,allocator_processor_work_s,4,12.323964499999999,11.480997,14.403809
CBAA,low,eager_b1,mean_allocator_call_time_s,4,0.00753736192748485,0.007324042910447761,0.007791082324455206
CBAA,low,eager_b1,median_allocator_call_time_s,4,0.00650675,0.006344,0.0069275
CBAA,low,eager_b1,p95_allocator_call_time_s,4,0.015534000000000001,0.014304,0.01631
CBAA,low,eager_b1,max_allocator_call_time_s,4,0.0316975,0.027433,0.054228
CBAA,low,eager_b1,completed_task_count,4,50.0,50.0,50.0
CBAA,low,eager_b1,messages_sent_total,4,1788.5,1730.0,1901.0
CBAA,low,eager_b1,logical_message_payload_bytes_sent_total,4,88913.5,85221.0,94397.0
CBAA,medium,count_b4,mission_elapsed_time_s,4,179.78808595930238,171.17051939815883,196.67516137997828
CBAA,medium,count_b4,host_program_runtime_s,4,6974.156235058326,5025.070819949266,8208.99720025435
CBAA,medium,count_b4,allocator_call_count,4,712.5,685.0,814.0
CBAA,medium,count_b4,allocator_processor_work_s,4,7.0298125,6.311004,7.496315
CBAA,medium,count_b4,mean_allocator_call_time_s,4,0.009211188356139816,0.00907179054054054,0.010724817518248175
CBAA,medium,count_b4,median_allocator_call_time_s,4,0.00712825,0.0064265,0.007465
CBAA,medium,count_b4,p95_allocator_call_time_s,4,0.022607000000000002,0.021996,0.028056
CBAA,medium,count_b4,max_allocator_call_time_s,4,0.039653999999999995,0.033577,0.049548
CBAA,medium,count_b4,completed_task_count,4,50.0,50.0,50.0
CBAA,medium,count_b4,messages_sent_total,4,1362.5,1297.0,1400.0
CBAA,medium,count_b4,logical_message_payload_bytes_sent_total,4,68149.0,64568.0,69985.0
CBAA,medium,eager_b1,mission_elapsed_time_s,4,165.82296459718845,154.0855201333878,195.27589518449133
CBAA,medium,eager_b1,host_program_runtime_s,4,6140.217719014734,5069.043582553975,7124.449501008727
CBAA,medium,eager_b1,allocator_call_count,4,669.0,580.0,739.0
CBAA,medium,eager_b1,allocator_processor_work_s,4,6.7520935,5.962834,6.987824
CBAA,medium,eager_b1,mean_allocator_call_time_s,4,0.01001333369162699,0.009365752368064953,0.010600476650563607
CBAA,medium,eager_b1,median_allocator_call_time_s,4,0.0072005,0.007151,0.0077885
CBAA,medium,eager_b1,p95_allocator_call_time_s,4,0.024717999999999997,0.02295,0.029434
CBAA,medium,eager_b1,max_allocator_call_time_s,4,0.0414055,0.038784,0.045816
CBAA,medium,eager_b1,completed_task_count,4,50.0,50.0,50.0
CBAA,medium,eager_b1,messages_sent_total,4,1311.0,1249.0,1408.0
CBAA,medium,eager_b1,logical_message_payload_bytes_sent_total,4,70835.5,67843.0,72526.0
HIPC,high,count_b4,mission_elapsed_time_s,4,278.25384632210034,250.60493433795895,438.8597475407364
HIPC,high,count_b4,host_program_runtime_s,4,6432.890876953956,5486.912815768737,8977.55761138536
HIPC,high,count_b4,allocator_call_count,4,653.0,637.0,669.0
HIPC,high,count_b4,allocator_processor_work_s,4,606.1992829999999,360.265728,1303.323486
HIPC,high,count_b4,mean_allocator_call_time_s,4,0.9141415064780889,0.5542549661538462,2.0460337299843014
HIPC,high,count_b4,median_allocator_call_time_s,4,0.409506,0.129851,1.016016
HIPC,high,count_b4,p95_allocator_call_time_s,4,3.7415585,2.423086,7.068166
HIPC,high,count_b4,max_allocator_call_time_s,4,5.6828135,4.650849,8.0085
HIPC,high,count_b4,completed_task_count,4,50.0,50.0,50.0
HIPC,high,count_b4,messages_sent_total,4,1154.0,1069.0,1231.0
HIPC,high,count_b4,logical_message_payload_bytes_sent_total,4,226890.0,199677.0,270193.0
HIPC,high,eager_b1,mission_elapsed_time_s,4,298.25250065391094,220.18921564210623,374.4202289476158
HIPC,high,eager_b1,host_program_runtime_s,4,8151.986555719748,6971.212329681031,8789.053711540066
HIPC,high,eager_b1,allocator_call_count,4,719.0,576.0,793.0
HIPC,high,eager_b1,allocator_processor_work_s,4,651.4120715,457.728907,917.525168
HIPC,high,eager_b1,mean_allocator_call_time_s,4,0.9803498095356944,0.6357345930555556,1.2778902061281336
HIPC,high,eager_b1,median_allocator_call_time_s,4,0.357455,0.284287,0.598332
HIPC,high,eager_b1,p95_allocator_call_time_s,4,3.7579575000000003,2.210856,4.784174
HIPC,high,eager_b1,max_allocator_call_time_s,4,6.788283,3.924377,8.507697
HIPC,high,eager_b1,completed_task_count,4,50.0,50.0,50.0
HIPC,high,eager_b1,messages_sent_total,4,1641.0,1142.0,2151.0
HIPC,high,eager_b1,logical_message_payload_bytes_sent_total,4,458911.5,222141.0,708797.0
HIPC,low,count_b4,mission_elapsed_time_s,4,555.2436913799812,465.84163350353026,716.7723307253318
HIPC,low,count_b4,host_program_runtime_s,4,8624.045430745464,6212.330742960796,11075.896544416435
HIPC,low,count_b4,allocator_call_count,4,1117.0,1040.0,1164.0
HIPC,low,count_b4,allocator_processor_work_s,4,38.764137500000004,37.529112,44.374991
HIPC,low,count_b4,mean_allocator_call_time_s,4,0.03548529326137079,0.03452780052956752,0.03812284450171821
HIPC,low,count_b4,median_allocator_call_time_s,4,0.02906475,0.027701,0.030753000000000003
HIPC,low,count_b4,p95_allocator_call_time_s,4,0.0884075,0.07949,0.099591
HIPC,low,count_b4,max_allocator_call_time_s,4,0.1887085,0.174139,0.198081
HIPC,low,count_b4,completed_task_count,4,50.0,50.0,50.0
HIPC,low,count_b4,messages_sent_total,4,807.5,759.0,879.0
HIPC,low,count_b4,logical_message_payload_bytes_sent_total,4,37028.0,35175.0,48807.0
HIPC,low,eager_b1,mission_elapsed_time_s,4,545.7463107122769,452.6709265777121,707.9420463266404
HIPC,low,eager_b1,host_program_runtime_s,4,9873.805248095654,7311.461059059016,12134.08487491589
HIPC,low,eager_b1,allocator_call_count,4,1271.0,1230.0,1324.0
HIPC,low,eager_b1,allocator_processor_work_s,4,34.6120285,32.563353,42.90059
HIPC,low,eager_b1,mean_allocator_call_time_s,4,0.026823354776729792,0.026345283676703645,0.0335160859375
HIPC,low,eager_b1,median_allocator_call_time_s,4,0.018800249999999998,0.018373,0.019992999999999997
HIPC,low,eager_b1,p95_allocator_call_time_s,4,0.08018,0.075909,0.113475
HIPC,low,eager_b1,max_allocator_call_time_s,4,0.1884525,0.174334,0.198473
HIPC,low,eager_b1,completed_task_count,4,50.0,50.0,50.0
HIPC,low,eager_b1,messages_sent_total,4,865.5,818.0,888.0
HIPC,low,eager_b1,logical_message_payload_bytes_sent_total,4,48417.0,42551.0,51031.0
HIPC,medium,count_b4,mission_elapsed_time_s,4,209.03775312626868,170.61570428328443,217.6945038384156
HIPC,medium,count_b4,host_program_runtime_s,4,7384.047726908699,5296.183065653313,8161.9311496745795
HIPC,medium,count_b4,allocator_call_count,4,725.0,690.0,789.0
HIPC,medium,count_b4,allocator_processor_work_s,4,130.7002735,77.62043,228.373726
HIPC,medium,count_b4,mean_allocator_call_time_s,4,0.17791789576238498,0.10780615277777778,0.3128407205479452
HIPC,medium,count_b4,median_allocator_call_time_s,4,0.15018775,0.0775055,0.2055035
HIPC,medium,count_b4,p95_allocator_call_time_s,4,0.4509035,0.291591,0.872997
HIPC,medium,count_b4,max_allocator_call_time_s,4,0.826805,0.491844,1.254197
HIPC,medium,count_b4,completed_task_count,4,50.0,50.0,50.0
HIPC,medium,count_b4,messages_sent_total,4,844.5,742.0,924.0
HIPC,medium,count_b4,logical_message_payload_bytes_sent_total,4,82523.0,48999.0,121045.0
HIPC,medium,eager_b1,mission_elapsed_time_s,4,250.6626174567391,159.42563784708202,293.12693394993204
HIPC,medium,eager_b1,host_program_runtime_s,4,8581.123330283444,6719.051937120967,10911.997042346746
HIPC,medium,eager_b1,allocator_call_count,4,780.0,725.0,967.0
HIPC,medium,eager_b1,allocator_processor_work_s,4,387.083764,57.68414,581.397747
HIPC,medium,eager_b1,mean_allocator_call_time_s,4,0.47464404251262404,0.07956433103448275,0.7195516670792079
HIPC,medium,eager_b1,median_allocator_call_time_s,4,0.24359950000000002,0.070095,0.430971
HIPC,medium,eager_b1,p95_allocator_call_time_s,4,1.496219,0.184549,2.14317
HIPC,medium,eager_b1,max_allocator_call_time_s,4,2.1843935,0.232112,4.450863
HIPC,medium,eager_b1,completed_task_count,4,50.0,50.0,50.0
HIPC,medium,eager_b1,messages_sent_total,4,1159.5,816.0,1210.0
HIPC,medium,eager_b1,logical_message_payload_bytes_sent_total,4,199000.0,63807.0,228217.0
PI,high,count_b4,mission_elapsed_time_s,3,377.87131336411966,340.3759881494636,407.5763009322773
PI,high,count_b4,host_program_runtime_s,3,12587.794327005744,8814.29394019302,14449.041139156558
PI,high,count_b4,allocator_call_count,3,919.0,840.0,999.0
PI,high,count_b4,allocator_processor_work_s,3,588.092323,574.770704,719.704665
PI,high,count_b4,mean_allocator_call_time_s,3,0.6254305810663765,0.588681004004004,0.8567912678571429
PI,high,count_b4,median_allocator_call_time_s,3,0.064425,0.06395999999999999,0.102539
PI,high,count_b4,p95_allocator_call_time_s,3,3.343435,3.239831,3.615027
PI,high,count_b4,max_allocator_call_time_s,3,24.499266,11.843717,37.813352
PI,high,count_b4,completed_task_count,3,50.0,50.0,50.0
PI,high,count_b4,messages_sent_total,3,2553.0,2515.0,3116.0
PI,high,count_b4,logical_message_payload_bytes_sent_total,3,804395.0,787371.0,883397.0
PI,high,eager_b1,mission_elapsed_time_s,4,394.85263423457934,367.1219733221419,417.95106320002367
PI,high,eager_b1,host_program_runtime_s,4,13024.82225562865,10711.466402336955,14495.605568279512
PI,high,eager_b1,allocator_call_count,4,900.5,830.0,1030.0
PI,high,eager_b1,allocator_processor_work_s,4,847.3051245,620.001009,1081.123777
PI,high,eager_b1,mean_allocator_call_time_s,4,0.913572975008773,0.6547001151003168,1.265952900468384
PI,high,eager_b1,median_allocator_call_time_s,4,0.117509,0.09694549999999999,0.1313725
PI,high,eager_b1,p95_allocator_call_time_s,4,4.022081,2.588903,5.46038
PI,high,eager_b1,max_allocator_call_time_s,4,38.0139135,27.602288,54.133332
PI,high,eager_b1,completed_task_count,4,50.0,50.0,50.0
PI,high,eager_b1,messages_sent_total,4,3057.0,2429.0,3291.0
PI,high,eager_b1,logical_message_payload_bytes_sent_total,4,853470.0,687382.0,1010849.0
PI,low,count_b4,mission_elapsed_time_s,4,572.520127853337,469.35715089003065,714.8111932841557
PI,low,count_b4,host_program_runtime_s,4,14235.666747611016,13420.606143823825,16458.64299038332
PI,low,count_b4,allocator_call_count,4,1545.0,1447.0,1734.0
PI,low,count_b4,allocator_processor_work_s,4,36.155934,30.45041,45.342585
PI,low,count_b4,mean_allocator_call_time_s,4,0.02392092184460834,0.020232830564784053,0.026149126297577856
PI,low,count_b4,median_allocator_call_time_s,4,0.011953,0.011665,0.012406
PI,low,count_b4,p95_allocator_call_time_s,4,0.07686,0.059967,0.086878
PI,low,count_b4,max_allocator_call_time_s,4,0.32726299999999997,0.316541,0.349585
PI,low,count_b4,completed_task_count,4,50.0,50.0,50.0
PI,low,count_b4,messages_sent_total,4,1578.5,1468.0,1923.0
PI,low,count_b4,logical_message_payload_bytes_sent_total,4,159103.0,129516.0,211173.0
PI,low,eager_b1,mission_elapsed_time_s,3,571.095244287323,504.6919255412995,720.7992389728297
PI,low,eager_b1,host_program_runtime_s,3,15544.567522664554,15318.20594049152,16850.281488121487
PI,low,eager_b1,allocator_call_count,3,1717.0,1708.0,1870.0
PI,low,eager_b1,allocator_processor_work_s,3,26.919565,23.922987,32.726823
PI,low,eager_b1,mean_allocator_call_time_s,3,0.01576086943793911,0.01393301514269074,0.01750097486631016
PI,low,eager_b1,median_allocator_call_time_s,3,0.009378999999999998,0.008122,0.0096545
PI,low,eager_b1,p95_allocator_call_time_s,3,0.038315,0.038297,0.05104
PI,low,eager_b1,max_allocator_call_time_s,3,0.316371,0.31609,0.317504
PI,low,eager_b1,completed_task_count,3,50.0,50.0,50.0
PI,low,eager_b1,messages_sent_total,3,1605.0,1578.0,1763.0
PI,low,eager_b1,logical_message_payload_bytes_sent_total,3,120105.0,117485.0,145697.0
PI,medium,count_b4,mission_elapsed_time_s,4,326.0049809600941,288.8843283386053,347.43737297788806
PI,medium,count_b4,host_program_runtime_s,4,11846.805096088676,9785.267734969966,14231.22971870657
PI,medium,count_b4,allocator_call_count,4,1161.0,1050.0,1194.0
PI,medium,count_b4,allocator_processor_work_s,4,326.237621,181.881372,558.077546
PI,medium,count_b4,mean_allocator_call_time_s,4,0.27671619246173695,0.15733682698961937,0.5315024247619048
PI,medium,count_b4,median_allocator_call_time_s,4,0.0539225,0.045609,0.075475
PI,medium,count_b4,p95_allocator_call_time_s,4,1.3963345,0.605644,2.410641
PI,medium,count_b4,max_allocator_call_time_s,4,6.0444130000000005,4.407517,12.391024
PI,medium,count_b4,completed_task_count,4,50.0,50.0,50.0
PI,medium,count_b4,messages_sent_total,4,2764.0,2498.0,2904.0
PI,medium,count_b4,logical_message_payload_bytes_sent_total,4,647788.0,558019.0,682438.0
PI,medium,eager_b1,mission_elapsed_time_s,4,280.5486961010081,209.779901922795,345.2561440043391
PI,medium,eager_b1,host_program_runtime_s,4,10437.370232129237,7707.68707831623,14724.395178826526
PI,medium,eager_b1,allocator_call_count,4,1054.0,1046.0,1079.0
PI,medium,eager_b1,allocator_processor_work_s,4,290.86909349999996,79.245701,630.587065
PI,medium,eager_b1,mean_allocator_call_time_s,4,0.2774494567788907,0.07344365245597775,0.5994173621673003
PI,medium,eager_b1,median_allocator_call_time_s,4,0.06842175,0.040999,0.086086
PI,medium,eager_b1,p95_allocator_call_time_s,4,1.2237735,0.258312,2.707463
PI,medium,eager_b1,max_allocator_call_time_s,4,5.8693905,1.088107,16.016297
PI,medium,eager_b1,completed_task_count,4,50.0,50.0,50.0
PI,medium,eager_b1,messages_sent_total,4,2468.0,1856.0,2974.0
PI,medium,eager_b1,logical_message_payload_bytes_sent_total,4,515388.0,245698.0,746364.0
