algorithm,arrival_load,policy_id,planned,completed_v9,completed_v10,completed_total,terminal_failure_v10
ACBBA,high,count_b4,4,0,0,0,4
ACBBA,high,eager_b1,4,0,1,1,3
ACBBA,low,count_b4,4,1,3,4,0
ACBBA,low,eager_b1,4,1,2,3,1
ACBBA,medium,count_b4,4,0,2,2,2
ACBBA,medium,eager_b1,4,0,3,3,1
CBAA,high,count_b4,4,1,2,3,1
CBAA,high,eager_b1,4,1,3,4,0
CBAA,low,count_b4,4,1,3,4,0
CBAA,low,eager_b1,4,1,3,4,0
CBAA,medium,count_b4,4,1,3,4,0
CBAA,medium,eager_b1,4,1,3,4,0
HIPC,high,count_b4,4,3,1,4,0
HIPC,high,eager_b1,4,3,1,4,0
HIPC,low,count_b4,4,2,2,4,0
HIPC,low,eager_b1,4,2,2,4,0
HIPC,medium,count_b4,4,1,3,4,0
HIPC,medium,eager_b1,4,1,3,4,0
PI,high,count_b4,4,1,2,3,1
PI,high,eager_b1,4,1,3,4,0
PI,low,count_b4,4,0,4,4,0
PI,low,eager_b1,4,0,3,3,1
PI,medium,count_b4,4,2,2,4,0
PI,medium,eager_b1,4,2,2,4,0
