job_id,algorithm,arrival_load,policy_id,trace_id,worker_index,recorded_at,attempt_failures,failure_categories
ACBBA__high__trace_0000__count_b4,ACBBA,high,count_b4,trace_0000,2,2026-08-19T19:27:47.082666Z,2,parity;result_chunk_sequence
ACBBA__high__trace_0000__eager_b1,ACBBA,high,eager_b1,trace_0000,2,2026-08-19T23:36:04.959012Z,2,memory;parity
ACBBA__high__trace_0001__count_b4,ACBBA,high,count_b4,trace_0001,3,2026-08-24T04:00:30.017139Z,2,result_chunk_sequence
ACBBA__high__trace_0002__count_b4,ACBBA,high,count_b4,trace_0002,0,2026-08-24T03:18:06.894596Z,2,parity
ACBBA__high__trace_0002__eager_b1,ACBBA,high,eager_b1,trace_0002,0,2026-08-22T21:33:11.038067Z,2,memory
ACBBA__high__trace_0003__count_b4,ACBBA,high,count_b4,trace_0003,1,2026-08-21T11:34:04.724693Z,2,parity;result_chunk_sequence
ACBBA__high__trace_0003__eager_b1,ACBBA,high,eager_b1,trace_0003,1,2026-08-21T22:05:39.773372Z,2,parity;timeout_or_no_response
ACBBA__low__trace_0002__eager_b1,ACBBA,low,eager_b1,trace_0002,2,2026-08-21T19:40:47.998006Z,2,parity
ACBBA__medium__trace_0001__count_b4,ACBBA,medium,count_b4,trace_0001,2,2026-08-20T09:03:24.842066Z,2,parity
ACBBA__medium__trace_0003__count_b4,ACBBA,medium,count_b4,trace_0003,0,2026-08-19T06:27:07.817635Z,2,parity;result_chunk_sequence
ACBBA__medium__trace_0003__eager_b1,ACBBA,medium,eager_b1,trace_0003,0,2026-08-20T15:53:12.566538Z,2,parity
CBAA__high__trace_0001__count_b4,CBAA,high,count_b4,trace_0001,2,2026-08-21T11:37:05.936871Z,2,parity
PI__high__trace_0001__count_b4,PI,high,count_b4,trace_0001,0,2026-08-22T05:40:38.615053Z,2,parity
PI__low__trace_0003__eager_b1,PI,low,eager_b1,trace_0003,0,2026-08-21T18:28:01.933808Z,2,parity
