comparison_id,comparison_kind,algorithm,arrival_load,trace_id,failed_policy_id,reference_dataset,reference_policy_id,comparison_dataset,comparison_policy_id,first_differing_allocator_goal,first_differing_task_assignment,first_differing_owner_sequence,first_differing_movement_edge,first_differing_task_completion,first_semantic_divergence_category,first_semantic_divergence_reference_index,first_semantic_divergence_comparison_index,first_repeating_no_progress_signature_time_s,events_between_divergence_and_horizon,calls_between_divergence_and_horizon,epochs_between_divergence_and_horizon,meaningful_semantic_divergence_reconstructible,limitations
CZ__low__count_b2__trace_0003,causal_failed_vs_exact_zero,CBAA,low,trace_0003,count_b2,zero_compute,count_b2,causal,count_b2,"[0,[""00"",[1,4]],[""03"",[0,10]]]","[0,[""task_0002"",""00"",""allocator""],[""task_0001"",""03"",""allocator""]]","[0,[""task_0002"",""00"",""allocator""],[""task_0001"",""03"",""allocator""]]","[87,[""01"",""(16, 7)->(16, 6)""],[""01"",""(16, 7)->(16, 8)""]]","[15,[""task_0016"",""02""],[""task_0016"",""01""]]",allocator_goal,0,0,375.01397569652687,11360,5973,4914,true,raw unified event/message log and repeated owner history were not retained; comparison uses normalized goal/first-assignment/movement/completion sequences and ignores duration-only timestamp shifts
CZ__low__eager_b1__trace_0004,causal_failed_vs_exact_zero,CBAA,low,trace_0004,eager_b1,zero_compute,eager_b1,causal,eager_b1,"[0,[""00"",[14,0]],[""03"",[4,18]]]","[0,[""task_0006"",""00"",""allocator""],[""task_0001"",""03"",""allocator""]]","[0,[""task_0006"",""00"",""allocator""],[""task_0001"",""03"",""allocator""]]","[190,[""01"",""(17, 0)->(16, 0)""],null]","[21,[""task_0024"",""01""],null]",allocator_goal,0,0,212.81934398200076,15055,7680,7104,true,raw unified event/message log and repeated owner history were not retained; comparison uses normalized goal/first-assignment/movement/completion sequences and ignores duration-only timestamp shifts
PC__low__count_b4__trace_0004,failed_eager_vs_completed_coalesced,CBAA,low,trace_0004,eager_b1,causal,count_b4,causal,eager_b1,"[6,[""01"",[8,7]],[""02"",[4,18]]]","[5,[""task_0007"",""03"",""allocator""],[""task_0009"",""00"",""allocator""]]","[5,[""task_0007"",""03"",""allocator""],[""task_0009"",""00"",""allocator""]]","[74,[""00"",""(14, 0)->(15, 0)""],[""01"",""(14, 5)->(15, 5)""]]","[15,[""task_0016"",""00""],[""task_0017"",""02""]]",task_assignment,5,5,212.81934398200076,15050,7677,7104,true,raw unified event/message log and repeated owner history were not retained; comparison uses normalized goal/first-assignment/movement/completion sequences and ignores duration-only timestamp shifts
PC__low__bounded_b4_w5__trace_0004,failed_eager_vs_completed_coalesced,CBAA,low,trace_0004,eager_b1,causal,bounded_b4_w5,causal,eager_b1,"[6,[""01"",[8,7]],[""02"",[4,18]]]","[5,[""task_0007"",""03"",""allocator""],[""task_0009"",""00"",""allocator""]]","[5,[""task_0007"",""03"",""allocator""],[""task_0009"",""00"",""allocator""]]","[74,[""00"",""(14, 0)->(15, 0)""],[""01"",""(14, 5)->(15, 5)""]]","[16,[""task_0016"",""00""],[""task_0018"",""01""]]",task_assignment,5,5,212.81934398200076,15050,7677,7104,true,raw unified event/message log and repeated owner history were not retained; comparison uses normalized goal/first-assignment/movement/completion sequences and ignores duration-only timestamp shifts
CZ__low__count_b8__trace_0018,causal_failed_vs_exact_zero,CBAA,low,trace_0018,count_b8,zero_compute,count_b8,causal,count_b8,"[0,[""00"",[5,0]],[""03"",[1,13]]]","[0,[""task_0006"",""00"",""allocator""],[""task_0008"",""03"",""allocator""]]","[0,[""task_0006"",""00"",""allocator""],[""task_0008"",""03"",""allocator""]]","[89,[""02"",""(15, 11)->(15, 10)""],[""00"",""(2, 1)->(1, 1)""]]","[27,[""task_0028"",""01""],null]",allocator_goal,0,0,279.87325669908336,19372,10078,8969,true,raw unified event/message log and repeated owner history were not retained; comparison uses normalized goal/first-assignment/movement/completion sequences and ignores duration-only timestamp shifts
CZ__low__eager_b1__trace_0031,causal_failed_vs_exact_zero,CBAA,low,trace_0031,eager_b1,zero_compute,eager_b1,causal,eager_b1,"[0,[""00"",[0,1]],[""03"",[1,17]]]","[0,[""task_0006"",""00"",""allocator""],[""task_0005"",""03"",""allocator""]]","[0,[""task_0006"",""00"",""allocator""],[""task_0005"",""03"",""allocator""]]","[62,[""01"",""(14, 3)->(15, 3)""],[""02"",""(13, 12)->(13, 11)""]]","[11,[""task_0011"",""00""],[""task_0013"",""01""]]",allocator_goal,0,0,138.660007532,11840,5997,5539,true,raw unified event/message log and repeated owner history were not retained; comparison uses normalized goal/first-assignment/movement/completion sequences and ignores duration-only timestamp shifts
PC__low__count_b4__trace_0031,failed_eager_vs_completed_coalesced,CBAA,low,trace_0031,eager_b1,causal,count_b4,causal,eager_b1,"[6,[""03"",[1,17]],[""01"",[0,1]]]","[4,[""task_0009"",""01"",""allocator""],[""task_0009"",""02"",""allocator""]]","[4,[""task_0009"",""01"",""allocator""],[""task_0009"",""02"",""allocator""]]","[4,[""02"",""(1, 12)->(2, 12)""],[""02"",""(1, 12)->(1, 13)""]]","[10,[""task_0012"",""01""],[""task_0012"",""00""]]",movement_edge,4,4,138.660007532,11837,5995,5539,true,raw unified event/message log and repeated owner history were not retained; comparison uses normalized goal/first-assignment/movement/completion sequences and ignores duration-only timestamp shifts
PC__low__bounded_b4_w5__trace_0031,failed_eager_vs_completed_coalesced,CBAA,low,trace_0031,eager_b1,causal,bounded_b4_w5,causal,eager_b1,"[6,[""03"",[1,17]],[""01"",[0,1]]]","[4,[""task_0009"",""01"",""allocator""],[""task_0009"",""02"",""allocator""]]","[4,[""task_0009"",""01"",""allocator""],[""task_0009"",""02"",""allocator""]]","[4,[""02"",""(1, 12)->(2, 12)""],[""02"",""(1, 12)->(1, 13)""]]","[10,[""task_0012"",""01""],[""task_0012"",""00""]]",movement_edge,4,4,138.660007532,11837,5995,5539,true,raw unified event/message log and repeated owner history were not retained; comparison uses normalized goal/first-assignment/movement/completion sequences and ignores duration-only timestamp shifts
CZ__low__eager_b1__trace_0035,causal_failed_vs_exact_zero,CBAA,low,trace_0035,eager_b1,zero_compute,eager_b1,causal,eager_b1,"[0,[""00"",[3,0]],[""03"",[6,17]]]","[0,[""task_0004"",""00"",""allocator""],[""task_0003"",""03"",""allocator""]]","[0,[""task_0004"",""00"",""allocator""],[""task_0003"",""03"",""allocator""]]","[173,[""03"",""(15, 8)->(14, 8)""],null]","[19,[""task_0022"",""02""],null]",allocator_goal,0,0,186.63943256000002,11828,6057,5528,true,raw unified event/message log and repeated owner history were not retained; comparison uses normalized goal/first-assignment/movement/completion sequences and ignores duration-only timestamp shifts
PC__low__count_b4__trace_0035,failed_eager_vs_completed_coalesced,CBAA,low,trace_0035,eager_b1,causal,count_b4,causal,eager_b1,"[21,[""01"",[4,8]],[""02"",[6,8]]]","[12,[""task_0013"",""02"",""allocator""],[""task_0013"",""03"",""allocator""]]","[12,[""task_0013"",""02"",""allocator""],[""task_0013"",""03"",""allocator""]]","[38,[""02"",""(8, 11)->(9, 11)""],[""03"",""(8, 17)->(9, 17)""]]","[14,[""task_0015"",""02""],[""task_0016"",""03""]]",task_assignment,12,12,186.63943256000002,11816,6052,5528,true,raw unified event/message log and repeated owner history were not retained; comparison uses normalized goal/first-assignment/movement/completion sequences and ignores duration-only timestamp shifts
PC__low__bounded_b4_w5__trace_0035,failed_eager_vs_completed_coalesced,CBAA,low,trace_0035,eager_b1,causal,bounded_b4_w5,causal,eager_b1,"[1,[""01"",[3,5]],[""02"",[3,5]]]","[1,[""task_0002"",""01"",""allocator""],[""task_0002"",""02"",""allocator""]]","[1,[""task_0002"",""01"",""allocator""],[""task_0002"",""02"",""allocator""]]","[38,[""02"",""(8, 11)->(9, 11)""],[""03"",""(8, 17)->(9, 17)""]]","[14,[""task_0015"",""02""],[""task_0016"",""03""]]",allocator_goal,1,1,186.63943256000002,11828,6057,5528,true,raw unified event/message log and repeated owner history were not retained; comparison uses normalized goal/first-assignment/movement/completion sequences and ignores duration-only timestamp shifts
CZ__low__eager_b1__trace_0041,causal_failed_vs_exact_zero,CBAA,low,trace_0041,eager_b1,zero_compute,eager_b1,causal,eager_b1,"[0,[""00"",[3,1]],[""03"",[9,17]]]","[0,[""task_0003"",""00"",""allocator""],[""task_0008"",""03"",""allocator""]]","[0,[""task_0003"",""00"",""allocator""],[""task_0008"",""03"",""allocator""]]","[182,[""01"",""(4, 6)->(4, 7)""],null]","[23,[""task_0025"",""01""],null]",allocator_goal,0,0,151.7001194630003,11107,5675,5167,true,raw unified event/message log and repeated owner history were not retained; comparison uses normalized goal/first-assignment/movement/completion sequences and ignores duration-only timestamp shifts
PC__low__count_b4__trace_0041,failed_eager_vs_completed_coalesced,CBAA,low,trace_0041,eager_b1,causal,count_b4,causal,eager_b1,"[0,[""02"",[5,11]],[""03"",[9,17]]]","[0,[""task_0005"",""02"",""allocator""],[""task_0008"",""03"",""allocator""]]","[0,[""task_0005"",""02"",""allocator""],[""task_0008"",""03"",""allocator""]]","[17,[""03"",""(4, 18)->(5, 18)""],[""01"",""(3, 5)->(3, 4)""]]","[10,[""task_0012"",""03""],[""task_0011"",""01""]]",allocator_goal,0,0,151.7001194630003,11107,5675,5167,true,raw unified event/message log and repeated owner history were not retained; comparison uses normalized goal/first-assignment/movement/completion sequences and ignores duration-only timestamp shifts
PC__low__bounded_b4_w5__trace_0041,failed_eager_vs_completed_coalesced,CBAA,low,trace_0041,eager_b1,causal,bounded_b4_w5,causal,eager_b1,"[1,[""01"",[3,4]],[""02"",[5,11]]]","[1,[""task_0002"",""01"",""allocator""],[""task_0005"",""02"",""allocator""]]","[1,[""task_0002"",""01"",""allocator""],[""task_0005"",""02"",""allocator""]]","[17,[""03"",""(4, 18)->(5, 18)""],[""01"",""(3, 5)->(3, 4)""]]","[10,[""task_0012"",""03""],[""task_0011"",""01""]]",allocator_goal,1,1,151.7001194630003,11107,5675,5167,true,raw unified event/message log and repeated owner history were not retained; comparison uses normalized goal/first-assignment/movement/completion sequences and ignores duration-only timestamp shifts
CZ__medium__count_b2__trace_0001,causal_failed_vs_exact_zero,CBAA,medium,trace_0001,count_b2,zero_compute,count_b2,causal,count_b2,"[0,[""00"",[13,1]],[""03"",[8,17]]]","[0,[""task_0001"",""00"",""allocator""],[""task_0005"",""03"",""allocator""]]","[0,[""task_0001"",""00"",""allocator""],[""task_0005"",""03"",""allocator""]]","[4,[""02"",""(1, 12)->(2, 12)""],[""01"",""(1, 6)->(2, 6)""]]","[20,[""task_0024"",""02""],null]",allocator_goal,0,0,69.92843373899998,11367,5603,5527,true,raw unified event/message log and repeated owner history were not retained; comparison uses normalized goal/first-assignment/movement/completion sequences and ignores duration-only timestamp shifts
CZ__medium__eager_b1__trace_0007,causal_failed_vs_exact_zero,CBAA,medium,trace_0007,eager_b1,zero_compute,eager_b1,causal,eager_b1,"[0,[""00"",[2,8]],[""03"",[2,16]]]","[0,[""task_0001"",""00"",""allocator""],[""task_0007"",""03"",""allocator""]]","[0,[""task_0001"",""00"",""allocator""],[""task_0007"",""03"",""allocator""]]","[8,[""02"",""(2, 12)->(3, 12)""],[""00"",""(2, 0)->(3, 0)""]]","[2,[""task_0011"",""02""],null]",allocator_goal,0,0,7.286517800067324,15494,7741,7723,true,raw unified event/message log and repeated owner history were not retained; comparison uses normalized goal/first-assignment/movement/completion sequences and ignores duration-only timestamp shifts
PC__medium__count_b4__trace_0007,failed_eager_vs_completed_coalesced,CBAA,medium,trace_0007,eager_b1,causal,count_b4,causal,eager_b1,"[6,[""00"",[11,2]],[""03"",[2,16]]]","[4,[""task_0011"",""03"",""allocator""],[""task_0009"",""02"",""allocator""]]","[4,[""task_0011"",""03"",""allocator""],[""task_0009"",""02"",""allocator""]]","[15,[""02"",""(2, 11)->(2, 10)""],null]","[2,[""task_0011"",""02""],null]",task_completion,2,2,7.286517800067324,15492,7740,7723,true,raw unified event/message log and repeated owner history were not retained; comparison uses normalized goal/first-assignment/movement/completion sequences and ignores duration-only timestamp shifts
PC__medium__bounded_b4_w5__trace_0007,failed_eager_vs_completed_coalesced,CBAA,medium,trace_0007,eager_b1,causal,bounded_b4_w5,causal,eager_b1,"[1,[""01"",[2,8]],[""02"",[2,8]]]","[1,[""task_0001"",""01"",""allocator""],[""task_0001"",""02"",""allocator""]]","[1,[""task_0001"",""01"",""allocator""],[""task_0001"",""02"",""allocator""]]","[15,[""02"",""(2, 11)->(2, 10)""],null]","[2,[""task_0011"",""02""],null]",allocator_goal,1,1,7.286517800067324,15494,7741,7723,true,raw unified event/message log and repeated owner history were not retained; comparison uses normalized goal/first-assignment/movement/completion sequences and ignores duration-only timestamp shifts
CZ__medium__count_b8__trace_0007,causal_failed_vs_exact_zero,CBAA,medium,trace_0007,count_b8,zero_compute,count_b8,causal,count_b8,"[0,[""00"",[2,8]],[""01"",[2,8]]]","[0,[""task_0001"",""00"",""allocator""],[""task_0001"",""01"",""allocator""]]","[0,[""task_0001"",""00"",""allocator""],[""task_0001"",""01"",""allocator""]]","[15,[""02"",""(2, 11)->(2, 10)""],null]","[2,[""task_0011"",""02""],null]",allocator_goal,0,0,7.191005266253379,14754,7367,7358,true,raw unified event/message log and repeated owner history were not retained; comparison uses normalized goal/first-assignment/movement/completion sequences and ignores duration-only timestamp shifts
CZ__medium__eager_b1__trace_0012,causal_failed_vs_exact_zero,CBAA,medium,trace_0012,eager_b1,zero_compute,eager_b1,causal,eager_b1,"[0,[""00"",[6,6]],[""01"",[6,6]]]","[0,[""task_0007"",""00"",""allocator""],[""task_0007"",""01"",""allocator""]]","[0,[""task_0007"",""00"",""allocator""],[""task_0007"",""01"",""allocator""]]","[6,[""03"",""(1, 18)->(2, 18)""],[""00"",""(1, 0)->(2, 0)""]]","[2,[""task_0009"",""00""],[""task_0006"",""02""]]",allocator_goal,0,0,102.06284045703325,10880,5338,5184,true,raw unified event/message log and repeated owner history were not retained; comparison uses normalized goal/first-assignment/movement/completion sequences and ignores duration-only timestamp shifts
PC__medium__count_b4__trace_0012,failed_eager_vs_completed_coalesced,CBAA,medium,trace_0012,eager_b1,causal,count_b4,causal,eager_b1,"[0,[""03"",[1,12]],[""01"",[6,6]]]","[0,[""task_0004"",""03"",""allocator""],[""task_0007"",""01"",""allocator""]]","[0,[""task_0004"",""03"",""allocator""],[""task_0007"",""01"",""allocator""]]","[47,[""03"",""(2, 17)->(2, 16)""],[""03"",""(2, 17)->(3, 17)""]]","[7,[""task_0012"",""00""],[""task_0013"",""00""]]",allocator_goal,0,0,102.06284045703325,10880,5338,5184,true,raw unified event/message log and repeated owner history were not retained; comparison uses normalized goal/first-assignment/movement/completion sequences and ignores duration-only timestamp shifts
PC__medium__bounded_b4_w5__trace_0012,failed_eager_vs_completed_coalesced,CBAA,medium,trace_0012,eager_b1,causal,bounded_b4_w5,causal,eager_b1,"[0,[""03"",[1,12]],[""01"",[6,6]]]","[0,[""task_0004"",""03"",""allocator""],[""task_0007"",""01"",""allocator""]]","[0,[""task_0004"",""03"",""allocator""],[""task_0007"",""01"",""allocator""]]","[47,[""03"",""(2, 17)->(2, 16)""],[""03"",""(2, 17)->(3, 17)""]]","[7,[""task_0012"",""00""],[""task_0013"",""00""]]",allocator_goal,0,0,102.06284045703325,10880,5338,5184,true,raw unified event/message log and repeated owner history were not retained; comparison uses normalized goal/first-assignment/movement/completion sequences and ignores duration-only timestamp shifts
CZ__medium__bounded_b4_w5__trace_0017,causal_failed_vs_exact_zero,CBAA,medium,trace_0017,bounded_b4_w5,zero_compute,bounded_b4_w5,causal,bounded_b4_w5,"[0,[""00"",[6,1]],[""03"",[6,14]]]","[0,[""task_0003"",""00"",""allocator""],[""task_0005"",""03"",""allocator""]]","[0,[""task_0003"",""00"",""allocator""],[""task_0005"",""03"",""allocator""]]","[120,[""01"",""(12, 8)->(11, 8)""],[""03"",""(15, 11)->(15, 12)""]]","[19,[""task_0024"",""02""],null]",allocator_goal,0,0,70.77349817246508,11352,5592,5522,true,raw unified event/message log and repeated owner history were not retained; comparison uses normalized goal/first-assignment/movement/completion sequences and ignores duration-only timestamp shifts
CZ__medium__count_b2__trace_0018,causal_failed_vs_exact_zero,CBAA,medium,trace_0018,count_b2,zero_compute,count_b2,causal,count_b2,"[0,[""00"",[5,0]],[""03"",[1,13]]]","[0,[""task_0006"",""00"",""allocator""],[""task_0008"",""03"",""allocator""]]","[0,[""task_0006"",""00"",""allocator""],[""task_0008"",""03"",""allocator""]]","[65,[""03"",""(7, 17)->(6, 17)""],[""02"",""(14, 12)->(15, 12)""]]","[13,[""task_0019"",""03""],[""task_0019"",""01""]]",allocator_goal,0,0,115.76144813493487,12200,5969,5824,true,raw unified event/message log and repeated owner history were not retained; comparison uses normalized goal/first-assignment/movement/completion sequences and ignores duration-only timestamp shifts
CZ__medium__eager_b1__trace_0019,causal_failed_vs_exact_zero,CBAA,medium,trace_0019,eager_b1,zero_compute,eager_b1,causal,eager_b1,"[0,[""00"",[2,6]],[""03"",[1,16]]]","[0,[""task_0007"",""00"",""allocator""],[""task_0001"",""03"",""allocator""]]","[0,[""task_0007"",""00"",""allocator""],[""task_0001"",""03"",""allocator""]]","[13,[""00"",""(2, 1)->(2, 2)""],[""01"",""(3, 6)->(4, 6)""]]","[5,[""task_0017"",""02""],null]",allocator_goal,0,0,22.56596546115858,11158,5560,5515,true,raw unified event/message log and repeated owner history were not retained; comparison uses normalized goal/first-assignment/movement/completion sequences and ignores duration-only timestamp shifts
PC__medium__count_b4__trace_0019,failed_eager_vs_completed_coalesced,CBAA,medium,trace_0019,eager_b1,causal,count_b4,causal,eager_b1,"[5,[""02"",[1,16]],[""02"",[0,11]]]","[4,[""task_0008"",""00"",""allocator""],[""task_0004"",""02"",""allocator""]]","[4,[""task_0008"",""00"",""allocator""],[""task_0004"",""02"",""allocator""]]","[0,[""01"",""(0, 6)->(1, 6)""],[""02"",""(0, 12)->(0, 11)""]]","[5,[""task_0011"",""01""],null]",movement_edge,0,0,22.56596546115858,11158,5560,5515,true,raw unified event/message log and repeated owner history were not retained; comparison uses normalized goal/first-assignment/movement/completion sequences and ignores duration-only timestamp shifts
PC__medium__bounded_b4_w5__trace_0019,failed_eager_vs_completed_coalesced,CBAA,medium,trace_0019,eager_b1,causal,bounded_b4_w5,causal,eager_b1,"[5,[""03"",[1,16]],[""02"",[0,11]]]","[4,[""task_0008"",""00"",""allocator""],[""task_0004"",""02"",""allocator""]]","[4,[""task_0008"",""00"",""allocator""],[""task_0004"",""02"",""allocator""]]","[0,[""01"",""(0, 6)->(1, 6)""],[""02"",""(0, 12)->(0, 11)""]]","[5,[""task_0011"",""01""],null]",movement_edge,0,0,22.56596546115858,11158,5560,5515,true,raw unified event/message log and repeated owner history were not retained; comparison uses normalized goal/first-assignment/movement/completion sequences and ignores duration-only timestamp shifts
CZ__medium__count_b2__trace_0032,causal_failed_vs_exact_zero,CBAA,medium,trace_0032,count_b2,zero_compute,count_b2,causal,count_b2,"[0,[""00"",[1,0]],[""03"",[8,10]]]","[0,[""task_0002"",""00"",""allocator""],[""task_0006"",""03"",""allocator""]]","[0,[""task_0002"",""00"",""allocator""],[""task_0006"",""03"",""allocator""]]","[114,[""01"",""(4, 2)->(3, 2)""],[""02"",""(15, 5)->(16, 5)""]]","[36,[""task_0040"",""02""],null]",allocator_goal,0,0,137.372896038914,17423,8579,8402,true,raw unified event/message log and repeated owner history were not retained; comparison uses normalized goal/first-assignment/movement/completion sequences and ignores duration-only timestamp shifts
CZ__medium__bounded_b4_w5__trace_0032,causal_failed_vs_exact_zero,CBAA,medium,trace_0032,bounded_b4_w5,zero_compute,bounded_b4_w5,causal,bounded_b4_w5,"[0,[""00"",[1,0]],[""03"",[8,10]]]","[0,[""task_0002"",""00"",""allocator""],[""task_0006"",""03"",""allocator""]]","[0,[""task_0002"",""00"",""allocator""],[""task_0006"",""03"",""allocator""]]","[56,[""03"",""(11, 15)->(12, 15)""],null]","[6,[""task_0013"",""02""],null]",allocator_goal,0,0,25.26808105507365,10231,5087,5052,true,raw unified event/message log and repeated owner history were not retained; comparison uses normalized goal/first-assignment/movement/completion sequences and ignores duration-only timestamp shifts
CZ__medium__count_b4__trace_0039,causal_failed_vs_exact_zero,CBAA,medium,trace_0039,count_b4,zero_compute,count_b4,causal,count_b4,"[0,[""00"",[2,3]],[""03"",[1,18]]]","[0,[""task_0003"",""00"",""allocator""],[""task_0006"",""03"",""allocator""]]","[0,[""task_0003"",""00"",""allocator""],[""task_0006"",""03"",""allocator""]]","[62,[""02"",""(10, 7)->(11, 7)""],null]","[10,[""task_0004"",""01""],null]",allocator_goal,0,0,28.16957379368243,10774,5349,5307,true,raw unified event/message log and repeated owner history were not retained; comparison uses normalized goal/first-assignment/movement/completion sequences and ignores duration-only timestamp shifts
CZ__medium__count_b8__trace_0039,causal_failed_vs_exact_zero,CBAA,medium,trace_0039,count_b8,zero_compute,count_b8,causal,count_b8,"[0,[""00"",[2,3]],[""03"",[1,18]]]","[0,[""task_0003"",""00"",""allocator""],[""task_0006"",""03"",""allocator""]]","[0,[""task_0003"",""00"",""allocator""],[""task_0006"",""03"",""allocator""]]","[62,[""02"",""(10, 7)->(11, 7)""],null]","[10,[""task_0004"",""01""],null]",allocator_goal,0,0,28.169326793682433,11163,5542,5503,true,raw unified event/message log and repeated owner history were not retained; comparison uses normalized goal/first-assignment/movement/completion sequences and ignores duration-only timestamp shifts
CZ__medium__bounded_b4_w5__trace_0039,causal_failed_vs_exact_zero,CBAA,medium,trace_0039,bounded_b4_w5,zero_compute,bounded_b4_w5,causal,bounded_b4_w5,"[0,[""00"",[2,3]],[""03"",[1,18]]]","[0,[""task_0003"",""00"",""allocator""],[""task_0006"",""03"",""allocator""]]","[0,[""task_0003"",""00"",""allocator""],[""task_0006"",""03"",""allocator""]]","[62,[""02"",""(10, 7)->(11, 7)""],null]","[10,[""task_0004"",""01""],null]",allocator_goal,0,0,28.16940279368243,11168,5546,5504,true,raw unified event/message log and repeated owner history were not retained; comparison uses normalized goal/first-assignment/movement/completion sequences and ignores duration-only timestamp shifts
CZ__medium__count_b4__trace_0043,causal_failed_vs_exact_zero,CBAA,medium,trace_0043,count_b4,zero_compute,count_b4,causal,count_b4,"[0,[""00"",[4,9]],[""03"",[2,15]]]","[0,[""task_0003"",""00"",""allocator""],[""task_0006"",""03"",""allocator""]]","[0,[""task_0003"",""00"",""allocator""],[""task_0006"",""03"",""allocator""]]","[87,[""00"",""(11, 6)->(10, 6)""],[""01"",""(12, 7)->(13, 7)""]]","[14,[""task_0021"",""00""],[""task_0020"",""00""]]",allocator_goal,0,0,50.00615318261342,11255,5565,5514,true,raw unified event/message log and repeated owner history were not retained; comparison uses normalized goal/first-assignment/movement/completion sequences and ignores duration-only timestamp shifts
CZ__medium__count_b8__trace_0043,causal_failed_vs_exact_zero,CBAA,medium,trace_0043,count_b8,zero_compute,count_b8,causal,count_b8,"[0,[""00"",[4,9]],[""03"",[2,15]]]","[0,[""task_0003"",""00"",""allocator""],[""task_0006"",""03"",""allocator""]]","[0,[""task_0003"",""00"",""allocator""],[""task_0006"",""03"",""allocator""]]","[87,[""00"",""(11, 6)->(10, 6)""],[""01"",""(12, 7)->(13, 7)""]]","[14,[""task_0021"",""00""],[""task_0020"",""00""]]",allocator_goal,0,0,50.00670618261343,11253,5564,5513,true,raw unified event/message log and repeated owner history were not retained; comparison uses normalized goal/first-assignment/movement/completion sequences and ignores duration-only timestamp shifts
CZ__medium__count_b4__trace_0044,causal_failed_vs_exact_zero,CBAA,medium,trace_0044,count_b4,zero_compute,count_b4,causal,count_b4,"[0,[""00"",[1,6]],[""03"",[9,15]]]","[0,[""task_0003"",""00"",""allocator""],[""task_0001"",""03"",""allocator""]]","[0,[""task_0003"",""00"",""allocator""],[""task_0001"",""03"",""allocator""]]","[49,[""03"",""(9, 15)->(8, 15)""],[""03"",""(9, 15)->(10, 15)""]]","[8,[""task_0014"",""03""],[""task_0014"",""02""]]",allocator_goal,0,0,72.03279535872193,10651,5243,5150,true,raw unified event/message log and repeated owner history were not retained; comparison uses normalized goal/first-assignment/movement/completion sequences and ignores duration-only timestamp shifts
CZ__medium__count_b8__trace_0044,causal_failed_vs_exact_zero,CBAA,medium,trace_0044,count_b8,zero_compute,count_b8,causal,count_b8,"[0,[""00"",[1,6]],[""03"",[9,15]]]","[0,[""task_0003"",""00"",""allocator""],[""task_0001"",""03"",""allocator""]]","[0,[""task_0003"",""00"",""allocator""],[""task_0001"",""03"",""allocator""]]","[49,[""03"",""(9, 15)->(8, 15)""],[""03"",""(9, 15)->(10, 15)""]]","[8,[""task_0014"",""03""],[""task_0014"",""02""]]",allocator_goal,0,0,72.0319593587219,10592,5213,5121,true,raw unified event/message log and repeated owner history were not retained; comparison uses normalized goal/first-assignment/movement/completion sequences and ignores duration-only timestamp shifts
CZ__medium__eager_b1__trace_0046,causal_failed_vs_exact_zero,CBAA,medium,trace_0046,eager_b1,zero_compute,eager_b1,causal,eager_b1,"[0,[""00"",[5,3]],[""03"",[7,14]]]","[0,[""task_0006"",""00"",""allocator""],[""task_0005"",""03"",""allocator""]]","[0,[""task_0006"",""00"",""allocator""],[""task_0005"",""03"",""allocator""]]","[44,[""00"",""(8, 3)->(9, 3)""],[""02"",""(7, 12)->(7, 13)""]]","[14,[""task_0020"",""03""],null]",allocator_goal,0,0,53.00278437574577,14899,7401,7322,true,raw unified event/message log and repeated owner history were not retained; comparison uses normalized goal/first-assignment/movement/completion sequences and ignores duration-only timestamp shifts
PC__medium__count_b4__trace_0046,failed_eager_vs_completed_coalesced,CBAA,medium,trace_0046,eager_b1,causal,count_b4,causal,eager_b1,"[5,[""01"",[7,6]],[""03"",[3,10]]]","[4,[""task_0007"",""01"",""allocator""],[""task_0009"",""03"",""allocator""]]","[4,[""task_0007"",""01"",""allocator""],[""task_0009"",""03"",""allocator""]]","[13,[""02"",""(3, 12)->(4, 12)""],[""03"",""(3, 18)->(4, 18)""]]","[1,[""task_0007"",""01""],[""task_0009"",""02""]]",task_completion,1,1,53.00278437574577,14899,7401,7322,true,raw unified event/message log and repeated owner history were not retained; comparison uses normalized goal/first-assignment/movement/completion sequences and ignores duration-only timestamp shifts
PC__medium__bounded_b4_w5__trace_0046,failed_eager_vs_completed_coalesced,CBAA,medium,trace_0046,eager_b1,causal,bounded_b4_w5,causal,eager_b1,"[5,[""01"",[7,6]],[""03"",[3,10]]]","[4,[""task_0007"",""01"",""allocator""],[""task_0009"",""03"",""allocator""]]","[4,[""task_0007"",""01"",""allocator""],[""task_0009"",""03"",""allocator""]]","[13,[""02"",""(3, 12)->(4, 12)""],[""03"",""(3, 18)->(4, 18)""]]","[1,[""task_0007"",""01""],[""task_0009"",""02""]]",task_completion,1,1,53.00278437574577,14899,7401,7322,true,raw unified event/message log and repeated owner history were not retained; comparison uses normalized goal/first-assignment/movement/completion sequences and ignores duration-only timestamp shifts
CZ__medium__eager_b1__trace_0047,causal_failed_vs_exact_zero,CBAA,medium,trace_0047,eager_b1,zero_compute,eager_b1,causal,eager_b1,"[0,[""00"",[2,0]],[""03"",[1,14]]]","[0,[""task_0001"",""00"",""allocator""],[""task_0007"",""03"",""allocator""]]","[0,[""task_0001"",""00"",""allocator""],[""task_0007"",""03"",""allocator""]]","[24,[""01"",""(4, 8)->(5, 8)""],[""02"",""(4, 14)->(5, 14)""]]","[16,[""task_0019"",""01""],[""task_0012"",""00""]]",allocator_goal,0,0,137.35774803400002,10978,5406,5153,true,raw unified event/message log and repeated owner history were not retained; comparison uses normalized goal/first-assignment/movement/completion sequences and ignores duration-only timestamp shifts
PC__medium__count_b4__trace_0047,failed_eager_vs_completed_coalesced,CBAA,medium,trace_0047,eager_b1,causal,count_b4,causal,eager_b1,"[6,[""01"",[13,8]],[""01"",[2,0]]]","[3,[""task_0005"",""01"",""allocator""],[""task_0010"",""00"",""allocator""]]","[3,[""task_0005"",""01"",""allocator""],[""task_0010"",""00"",""allocator""]]","[6,[""03"",""(1, 18)->(2, 18)""],[""02"",""(1, 12)->(1, 13)""]]","[3,[""task_0008"",""02""],[""task_0008"",""03""]]",task_assignment,3,3,137.35774803400002,10975,5404,5153,true,raw unified event/message log and repeated owner history were not retained; comparison uses normalized goal/first-assignment/movement/completion sequences and ignores duration-only timestamp shifts
PC__medium__bounded_b4_w5__trace_0047,failed_eager_vs_completed_coalesced,CBAA,medium,trace_0047,eager_b1,causal,bounded_b4_w5,causal,eager_b1,"[6,[""01"",[13,8]],[""01"",[2,0]]]","[3,[""task_0005"",""01"",""allocator""],[""task_0010"",""00"",""allocator""]]","[3,[""task_0005"",""01"",""allocator""],[""task_0010"",""00"",""allocator""]]","[6,[""03"",""(1, 18)->(2, 18)""],[""02"",""(1, 12)->(1, 13)""]]","[3,[""task_0008"",""02""],[""task_0008"",""03""]]",task_assignment,3,3,137.35774803400002,10975,5404,5153,true,raw unified event/message log and repeated owner history were not retained; comparison uses normalized goal/first-assignment/movement/completion sequences and ignores duration-only timestamp shifts
CZ__high__eager_b1__trace_0004,causal_failed_vs_exact_zero,CBAA,high,trace_0004,eager_b1,zero_compute,eager_b1,causal,eager_b1,"[0,[""00"",[14,0]],[""03"",[4,18]]]","[0,[""task_0006"",""00"",""allocator""],[""task_0001"",""03"",""allocator""]]","[0,[""task_0006"",""00"",""allocator""],[""task_0001"",""03"",""allocator""]]","[86,[""01"",""(10, 11)->(10, 10)""],null]","[22,[""task_0046"",""00""],null]",allocator_goal,0,0,39.54830292119703,10647,5283,5144,true,raw unified event/message log and repeated owner history were not retained; comparison uses normalized goal/first-assignment/movement/completion sequences and ignores duration-only timestamp shifts
PC__high__count_b4__trace_0004,failed_eager_vs_completed_coalesced,CBAA,high,trace_0004,eager_b1,causal,count_b4,causal,eager_b1,"[0,[""02"",[2,13]],[""03"",[4,18]]]","[0,[""task_0002"",""02"",""allocator""],[""task_0001"",""03"",""allocator""]]","[0,[""task_0002"",""02"",""allocator""],[""task_0001"",""03"",""allocator""]]","[9,[""01"",""(2, 6)->(3, 6)""],[""01"",""(2, 6)->(2, 7)""]]","[3,[""task_0003"",""01""],[""task_0009"",""00""]]",allocator_goal,0,0,39.54830292119703,10647,5283,5144,true,raw unified event/message log and repeated owner history were not retained; comparison uses normalized goal/first-assignment/movement/completion sequences and ignores duration-only timestamp shifts
PC__high__bounded_b4_w5__trace_0004,failed_eager_vs_completed_coalesced,CBAA,high,trace_0004,eager_b1,causal,bounded_b4_w5,causal,eager_b1,"[5,[""03"",[4,18]],[""01"",[2,13]]]","[4,[""task_0005"",""02"",""allocator""],[""task_0009"",""00"",""allocator""]]","[4,[""task_0005"",""02"",""allocator""],[""task_0009"",""00"",""allocator""]]","[9,[""01"",""(2, 6)->(3, 6)""],[""01"",""(2, 6)->(2, 7)""]]","[3,[""task_0003"",""01""],[""task_0009"",""00""]]",task_completion,3,3,39.54830292119703,10645,5282,5144,true,raw unified event/message log and repeated owner history were not retained; comparison uses normalized goal/first-assignment/movement/completion sequences and ignores duration-only timestamp shifts
CZ__high__count_b2__trace_0004,causal_failed_vs_exact_zero,CBAA,high,trace_0004,count_b2,zero_compute,count_b2,causal,count_b2,"[0,[""00"",[14,0]],[""03"",[4,18]]]","[0,[""task_0006"",""00"",""allocator""],[""task_0001"",""03"",""allocator""]]","[0,[""task_0006"",""00"",""allocator""],[""task_0001"",""03"",""allocator""]]","[86,[""01"",""(10, 11)->(10, 10)""],null]","[22,[""task_0048"",""01""],null]",allocator_goal,0,0,39.43315465519702,9998,4933,4845,true,raw unified event/message log and repeated owner history were not retained; comparison uses normalized goal/first-assignment/movement/completion sequences and ignores duration-only timestamp shifts
CZ__high__eager_b1__trace_0019,causal_failed_vs_exact_zero,CBAA,high,trace_0019,eager_b1,zero_compute,eager_b1,causal,eager_b1,"[0,[""00"",[2,6]],[""03"",[1,16]]]","[0,[""task_0007"",""00"",""allocator""],[""task_0001"",""03"",""allocator""]]","[0,[""task_0007"",""00"",""allocator""],[""task_0001"",""03"",""allocator""]]","[43,[""01"",""(7, 5)->(8, 5)""],null]","[7,[""task_0030"",""01""],null]",allocator_goal,0,0,19.666762124999988,10977,5476,5377,true,raw unified event/message log and repeated owner history were not retained; comparison uses normalized goal/first-assignment/movement/completion sequences and ignores duration-only timestamp shifts
PC__high__count_b4__trace_0019,failed_eager_vs_completed_coalesced,CBAA,high,trace_0019,eager_b1,causal,count_b4,causal,eager_b1,"[4,[""00"",[9,4]],[""03"",[1,16]]]","[6,[""task_0015"",""03"",""allocator""],[""task_0017"",""03"",""allocator""]]","[6,[""task_0015"",""03"",""allocator""],[""task_0017"",""03"",""allocator""]]","[0,[""01"",""(0, 6)->(1, 6)""],[""02"",""(0, 12)->(0, 11)""]]","[7,[""task_0030"",""01""],null]",movement_edge,0,0,19.666762124999988,10977,5476,5377,true,raw unified event/message log and repeated owner history were not retained; comparison uses normalized goal/first-assignment/movement/completion sequences and ignores duration-only timestamp shifts
PC__high__bounded_b4_w5__trace_0019,failed_eager_vs_completed_coalesced,CBAA,high,trace_0019,eager_b1,causal,bounded_b4_w5,causal,eager_b1,"[4,[""00"",[9,4]],[""03"",[1,16]]]","[6,[""task_0015"",""03"",""allocator""],[""task_0017"",""03"",""allocator""]]","[6,[""task_0015"",""03"",""allocator""],[""task_0017"",""03"",""allocator""]]","[0,[""01"",""(0, 6)->(1, 6)""],[""02"",""(0, 12)->(0, 11)""]]","[7,[""task_0030"",""01""],null]",movement_edge,0,0,19.666762124999988,10977,5476,5377,true,raw unified event/message log and repeated owner history were not retained; comparison uses normalized goal/first-assignment/movement/completion sequences and ignores duration-only timestamp shifts
CZ__high__count_b2__trace_0025,causal_failed_vs_exact_zero,CBAA,high,trace_0025,count_b2,zero_compute,count_b2,causal,count_b2,"[0,[""00"",[0,2]],[""03"",[3,16]]]","[0,[""task_0008"",""00"",""allocator""],[""task_0001"",""03"",""allocator""]]","[0,[""task_0008"",""00"",""allocator""],[""task_0001"",""03"",""allocator""]]","[28,[""02"",""(3, 8)->(3, 7)""],null]","[3,[""task_0012"",""02""],null]",allocator_goal,0,0,13.417560919320094,13721,6842,6805,true,raw unified event/message log and repeated owner history were not retained; comparison uses normalized goal/first-assignment/movement/completion sequences and ignores duration-only timestamp shifts
CZ__high__eager_b1__trace_0033,causal_failed_vs_exact_zero,CBAA,high,trace_0033,eager_b1,zero_compute,eager_b1,causal,eager_b1,"[0,[""00"",[1,7]],[""03"",[1,7]]]","[0,[""task_0007"",""00"",""allocator""],[""task_0007"",""03"",""allocator""]]","[0,[""task_0007"",""00"",""allocator""],[""task_0007"",""03"",""allocator""]]","[17,[""03"",""(3, 17)->(2, 17)""],null]","[3,[""task_0014"",""03""],null]",allocator_goal,0,0,8.609825752883598,10849,5414,5374,true,raw unified event/message log and repeated owner history were not retained; comparison uses normalized goal/first-assignment/movement/completion sequences and ignores duration-only timestamp shifts
CZ__high__count_b4__trace_0033,causal_failed_vs_exact_zero,CBAA,high,trace_0033,count_b4,zero_compute,count_b4,causal,count_b4,"[0,[""00"",[1,7]],[""03"",[1,7]]]","[0,[""task_0007"",""00"",""allocator""],[""task_0007"",""03"",""allocator""]]","[0,[""task_0007"",""00"",""allocator""],[""task_0007"",""03"",""allocator""]]","[16,[""03"",""(4, 18)->(4, 17)""],null]","[3,[""task_0020"",""01""],null]",allocator_goal,0,0,8.140203775999728,16029,8000,7973,true,raw unified event/message log and repeated owner history were not retained; comparison uses normalized goal/first-assignment/movement/completion sequences and ignores duration-only timestamp shifts
CZ__high__bounded_b4_w5__trace_0033,causal_failed_vs_exact_zero,CBAA,high,trace_0033,bounded_b4_w5,zero_compute,bounded_b4_w5,causal,bounded_b4_w5,"[0,[""00"",[1,7]],[""03"",[1,7]]]","[0,[""task_0007"",""00"",""allocator""],[""task_0007"",""03"",""allocator""]]","[0,[""task_0007"",""00"",""allocator""],[""task_0007"",""03"",""allocator""]]","[16,[""03"",""(4, 18)->(4, 17)""],null]","[3,[""task_0020"",""01""],null]",allocator_goal,0,0,8.140140775999821,16703,8337,8310,true,raw unified event/message log and repeated owner history were not retained; comparison uses normalized goal/first-assignment/movement/completion sequences and ignores duration-only timestamp shifts
CZ__high__eager_b1__trace_0049,causal_failed_vs_exact_zero,CBAA,high,trace_0049,eager_b1,zero_compute,eager_b1,causal,eager_b1,"[0,[""00"",[0,8]],[""03"",[1,16]]]","[0,[""task_0001"",""00"",""allocator""],[""task_0006"",""03"",""allocator""]]","[0,[""task_0001"",""00"",""allocator""],[""task_0006"",""03"",""allocator""]]","[34,[""02"",""(3, 11)->(4, 11)""],null]","[9,[""task_0003"",""02""],null]",allocator_goal,0,0,15.941146438999992,10159,5065,4996,true,raw unified event/message log and repeated owner history were not retained; comparison uses normalized goal/first-assignment/movement/completion sequences and ignores duration-only timestamp shifts
PC__high__count_b4__trace_0049,failed_eager_vs_completed_coalesced,CBAA,high,trace_0049,eager_b1,causal,count_b4,causal,eager_b1,"[6,[""01"",[4,11]],[""03"",[1,16]]]","[5,[""task_0013"",""01"",""physical_service_fallback""],[""task_0013"",""02"",""physical_service_fallback""]]","[5,[""task_0013"",""01"",""physical_service_fallback""],[""task_0013"",""02"",""physical_service_fallback""]]","[4,[""00"",""(0, 1)->(0, 2)""],[""02"",""(0, 11)->(0, 10)""]]","[1,[""task_0013"",""01""],[""task_0013"",""02""]]",task_completion,1,1,15.941146438999992,10159,5065,4996,true,raw unified event/message log and repeated owner history were not retained; comparison uses normalized goal/first-assignment/movement/completion sequences and ignores duration-only timestamp shifts
PC__high__bounded_b4_w5__trace_0049,failed_eager_vs_completed_coalesced,CBAA,high,trace_0049,eager_b1,causal,bounded_b4_w5,causal,eager_b1,"[1,[""01"",[0,8]],[""02"",[0,8]]]","[1,[""task_0001"",""01"",""allocator""],[""task_0001"",""02"",""allocator""]]","[1,[""task_0001"",""01"",""allocator""],[""task_0001"",""02"",""allocator""]]","[4,[""00"",""(0, 1)->(0, 2)""],[""02"",""(0, 11)->(0, 10)""]]","[1,[""task_0013"",""01""],[""task_0013"",""02""]]",allocator_goal,1,1,15.941146438999992,10159,5065,4996,true,raw unified event/message log and repeated owner history were not retained; comparison uses normalized goal/first-assignment/movement/completion sequences and ignores duration-only timestamp shifts
