dataset,provider,algorithm,arrival_load,policy_id,planned_trial_count,retained_trial_count,completed_count,algorithmic_noncompletion_count,unique_trace_count,unique_board_count,raw_call_file_coverage,raw_epoch_file_coverage,raw_task_file_coverage,raw_movement_file_coverage,same_provider_eager_reference_available_count,same_provider_eager_reference_available_for_all,balanced_96_trial_hardware_core_cell,eight_case_bounded_hardware_cell,limited_replication_warning
causal,agx_host_proxy,CBAA,low,eager_b1,46,46,42,4,46,0,46,46,46,46,46,true,false,false,
causal,agx_host_proxy,CBAA,low,count_b2,50,50,49,1,50,0,50,50,50,50,46,false,false,false,
causal,agx_host_proxy,CBAA,low,count_b4,46,46,46,0,46,0,46,46,46,46,46,true,false,false,
causal,agx_host_proxy,CBAA,low,count_b8,50,50,49,1,50,0,50,50,50,50,46,false,false,false,
causal,agx_host_proxy,CBAA,low,bounded_b4_w5,49,49,49,0,49,0,49,49,49,49,46,false,false,false,
causal,agx_host_proxy,CBAA,medium,eager_b1,46,46,41,5,46,0,46,46,46,46,46,true,false,false,
causal,agx_host_proxy,CBAA,medium,count_b2,50,50,47,3,50,0,50,50,50,50,46,false,false,false,
causal,agx_host_proxy,CBAA,medium,count_b4,46,46,43,3,46,0,46,46,46,46,46,true,false,false,
causal,agx_host_proxy,CBAA,medium,count_b8,50,50,46,4,50,0,50,50,50,50,46,false,false,false,
causal,agx_host_proxy,CBAA,medium,bounded_b4_w5,49,49,46,3,49,0,49,49,49,49,46,false,false,false,
causal,agx_host_proxy,CBAA,high,eager_b1,46,46,42,4,46,0,46,46,46,46,46,true,false,false,
causal,agx_host_proxy,CBAA,high,count_b2,50,50,48,2,50,0,50,50,50,50,46,false,false,false,
causal,agx_host_proxy,CBAA,high,count_b4,46,46,45,1,46,0,46,46,46,46,46,true,false,false,
causal,agx_host_proxy,CBAA,high,count_b8,50,50,50,0,50,0,50,50,50,50,46,false,false,false,
causal,agx_host_proxy,CBAA,high,bounded_b4_w5,50,50,49,1,50,0,50,50,50,50,46,false,false,false,
causal,agx_host_proxy,ACBBA,low,eager_b1,46,46,46,0,46,0,46,46,46,46,46,true,false,false,
causal,agx_host_proxy,ACBBA,low,count_b2,50,50,50,0,50,0,50,50,50,50,46,false,false,false,
causal,agx_host_proxy,ACBBA,low,count_b4,46,46,46,0,46,0,46,46,46,46,46,true,false,false,
causal,agx_host_proxy,ACBBA,low,count_b8,50,50,50,0,50,0,50,50,50,50,46,false,false,false,
causal,agx_host_proxy,ACBBA,low,bounded_b4_w5,49,49,49,0,49,0,49,49,49,49,46,false,false,false,
causal,agx_host_proxy,ACBBA,medium,eager_b1,46,46,46,0,46,0,46,46,46,46,46,true,false,false,
causal,agx_host_proxy,ACBBA,medium,count_b2,50,50,50,0,50,0,50,50,50,50,46,false,false,false,
causal,agx_host_proxy,ACBBA,medium,count_b4,46,46,46,0,46,0,46,46,46,46,46,true,false,false,
causal,agx_host_proxy,ACBBA,medium,count_b8,50,50,50,0,50,0,50,50,50,50,46,false,false,false,
causal,agx_host_proxy,ACBBA,medium,bounded_b4_w5,49,49,49,0,49,0,49,49,49,49,46,false,false,false,
causal,agx_host_proxy,ACBBA,high,eager_b1,46,46,46,0,46,0,46,46,46,46,46,true,false,false,
causal,agx_host_proxy,ACBBA,high,count_b2,50,50,50,0,50,0,50,50,50,50,46,false,false,false,
causal,agx_host_proxy,ACBBA,high,count_b4,46,46,46,0,46,0,46,46,46,46,46,true,false,false,
causal,agx_host_proxy,ACBBA,high,count_b8,50,50,50,0,50,0,50,50,50,50,46,false,false,false,
causal,agx_host_proxy,ACBBA,high,bounded_b4_w5,50,50,50,0,50,0,50,50,50,50,46,false,false,false,
causal,agx_host_proxy,PI,low,eager_b1,46,46,46,0,46,0,46,46,46,46,46,true,false,false,
causal,agx_host_proxy,PI,low,count_b2,50,50,50,0,50,0,50,50,50,50,46,false,false,false,
causal,agx_host_proxy,PI,low,count_b4,46,46,46,0,46,0,46,46,46,46,46,true,false,false,
causal,agx_host_proxy,PI,low,count_b8,50,50,50,0,50,0,50,50,50,50,46,false,false,false,
causal,agx_host_proxy,PI,low,bounded_b4_w5,49,49,49,0,49,0,49,49,49,49,46,false,false,false,
causal,agx_host_proxy,PI,medium,eager_b1,46,46,46,0,46,0,46,46,46,46,46,true,false,false,
causal,agx_host_proxy,PI,medium,count_b2,50,50,50,0,50,0,50,50,50,50,46,false,false,false,
causal,agx_host_proxy,PI,medium,count_b4,46,46,46,0,46,0,46,46,46,46,46,true,false,false,
causal,agx_host_proxy,PI,medium,count_b8,50,50,50,0,50,0,50,50,50,50,46,false,false,false,
causal,agx_host_proxy,PI,medium,bounded_b4_w5,49,49,49,0,49,0,49,49,49,49,46,false,false,false,
causal,agx_host_proxy,PI,high,eager_b1,46,46,46,0,46,0,46,46,46,46,46,true,false,false,
causal,agx_host_proxy,PI,high,count_b2,50,50,50,0,50,0,50,50,50,50,46,false,false,false,
causal,agx_host_proxy,PI,high,count_b4,46,46,46,0,46,0,46,46,46,46,46,true,false,false,
causal,agx_host_proxy,PI,high,count_b8,50,50,50,0,50,0,50,50,50,50,46,false,false,false,
causal,agx_host_proxy,PI,high,bounded_b4_w5,50,50,50,0,50,0,50,50,50,50,46,false,false,false,
causal,agx_host_proxy,HIPC,low,eager_b1,46,46,46,0,46,0,46,46,46,46,46,true,false,false,
causal,agx_host_proxy,HIPC,low,count_b2,50,50,50,0,50,0,50,50,50,50,46,false,false,false,
causal,agx_host_proxy,HIPC,low,count_b4,46,46,46,0,46,0,46,46,46,46,46,true,false,false,
causal,agx_host_proxy,HIPC,low,count_b8,50,50,50,0,50,0,50,50,50,50,46,false,false,false,
causal,agx_host_proxy,HIPC,low,bounded_b4_w5,49,49,49,0,49,0,49,49,49,49,46,false,false,false,
causal,agx_host_proxy,HIPC,medium,eager_b1,46,46,46,0,46,0,46,46,46,46,46,true,false,false,
causal,agx_host_proxy,HIPC,medium,count_b2,50,50,50,0,50,0,50,50,50,50,46,false,false,false,
causal,agx_host_proxy,HIPC,medium,count_b4,46,46,46,0,46,0,46,46,46,46,46,true,false,false,
causal,agx_host_proxy,HIPC,medium,count_b8,50,50,50,0,50,0,50,50,50,50,46,false,false,false,
causal,agx_host_proxy,HIPC,medium,bounded_b4_w5,49,49,49,0,49,0,49,49,49,49,46,false,false,false,
causal,agx_host_proxy,HIPC,high,eager_b1,46,46,46,0,46,0,46,46,46,46,46,true,false,false,
causal,agx_host_proxy,HIPC,high,count_b2,50,50,50,0,50,0,50,50,50,50,46,false,false,false,
causal,agx_host_proxy,HIPC,high,count_b4,46,46,46,0,46,0,46,46,46,46,46,true,false,false,
causal,agx_host_proxy,HIPC,high,count_b8,50,50,50,0,50,0,50,50,50,50,46,false,false,false,
causal,agx_host_proxy,HIPC,high,bounded_b4_w5,50,50,50,0,50,0,50,50,50,50,46,false,false,false,
causal,rp2040_hardware,CBAA,low,eager_b1,4,4,4,0,4,3,4,4,4,4,4,true,true,false,"hardware rows use four unique core traces, not independent scenario replication"
causal,rp2040_hardware,CBAA,low,count_b4,4,4,4,0,4,3,4,4,4,4,4,true,true,false,"hardware rows use four unique core traces, not independent scenario replication"
causal,rp2040_hardware,CBAA,low,bounded_b4_w5,1,1,1,0,1,1,1,1,1,1,1,true,false,true,bounded hardware cell has one trace
causal,rp2040_hardware,CBAA,medium,eager_b1,4,4,4,0,4,3,4,4,4,4,4,true,true,false,"hardware rows use four unique core traces, not independent scenario replication"
causal,rp2040_hardware,CBAA,medium,count_b4,4,4,4,0,4,3,4,4,4,4,4,true,true,false,"hardware rows use four unique core traces, not independent scenario replication"
causal,rp2040_hardware,CBAA,medium,bounded_b4_w5,1,1,1,0,1,1,1,1,1,1,1,true,false,true,bounded hardware cell has one trace
causal,rp2040_hardware,CBAA,high,eager_b1,4,4,4,0,4,3,4,4,4,4,4,true,true,false,"hardware rows use four unique core traces, not independent scenario replication"
causal,rp2040_hardware,CBAA,high,count_b4,4,4,4,0,4,3,4,4,4,4,4,true,true,false,"hardware rows use four unique core traces, not independent scenario replication"
causal,rp2040_hardware,ACBBA,low,eager_b1,4,4,4,0,4,3,4,4,4,4,4,true,true,false,"hardware rows use four unique core traces, not independent scenario replication"
causal,rp2040_hardware,ACBBA,low,count_b4,4,4,4,0,4,3,4,4,4,4,4,true,true,false,"hardware rows use four unique core traces, not independent scenario replication"
causal,rp2040_hardware,ACBBA,low,bounded_b4_w5,1,1,1,0,1,1,1,1,1,1,1,true,false,true,bounded hardware cell has one trace
causal,rp2040_hardware,ACBBA,medium,eager_b1,4,4,4,0,4,3,4,4,4,4,4,true,true,false,"hardware rows use four unique core traces, not independent scenario replication"
causal,rp2040_hardware,ACBBA,medium,count_b4,4,4,4,0,4,3,4,4,4,4,4,true,true,false,"hardware rows use four unique core traces, not independent scenario replication"
causal,rp2040_hardware,ACBBA,medium,bounded_b4_w5,1,1,1,0,1,1,1,1,1,1,1,true,false,true,bounded hardware cell has one trace
causal,rp2040_hardware,ACBBA,high,eager_b1,4,4,4,0,4,3,4,4,4,4,4,true,true,false,"hardware rows use four unique core traces, not independent scenario replication"
causal,rp2040_hardware,ACBBA,high,count_b4,4,4,4,0,4,3,4,4,4,4,4,true,true,false,"hardware rows use four unique core traces, not independent scenario replication"
causal,rp2040_hardware,PI,low,eager_b1,4,4,4,0,4,3,4,4,4,4,4,true,true,false,"hardware rows use four unique core traces, not independent scenario replication"
causal,rp2040_hardware,PI,low,count_b4,4,4,4,0,4,3,4,4,4,4,4,true,true,false,"hardware rows use four unique core traces, not independent scenario replication"
causal,rp2040_hardware,PI,low,bounded_b4_w5,1,1,1,0,1,1,1,1,1,1,1,true,false,true,bounded hardware cell has one trace
causal,rp2040_hardware,PI,medium,eager_b1,4,4,4,0,4,3,4,4,4,4,4,true,true,false,"hardware rows use four unique core traces, not independent scenario replication"
causal,rp2040_hardware,PI,medium,count_b4,4,4,4,0,4,3,4,4,4,4,4,true,true,false,"hardware rows use four unique core traces, not independent scenario replication"
causal,rp2040_hardware,PI,medium,bounded_b4_w5,1,1,1,0,1,1,1,1,1,1,1,true,false,true,bounded hardware cell has one trace
causal,rp2040_hardware,PI,high,eager_b1,4,4,4,0,4,3,4,4,4,4,4,true,true,false,"hardware rows use four unique core traces, not independent scenario replication"
causal,rp2040_hardware,PI,high,count_b4,4,4,4,0,4,3,4,4,4,4,4,true,true,false,"hardware rows use four unique core traces, not independent scenario replication"
causal,rp2040_hardware,HIPC,low,eager_b1,4,4,4,0,4,3,4,4,4,4,4,true,true,false,"hardware rows use four unique core traces, not independent scenario replication"
causal,rp2040_hardware,HIPC,low,count_b4,4,4,4,0,4,3,4,4,4,4,4,true,true,false,"hardware rows use four unique core traces, not independent scenario replication"
causal,rp2040_hardware,HIPC,low,bounded_b4_w5,1,1,1,0,1,1,1,1,1,1,1,true,false,true,bounded hardware cell has one trace
causal,rp2040_hardware,HIPC,medium,eager_b1,4,4,4,0,4,3,4,4,4,4,4,true,true,false,"hardware rows use four unique core traces, not independent scenario replication"
causal,rp2040_hardware,HIPC,medium,count_b4,4,4,4,0,4,3,4,4,4,4,4,true,true,false,"hardware rows use four unique core traces, not independent scenario replication"
causal,rp2040_hardware,HIPC,medium,bounded_b4_w5,1,1,1,0,1,1,1,1,1,1,1,true,false,true,bounded hardware cell has one trace
causal,rp2040_hardware,HIPC,high,eager_b1,4,4,4,0,4,3,4,4,4,4,4,true,true,false,"hardware rows use four unique core traces, not independent scenario replication"
causal,rp2040_hardware,HIPC,high,count_b4,4,4,4,0,4,3,4,4,4,4,4,true,true,false,"hardware rows use four unique core traces, not independent scenario replication"
zero_compute,zero_compute,CBAA,low,eager_b1,50,50,50,0,50,0,50,50,50,50,50,true,false,false,
zero_compute,zero_compute,CBAA,low,count_b2,50,50,50,0,50,0,50,50,50,50,50,true,false,false,
zero_compute,zero_compute,CBAA,low,count_b4,50,50,50,0,50,0,50,50,50,50,50,true,false,false,
zero_compute,zero_compute,CBAA,low,count_b8,50,50,50,0,50,0,50,50,50,50,50,true,false,false,
zero_compute,zero_compute,CBAA,low,bounded_b4_w5,50,50,50,0,50,0,50,50,50,50,50,true,false,false,
zero_compute,zero_compute,CBAA,medium,eager_b1,50,50,50,0,50,0,50,50,50,50,50,true,false,false,
zero_compute,zero_compute,CBAA,medium,count_b2,50,50,50,0,50,0,50,50,50,50,50,true,false,false,
zero_compute,zero_compute,CBAA,medium,count_b4,50,50,50,0,50,0,50,50,50,50,50,true,false,false,
zero_compute,zero_compute,CBAA,medium,count_b8,50,50,50,0,50,0,50,50,50,50,50,true,false,false,
zero_compute,zero_compute,CBAA,medium,bounded_b4_w5,50,50,50,0,50,0,50,50,50,50,50,true,false,false,
zero_compute,zero_compute,CBAA,high,eager_b1,50,50,50,0,50,0,50,50,50,50,50,true,false,false,
zero_compute,zero_compute,CBAA,high,count_b2,50,50,50,0,50,0,50,50,50,50,50,true,false,false,
zero_compute,zero_compute,CBAA,high,count_b4,50,50,50,0,50,0,50,50,50,50,50,true,false,false,
zero_compute,zero_compute,CBAA,high,count_b8,50,50,50,0,50,0,50,50,50,50,50,true,false,false,
zero_compute,zero_compute,CBAA,high,bounded_b4_w5,50,50,50,0,50,0,50,50,50,50,50,true,false,false,
zero_compute,zero_compute,ACBBA,low,eager_b1,50,50,50,0,50,0,50,50,50,50,50,true,false,false,
zero_compute,zero_compute,ACBBA,low,count_b2,50,50,50,0,50,0,50,50,50,50,50,true,false,false,
zero_compute,zero_compute,ACBBA,low,count_b4,50,50,50,0,50,0,50,50,50,50,50,true,false,false,
zero_compute,zero_compute,ACBBA,low,count_b8,50,50,50,0,50,0,50,50,50,50,50,true,false,false,
zero_compute,zero_compute,ACBBA,low,bounded_b4_w5,50,50,50,0,50,0,50,50,50,50,50,true,false,false,
zero_compute,zero_compute,ACBBA,medium,eager_b1,50,50,50,0,50,0,50,50,50,50,50,true,false,false,
zero_compute,zero_compute,ACBBA,medium,count_b2,50,50,50,0,50,0,50,50,50,50,50,true,false,false,
zero_compute,zero_compute,ACBBA,medium,count_b4,50,50,50,0,50,0,50,50,50,50,50,true,false,false,
zero_compute,zero_compute,ACBBA,medium,count_b8,50,50,50,0,50,0,50,50,50,50,50,true,false,false,
zero_compute,zero_compute,ACBBA,medium,bounded_b4_w5,50,50,50,0,50,0,50,50,50,50,50,true,false,false,
zero_compute,zero_compute,ACBBA,high,eager_b1,50,50,50,0,50,0,50,50,50,50,50,true,false,false,
zero_compute,zero_compute,ACBBA,high,count_b2,50,50,50,0,50,0,50,50,50,50,50,true,false,false,
zero_compute,zero_compute,ACBBA,high,count_b4,50,50,50,0,50,0,50,50,50,50,50,true,false,false,
zero_compute,zero_compute,ACBBA,high,count_b8,50,50,50,0,50,0,50,50,50,50,50,true,false,false,
zero_compute,zero_compute,ACBBA,high,bounded_b4_w5,50,50,50,0,50,0,50,50,50,50,50,true,false,false,
zero_compute,zero_compute,PI,low,eager_b1,50,50,50,0,50,0,50,50,50,50,50,true,false,false,
zero_compute,zero_compute,PI,low,count_b2,50,50,50,0,50,0,50,50,50,50,50,true,false,false,
zero_compute,zero_compute,PI,low,count_b4,50,50,50,0,50,0,50,50,50,50,50,true,false,false,
zero_compute,zero_compute,PI,low,count_b8,50,50,50,0,50,0,50,50,50,50,50,true,false,false,
zero_compute,zero_compute,PI,low,bounded_b4_w5,50,50,50,0,50,0,50,50,50,50,50,true,false,false,
zero_compute,zero_compute,PI,medium,eager_b1,50,50,50,0,50,0,50,50,50,50,50,true,false,false,
zero_compute,zero_compute,PI,medium,count_b2,50,50,50,0,50,0,50,50,50,50,50,true,false,false,
zero_compute,zero_compute,PI,medium,count_b4,50,50,50,0,50,0,50,50,50,50,50,true,false,false,
zero_compute,zero_compute,PI,medium,count_b8,50,50,50,0,50,0,50,50,50,50,50,true,false,false,
zero_compute,zero_compute,PI,medium,bounded_b4_w5,50,50,50,0,50,0,50,50,50,50,50,true,false,false,
zero_compute,zero_compute,PI,high,eager_b1,50,50,50,0,50,0,50,50,50,50,50,true,false,false,
zero_compute,zero_compute,PI,high,count_b2,50,50,50,0,50,0,50,50,50,50,50,true,false,false,
zero_compute,zero_compute,PI,high,count_b4,50,50,50,0,50,0,50,50,50,50,50,true,false,false,
zero_compute,zero_compute,PI,high,count_b8,50,50,50,0,50,0,50,50,50,50,50,true,false,false,
zero_compute,zero_compute,PI,high,bounded_b4_w5,50,50,50,0,50,0,50,50,50,50,50,true,false,false,
zero_compute,zero_compute,HIPC,low,eager_b1,50,50,50,0,50,0,50,50,50,50,50,true,false,false,
zero_compute,zero_compute,HIPC,low,count_b2,50,50,50,0,50,0,50,50,50,50,50,true,false,false,
zero_compute,zero_compute,HIPC,low,count_b4,50,50,50,0,50,0,50,50,50,50,50,true,false,false,
zero_compute,zero_compute,HIPC,low,count_b8,50,50,50,0,50,0,50,50,50,50,50,true,false,false,
zero_compute,zero_compute,HIPC,low,bounded_b4_w5,50,50,50,0,50,0,50,50,50,50,50,true,false,false,
zero_compute,zero_compute,HIPC,medium,eager_b1,50,50,50,0,50,0,50,50,50,50,50,true,false,false,
zero_compute,zero_compute,HIPC,medium,count_b2,50,50,50,0,50,0,50,50,50,50,50,true,false,false,
zero_compute,zero_compute,HIPC,medium,count_b4,50,50,49,1,50,0,50,50,50,50,50,true,false,false,
zero_compute,zero_compute,HIPC,medium,count_b8,50,50,50,0,50,0,50,50,50,50,50,true,false,false,
zero_compute,zero_compute,HIPC,medium,bounded_b4_w5,50,50,50,0,50,0,50,50,50,50,50,true,false,false,
zero_compute,zero_compute,HIPC,high,eager_b1,50,50,50,0,50,0,50,50,50,50,50,true,false,false,
zero_compute,zero_compute,HIPC,high,count_b2,50,50,50,0,50,0,50,50,50,50,50,true,false,false,
zero_compute,zero_compute,HIPC,high,count_b4,50,50,50,0,50,0,50,50,50,50,50,true,false,false,
zero_compute,zero_compute,HIPC,high,count_b8,50,50,50,0,50,0,50,50,50,50,50,true,false,false,
zero_compute,zero_compute,HIPC,high,bounded_b4_w5,50,50,50,0,50,0,50,50,50,50,50,true,false,false,
arrival_verification,agx_host_proxy,CBAA,low,eager_b1,3,3,3,0,3,0,3,3,3,3,3,true,false,false,
arrival_verification,agx_host_proxy,CBAA,low,count_b4,3,3,3,0,3,0,3,3,3,3,3,true,false,false,
arrival_verification,agx_host_proxy,CBAA,medium,eager_b1,3,3,2,1,3,0,3,3,3,3,3,true,false,false,
arrival_verification,agx_host_proxy,CBAA,medium,count_b4,3,3,3,0,3,0,3,3,3,3,3,true,false,false,
arrival_verification,agx_host_proxy,CBAA,high,eager_b1,3,3,3,0,3,0,3,3,3,3,3,true,false,false,
arrival_verification,agx_host_proxy,CBAA,high,count_b4,3,3,3,0,3,0,3,3,3,3,3,true,false,false,
arrival_verification,agx_host_proxy,ACBBA,low,eager_b1,3,3,3,0,3,0,3,3,3,3,3,true,false,false,
arrival_verification,agx_host_proxy,ACBBA,low,count_b4,3,3,3,0,3,0,3,3,3,3,3,true,false,false,
arrival_verification,agx_host_proxy,ACBBA,medium,eager_b1,3,3,3,0,3,0,3,3,3,3,3,true,false,false,
arrival_verification,agx_host_proxy,ACBBA,medium,count_b4,3,3,3,0,3,0,3,3,3,3,3,true,false,false,
arrival_verification,agx_host_proxy,ACBBA,high,eager_b1,3,3,3,0,3,0,3,3,3,3,3,true,false,false,
arrival_verification,agx_host_proxy,ACBBA,high,count_b4,3,3,3,0,3,0,3,3,3,3,3,true,false,false,
arrival_verification,agx_host_proxy,PI,low,eager_b1,3,3,3,0,3,0,3,3,3,3,3,true,false,false,
arrival_verification,agx_host_proxy,PI,low,count_b4,3,3,3,0,3,0,3,3,3,3,3,true,false,false,
arrival_verification,agx_host_proxy,PI,medium,eager_b1,3,3,3,0,3,0,3,3,3,3,3,true,false,false,
arrival_verification,agx_host_proxy,PI,medium,count_b4,3,3,3,0,3,0,3,3,3,3,3,true,false,false,
arrival_verification,agx_host_proxy,PI,high,eager_b1,3,3,3,0,3,0,3,3,3,3,3,true,false,false,
arrival_verification,agx_host_proxy,PI,high,count_b4,3,3,3,0,3,0,3,3,3,3,3,true,false,false,
arrival_verification,agx_host_proxy,HIPC,low,eager_b1,3,3,3,0,3,0,3,3,3,3,3,true,false,false,
arrival_verification,agx_host_proxy,HIPC,low,count_b4,3,3,3,0,3,0,3,3,3,3,3,true,false,false,
arrival_verification,agx_host_proxy,HIPC,medium,eager_b1,3,3,3,0,3,0,3,3,3,3,3,true,false,false,
arrival_verification,agx_host_proxy,HIPC,medium,count_b4,3,3,3,0,3,0,3,3,3,3,3,true,false,false,
arrival_verification,agx_host_proxy,HIPC,high,eager_b1,3,3,3,0,3,0,3,3,3,3,3,true,false,false,
arrival_verification,agx_host_proxy,HIPC,high,count_b4,3,3,3,0,3,0,3,3,3,3,3,true,false,false,
timeout_verification,agx_host_proxy,CBAA,low,eager_b1,3,3,3,0,3,0,3,3,3,3,3,true,false,false,
timeout_verification,agx_host_proxy,CBAA,low,count_b4,3,3,3,0,3,0,3,3,3,3,3,true,false,false,
timeout_verification,agx_host_proxy,CBAA,low,bounded_b4_w5,3,3,3,0,3,0,3,3,3,3,3,true,false,false,
timeout_verification,agx_host_proxy,CBAA,medium,eager_b1,3,3,2,1,3,0,3,3,3,3,3,true,false,false,
timeout_verification,agx_host_proxy,CBAA,medium,count_b4,3,3,3,0,3,0,3,3,3,3,3,true,false,false,
timeout_verification,agx_host_proxy,CBAA,medium,bounded_b4_w5,3,3,3,0,3,0,3,3,3,3,3,true,false,false,
timeout_verification,agx_host_proxy,ACBBA,low,eager_b1,3,3,3,0,3,0,3,3,3,3,3,true,false,false,
timeout_verification,agx_host_proxy,ACBBA,low,count_b4,3,3,3,0,3,0,3,3,3,3,3,true,false,false,
timeout_verification,agx_host_proxy,ACBBA,low,bounded_b4_w5,3,3,3,0,3,0,3,3,3,3,3,true,false,false,
timeout_verification,agx_host_proxy,ACBBA,medium,eager_b1,3,3,3,0,3,0,3,3,3,3,3,true,false,false,
timeout_verification,agx_host_proxy,ACBBA,medium,count_b4,3,3,3,0,3,0,3,3,3,3,3,true,false,false,
timeout_verification,agx_host_proxy,ACBBA,medium,bounded_b4_w5,3,3,3,0,3,0,3,3,3,3,3,true,false,false,
timeout_verification,agx_host_proxy,PI,low,eager_b1,3,3,3,0,3,0,3,3,3,3,3,true,false,false,
timeout_verification,agx_host_proxy,PI,low,count_b4,3,3,3,0,3,0,3,3,3,3,3,true,false,false,
timeout_verification,agx_host_proxy,PI,low,bounded_b4_w5,3,3,3,0,3,0,3,3,3,3,3,true,false,false,
timeout_verification,agx_host_proxy,PI,medium,eager_b1,3,3,3,0,3,0,3,3,3,3,3,true,false,false,
timeout_verification,agx_host_proxy,PI,medium,count_b4,3,3,3,0,3,0,3,3,3,3,3,true,false,false,
timeout_verification,agx_host_proxy,PI,medium,bounded_b4_w5,3,3,3,0,3,0,3,3,3,3,3,true,false,false,
timeout_verification,agx_host_proxy,HIPC,low,eager_b1,3,3,3,0,3,0,3,3,3,3,3,true,false,false,
timeout_verification,agx_host_proxy,HIPC,low,count_b4,3,3,3,0,3,0,3,3,3,3,3,true,false,false,
timeout_verification,agx_host_proxy,HIPC,low,bounded_b4_w5,3,3,3,0,3,0,3,3,3,3,3,true,false,false,
timeout_verification,agx_host_proxy,HIPC,medium,eager_b1,3,3,3,0,3,0,3,3,3,3,3,true,false,false,
timeout_verification,agx_host_proxy,HIPC,medium,count_b4,3,3,3,0,3,0,3,3,3,3,3,true,false,false,
timeout_verification,agx_host_proxy,HIPC,medium,bounded_b4_w5,3,3,3,0,3,0,3,3,3,3,3,true,false,false,
