timing_arm,algorithm,arrival_load,policy_id,planned_trials,technical_completed,algorithmic_completed,algorithmic_incomplete
causal,ACBBA,high,bounded_b4_w10,50,50,38,12
causal,ACBBA,high,count_b2,50,50,42,8
causal,ACBBA,high,count_b4,50,50,40,10
causal,ACBBA,high,count_b8,50,50,33,17
causal,ACBBA,high,eager_b1,50,50,40,10
causal,ACBBA,low,bounded_b4_w10,50,50,50,0
causal,ACBBA,low,count_b2,50,50,50,0
causal,ACBBA,low,count_b4,50,50,50,0
causal,ACBBA,low,count_b8,50,50,50,0
causal,ACBBA,low,eager_b1,50,50,50,0
causal,ACBBA,medium,bounded_b4_w10,50,50,50,0
causal,ACBBA,medium,count_b2,50,50,50,0
causal,ACBBA,medium,count_b4,50,50,50,0
causal,ACBBA,medium,count_b8,50,50,48,2
causal,ACBBA,medium,eager_b1,50,50,50,0
causal,CBAA,high,bounded_b4_w10,50,50,50,0
causal,CBAA,high,count_b2,50,50,50,0
causal,CBAA,high,count_b4,50,50,50,0
causal,CBAA,high,count_b8,50,50,50,0
causal,CBAA,high,eager_b1,50,50,50,0
causal,CBAA,low,bounded_b4_w10,50,50,50,0
causal,CBAA,low,count_b2,50,50,50,0
causal,CBAA,low,count_b4,50,50,50,0
causal,CBAA,low,count_b8,50,50,50,0
causal,CBAA,low,eager_b1,50,50,50,0
causal,CBAA,medium,bounded_b4_w10,50,50,50,0
causal,CBAA,medium,count_b2,50,50,50,0
causal,CBAA,medium,count_b4,50,50,50,0
causal,CBAA,medium,count_b8,50,50,50,0
causal,CBAA,medium,eager_b1,50,50,50,0
causal,HIPC,high,bounded_b4_w10,50,50,50,0
causal,HIPC,high,count_b2,50,50,50,0
causal,HIPC,high,count_b4,50,50,50,0
causal,HIPC,high,count_b8,50,50,50,0
causal,HIPC,high,eager_b1,50,50,50,0
causal,HIPC,low,bounded_b4_w10,50,50,50,0
causal,HIPC,low,count_b2,50,50,50,0
causal,HIPC,low,count_b4,50,50,50,0
causal,HIPC,low,count_b8,50,50,49,1
causal,HIPC,low,eager_b1,50,50,50,0
causal,HIPC,medium,bounded_b4_w10,50,50,50,0
causal,HIPC,medium,count_b2,50,50,50,0
causal,HIPC,medium,count_b4,50,50,50,0
causal,HIPC,medium,count_b8,50,50,50,0
causal,HIPC,medium,eager_b1,50,50,50,0
causal,PI,high,bounded_b4_w10,50,50,50,0
causal,PI,high,count_b2,50,50,50,0
causal,PI,high,count_b4,50,50,50,0
causal,PI,high,count_b8,50,50,50,0
causal,PI,high,eager_b1,50,50,50,0
causal,PI,low,bounded_b4_w10,50,50,50,0
causal,PI,low,count_b2,50,50,50,0
causal,PI,low,count_b4,50,50,50,0
causal,PI,low,count_b8,50,50,50,0
causal,PI,low,eager_b1,50,50,50,0
causal,PI,medium,bounded_b4_w10,50,50,50,0
causal,PI,medium,count_b2,50,50,50,0
causal,PI,medium,count_b4,50,50,50,0
causal,PI,medium,count_b8,50,50,50,0
causal,PI,medium,eager_b1,50,50,50,0
zero_compute,ACBBA,high,bounded_b4_w10,50,50,50,0
zero_compute,ACBBA,high,count_b2,50,50,50,0
zero_compute,ACBBA,high,count_b4,50,50,50,0
zero_compute,ACBBA,high,count_b8,50,50,50,0
zero_compute,ACBBA,high,eager_b1,50,50,50,0
zero_compute,ACBBA,low,bounded_b4_w10,50,50,50,0
zero_compute,ACBBA,low,count_b2,50,50,50,0
zero_compute,ACBBA,low,count_b4,50,50,50,0
zero_compute,ACBBA,low,count_b8,50,50,50,0
zero_compute,ACBBA,low,eager_b1,50,50,50,0
zero_compute,ACBBA,medium,bounded_b4_w10,50,50,50,0
zero_compute,ACBBA,medium,count_b2,50,50,50,0
zero_compute,ACBBA,medium,count_b4,50,50,50,0
zero_compute,ACBBA,medium,count_b8,50,50,50,0
zero_compute,ACBBA,medium,eager_b1,50,50,50,0
zero_compute,CBAA,high,bounded_b4_w10,50,50,50,0
zero_compute,CBAA,high,count_b2,50,50,50,0
zero_compute,CBAA,high,count_b4,50,50,50,0
zero_compute,CBAA,high,count_b8,50,50,50,0
zero_compute,CBAA,high,eager_b1,50,50,50,0
zero_compute,CBAA,low,bounded_b4_w10,50,50,50,0
zero_compute,CBAA,low,count_b2,50,50,50,0
zero_compute,CBAA,low,count_b4,50,50,50,0
zero_compute,CBAA,low,count_b8,50,50,50,0
zero_compute,CBAA,low,eager_b1,50,50,50,0
zero_compute,CBAA,medium,bounded_b4_w10,50,50,50,0
zero_compute,CBAA,medium,count_b2,50,50,50,0
zero_compute,CBAA,medium,count_b4,50,50,50,0
zero_compute,CBAA,medium,count_b8,50,50,50,0
zero_compute,CBAA,medium,eager_b1,50,50,50,0
zero_compute,HIPC,high,bounded_b4_w10,50,50,50,0
zero_compute,HIPC,high,count_b2,50,50,50,0
zero_compute,HIPC,high,count_b4,50,50,50,0
zero_compute,HIPC,high,count_b8,50,50,50,0
zero_compute,HIPC,high,eager_b1,50,50,50,0
zero_compute,HIPC,low,bounded_b4_w10,50,50,50,0
zero_compute,HIPC,low,count_b2,50,50,50,0
zero_compute,HIPC,low,count_b4,50,50,50,0
zero_compute,HIPC,low,count_b8,50,50,50,0
zero_compute,HIPC,low,eager_b1,50,50,50,0
zero_compute,HIPC,medium,bounded_b4_w10,50,50,50,0
zero_compute,HIPC,medium,count_b2,50,50,50,0
zero_compute,HIPC,medium,count_b4,50,50,50,0
zero_compute,HIPC,medium,count_b8,50,50,50,0
zero_compute,HIPC,medium,eager_b1,50,50,50,0
zero_compute,PI,high,bounded_b4_w10,50,50,50,0
zero_compute,PI,high,count_b2,50,50,50,0
zero_compute,PI,high,count_b4,50,50,50,0
zero_compute,PI,high,count_b8,50,50,50,0
zero_compute,PI,high,eager_b1,50,50,50,0
zero_compute,PI,low,bounded_b4_w10,50,50,50,0
zero_compute,PI,low,count_b2,50,50,50,0
zero_compute,PI,low,count_b4,50,50,50,0
zero_compute,PI,low,count_b8,50,50,50,0
zero_compute,PI,low,eager_b1,50,50,50,0
zero_compute,PI,medium,bounded_b4_w10,50,50,50,0
zero_compute,PI,medium,count_b2,50,50,50,0
zero_compute,PI,medium,count_b4,50,50,50,0
zero_compute,PI,medium,count_b8,50,50,50,0
zero_compute,PI,medium,eager_b1,50,50,50,0
